href,title,article_text,date_published
https://www.banglatribune.com///www.banglatribune.com/educations/901006/%E0%A6%9C%E0%A7%81%E0%A6%B2%E0%A6%BE%E0%A6%87-%E0%A6%85%E0%A6%AD%E0%A7%8D%E0%A6%AF%E0%A7%81%E0%A6%A4%E0%A7%8D%E0%A6%A5%E0%A6%BE%E0%A6%A8%E0%A7%87-%E0%A6%86%E0%A6%B9%E0%A6%A4-%E0%A6%A8%E0%A6%BF%E0%A6%B9%E0%A6%A4%E0%A6%A6%E0%A7%87%E0%A6%B0-%E0%A6%AA%E0%A6%B0%E0%A6%BF%E0%A6%AC%E0%A6%BE%E0%A6%B0%E0%A7%87%E0%A6%B0-%E0%A6%9C%E0%A6%A8%E0%A7%8D%E0%A6%AF-%E0%A6%95%E0%A7%8B%E0%A6%9F%E0%A6%BE,জুলাই অভ্যুত্থানে আহত-নিহতদের পরিবারের জন্য কোটা নাকি ‘বিশেষ সুবিধা’?,"২০২৪ সালে সরকারি চাকরিতে কোটা প্রথা সংস্কারের দাবিতে শুরু হওয়া আন্দোলনই পরে ‍রূপ নিয়েছিল সরকার পতনের আন্দোলনে। জুলাই-আগস্ট মাসে ‘ছাত্র-জনতার’ সেই তীব্র আন্দোলনে পতন ঘটে আওয়ামী লীগ সরকারের। পরে সেই জুলাই অভ্যুত্থানে নিহত ও আহতদের পরিবারের সদস্যদের জন্য সরকারি মাধ্যমিক ও উচ্চমাধ্যমিক শিক্ষা প্রতিষ্ঠানে ভর্তিতে বিশেষ সুবিধা দেওয়া হয়েছে। এবার বিশ্ববিদ্যালয় পর্যায়েও একই ধরনের সুবিধা দেওয়া হচ্ছে। এরই মধ্যে ঢাকা বিশ্ববিদ্যালয় ২০২৪-২৫ শিক্ষাবর্ষে ভর্তির বিজ্ঞপ্তি প্রকাশ করেছে। পাশাপাশি, গত ২৯ মে থেকে শুরু হওয়া জিএসটি (জেনারেল, সায়েন্স অ্যান্ড টেকনোলজি) গুচ্ছভুক্ত ১৯টি পাবলিক বিশ্ববিদ্যালয়ের অনলাইন ভর্তি কার্যক্রমেও ওই ‘বিশেষ সুবিধার’ বিষয়টিও উল্লেখ করা হয়েছে। তবে এই ‘বিশেষ সুবিধা’ দেওয়া হচ্ছে অনলাইন ভর্তির ‘কোটা অপশনের’ অধীনে, যা নিয়ে সামাজিক যোগাযোগমাধ্যমে বিতর্ক সৃষ্টি হয়েছে। অনেকেই প্রশ্ন তুলেছেন, কোটাবিরোধী আন্দোলনের পর এখন আবার ‘কোটা’র সুবিধাই দেওয়া হচ্ছে আন্দোলনকারীদের পরিবারকে। এর আগে, স্কুল পর্যায়ে জুলাই-আগস্ট অভ্যুত্থানে নিহত ও আহতদের পরিবারের সন্তানদের সরকারি বিদ্যালয়ে ভর্তিতে কোটা নির্ধারণ করা হলেও পরে শিক্ষা মন্ত্রণালয় সেই সিদ্ধান্ত বাতিল করে। পরিবর্তে, প্রতি শ্রেণিতে একটি করে অতিরিক্ত আসন রাখার সিদ্ধান্ত নেওয়া হয়। সংশ্লিষ্ট সূত্রে জানা গেছে, গত ২২ মে উপদেষ্টা পরিষদ ‘জুলাই গণঅভ্যুত্থানে শহীদ পরিবার এবং আহত ছাত্র-জনতার কল্যাণ ও পুনর্বাসন অধ্যাদেশ, ২০২৫’-এর খসড়া চূড়ান্ত অনুমোদন দিয়েছে। এই অধ্যাদেশ অনুযায়ী, শহীদ ও আহতদের পরিবার কর্মসংস্থান, প্রশিক্ষণ, আবাসন সুবিধা, চিকিৎসাসেবা এবং আত্মকর্মসংস্থানের জন্য সহজ শর্তে ঋণ পাওয়ার সুযোগ পাবেন। এ বিষয়ে ফেসবুকে অনেকে মন্তব্য করছেন, ‘যারা কোটা ব্যবস্থার বিরুদ্ধে আন্দোলন করেছিলেন, এখন তাদের পরিবারকেই কোটা সুবিধা দেওয়া হচ্ছে।’ আবার অনেকেই বলছেন, ‘এটি কোটা নয়, বরং একবারের জন্য দেওয়া বিশেষ সুযোগ।’ জিএসটি গুচ্ছভুক্ত ভর্তি পরীক্ষার সমন্বয়ক ও মাওলানা ভাসানী বিজ্ঞান ও প্রযুক্তি বিশ্ববিদ্যালয়ের উপাচার্য অধ্যাপক ড. আনোয়ারুল আজীম আখন্দ বলেন, ‘সরকারি প্রজ্ঞাপন অনুযায়ী জুলাই অভ্যুত্থানে শহীদ ও আহতদের পরিবারের সদস্যরা এবারের ভর্তি কার্যক্রমে বিশেষ সুবিধা পাবেন। আমরা উপাচার্যদের সঙ্গে আলোচনার মাধ্যমে প্রজ্ঞাপনের ব্যাখ্যা অনুযায়ী সিদ্ধান্ত নেবো।’ সূত্রমতে, চলতি বছরের ২ মার্চ মাধ্যমিক ও উচ্চশিক্ষা অধিদফতর সরকারি স্কুল ও কলেজের প্রধান শিক্ষকদের চিঠি দিয়ে ভর্তিতে কোটা রাখার নির্দেশনা দেয়। তবে সমালোচনার মুখে পরদিনই তা সংশোধন করে প্রতি শ্রেণিতে একটি করে অতিরিক্ত আসন রাখার সিদ্ধান্ত নেওয়া হয়। ঢাকা বিশ্ববিদ্যালয়ের জনসংযোগ দফতরের পরিচালক (ভারপ্রাপ্ত) মো. রফিকুল ইসলামের পাঠানো ২৬ মে’র এক বিজ্ঞপ্তিতে জানানো হয়, গেজেটভুক্ত শহীদ ও তালিকাভুক্ত আহতদের পরিবারের সদস্যরা ২০২৪-২০২৫ শিক্ষাবর্ষে বিশ্ববিদ্যালয়ে প্রথম বর্ষ স্নাতক শ্রেণির ভর্তি পরীক্ষায় বিশেষ সুবিধা পাবেন। স্ত্রী, ছেলে-মেয়ে অগ্রাধিকার পাবে, তবে না থাকলে ভাই-বোনও এই সুবিধা পাবেন। এ সিদ্ধান্ত নেওয়া হয়েছে ডিনস কমিটির এক সভায়। এদিকে, গুচ্ছভুক্ত ১৯টি বিশ্ববিদ্যালয়ের ভর্তির আবেদন শুরু হয়েছে ২৯ মে। অনলাইন আবেদন প্রক্রিয়া চলবে ৫ জুন রাত ১১টা ৫৯ মিনিট পর্যন্ত। আবেদনকারীদের প্রত্যেকটি বিশ্ববিদ্যালয়ে নির্ধারিত শর্ত অনুযায়ী বিবেচনা করা হবে। সাধারণ আবেদন ফি ৫০০ টাকা এবং বিশেষায়িত বিষয় (চারুকলা, নাট্যকলা, ফিল্ম অ্যান্ড মিডিয়া, শারীরিক শিক্ষা ও ক্রীড়াবিজ্ঞান) পছন্দক্রমে অন্তর্ভুক্ত থাকলে অতিরিক্ত ৩০০ টাকা ফি দিতে হবে। কোটা অপশন ও বিশেষ সুবিধা ভর্তির অনলাইন আবেদন ফর্মে কোটা অপশনে ‘মুক্তিযোদ্ধা’, ‘ক্ষুদ্র নৃগোষ্ঠী বা উপজাতি’, ‘পোষ্য কোটা’, ‘বিকেএসপি বা খেলোয়াড়’, ‘হরিজন ও দলিত’ এবং ‘নন-ট্রাইবাল (পার্বত্য চট্টগ্রামের অস্থায়ী বাসিন্দা)’—এসব কোটা উল্লেখ থাকলেও জুলাই-আগস্ট অভ্যুত্থান সংশ্লিষ্ট সুবিধাটি ‘বিশেষ সুবিধা’ হিসেবে আলাদা করে উল্লেখ করা হয়েছে। নির্দেশিকার শেষাংশে বলা হয়, গেজেটভুক্ত শহীদ ও তালিকাভুক্ত আহতদের স্ত্রী-সন্তান এবং তাদের অবর্তমানে ভাই-বোন ২০২৪-২০২৫ শিক্ষাবর্ষে গুচ্ছভুক্ত বিশ্ববিদ্যালয়গুলোতে ভর্তির ক্ষেত্রে এককালীন বিশেষ সুবিধা পাবেন।",2025-05-30T22:00:00+06:00
https://www.banglatribune.com///www.banglatribune.com/country/901013/%E0%A6%AD%E0%A7%8B%E0%A6%B2%E0%A6%BE%E0%A7%9F-%E0%A6%98%E0%A6%B0%E0%A6%AC%E0%A6%BE%E0%A7%9C%E0%A6%BF%E0%A6%B0-%E0%A6%AC%E0%A7%8D%E0%A6%AF%E0%A6%BE%E0%A6%AA%E0%A6%95-%E0%A6%95%E0%A7%8D%E0%A6%B7%E0%A6%A4%E0%A6%BF-%E0%A6%AD%E0%A7%87%E0%A6%B8%E0%A7%87-%E0%A6%97%E0%A7%87%E0%A6%9B%E0%A7%87-%E0%A6%97%E0%A6%B0%E0%A7%81-%E0%A6%9B%E0%A6%BE%E0%A6%97%E0%A6%B2-%E0%A6%93,"ভোলায় ঘরবাড়ির ব্যাপক ক্ষতি, ভেসে গেছে গরু-ছাগল ও পুকুরের মাছ","বঙ্গোপসাগরে সৃষ্ট নিম্নচাপের প্রভাবে ভোলায় অস্বাভাবিকভাবে নদীর পানি বৃদ্ধি পেয়ে নিম্নাঞ্চল প্লাবিত হয়েছে। এতে চরফ্যাশন, মনপুরা ও তজুমদ্দিন উপজেলায় পাঁচ সহস্রাধিক ঘর-বাড়ি ক্ষতিগ্রস্ত হয়েছে। পানির তোড়ে ভেসে গেছে সহস্রাধিক গৃহপালিত প্রাণী। চরফ্যাশন ও মনপুরা উপজেলায় এখনও তিন থেকে চার হাজার পরিবার পানিবন্দি রয়েছে। এ ছাড়াও ভোলার লালমোহন ও তজুমদ্দিন উপজেলার দুই স্থান দিয়ে বেড়িবাঁধ ভেঙে লোকালয়ে পানি প্রবেশ করেছে। অপরদিকে, জোয়ারের পানিতে ২৩৪টি ঘের এবং দুই হাজার ৫৩৩টি পুকুরের মাছ ভেসে গেছে। এতে প্রায় ৪৭৮ লাখ টাকার ক্ষতি হয়েছে। খোঁজ নিয়ে জানা গেছে, ভোলার চরফ্যাশন উপজেলার সাগর মোহনার ঢালচর, চর কুকরি-মুকরি ও মুজিবনগর ইউনিয়ন সবচেয়ে বেশি ক্ষতিগ্রস্ত হয়েছে। ঢালচরের অধিকাংশ ঘরবাড়ি ক্ষতিগ্রস্ত হয়েছে। চর কুকরি-মুকরির চর পাতিলা এলাকা এবং মুজিবনগর ইউনিয়নের বেশ কিছু এলাকায় ব্যাপক ক্ষতি হয়। এ তিন ইউনিয়নে প্রায় ৭-৮ শতাধিক গরু-ছাগল পানিতে ভেসে গেছে। মনপুরা উপজেলার কলাতলির চরসহ বাঁধের বাইরের কয়েক হাজার পরিবার পানিবন্দি হয়ে পড়ে। এতে ৩ হাজার ৪০০ ঘরবাড়ি আংশিক ক্ষতিগ্রস্ত হয়েছে। বেশ কিছু গরু-ছাগল ভেসে গেছে। এখনও কিছু কিছু এলাকার মানুষ পানিবন্দি রয়েছে।                                     											jwARI.fetch( $( ""#ari-image-jw6839d8a56ecc3"" ) );
            লালমোহন উপজেলার লর্ডহার্ডিঞ্জ, রমাগঞ্জ, ধলীগৌরনগর, চরভূতা ও পশ্চিম চরউমেদ ইউনিয়নসহ বেশ কয়েকটি এলাকায় ২০টি বসতঘর পুরোপুরি বিধ্বস্ত হওয়ার পাশাপাশি কমপক্ষে ৫০০টি বসতঘরসহ বিভিন্ন স্থাপনা আংশিক ক্ষতিগ্রস্ত হয়েছে। এ ছাড়া উপজেলার লর্ডহার্ডিঞ্জ ইউনিয়নের পূর্ব সৈয়দাবাদ এলাকায় বেড়িবাঁধ ভেঙে দুটি গ্রাম ও অতিবৃষ্টিপাত এবং জোয়ারের পানির কারণে চরকচুয়াখালী এবং পৌরসভার ৯ নম্বর ওয়ার্ডের কিছু এলাকা প্লাবিত হয়েছে। এতে প্রায় ১০ হাজার মানুষ পানিবন্দি হয়ে পড়েছেন। চরফ্যাশন উপজেলা নির্বাহী কর্মকর্তা রাসনা শারমিন মিথি জানান, চরফ্যাশনের তিনটি ইউনিয়ন বেশি ক্ষতিগ্রস্ত হয়েছে। এর মধ্যে শতাধিক ঘর বিধ্বস্ত হয়েছে। ৭-৮ শতাধিক গরু-ছাগল ও অন্যান্য গৃহপালিত প্রাণী ভেসে গেছে। এখনও পানিবন্দি রয়েছে দুই হাজার পরিবার। ক্ষতিগ্রস্ত পরিবারের জন্য ৫০০ প্যাকেট খাদ্যসামগ্রী বিতরণ কার্যক্রম শুরু করা হয়েছে।’ মনপুরা উপজেলা নির্বাহী কর্মকর্তা লিখন বণিক জানান, মনপুরার কলাতলি ইউনিয়নে বাঁধ না থাকায় পানিতে সেখাকার ঘরবাড়ি তলিয়ে গেছে। এ ছাড়াও বাঁধের বাইরে কিছু কিছু এলাকা প্লাবিত হয়েছে। জোয়ারের পানিতে তিন হাজার ৪০০ ঘরবাড়ি আংশিক ক্ষতিগ্রস্ত হয়েছে। তবে এখনও ক্ষতিগ্রস্তের পুরো খবর পাওয়া যায়নি।’ ভোলা পানি উন্নয়ন বোর্ড-২-এর নির্বাহী প্রকৌশলী মো. আসফাউদ দৌলা জানান, মেঘনা নদীর অস্বাভাবিক জোয়ারে ভোলার লালমোহনের সৈয়দাবাদ ও তজুমদ্দিন উপজেলার চাঁদপুর ইউনিয়নের স্লুইসগেট এলাকায় বেড়িবাঁধ ভেঙে গেছে। লালমোহনের ক্ষতিগ্রস্ত বাঁধ সংস্কার করা হয়েছে এবং তজুমদ্দিন উপজেলার বাঁধ সংস্কার কাজ চলছে।’ ভোলা জেলা মৎস্য কর্মকর্তা বিশ্বজিৎ কুমার দেব জানান, নিম্নচাপের প্রভাবে ভোলা জেলায় ২৪৩টি ঘের এবং দুই হাজার ৫৩৩টি পুকুরের মাছ ভেসে গিয়ে ৪৭৮ লাখ টাকার ক্ষতি হয়েছে। এ ছাড়াও ১৪০টি মাছ ধরার ট্রলার এবং ৬৫টি মাছ ধরার জাল ক্ষতিগ্রস্ত হয়েছে। জেলায় মৎস্য বিভাগের অবকাঠামোসহ সর্বমোট ক্ষতির পরিমাণ ৬৭২ লাখ টাকা। ভোলার জেলা প্রশাসক আজাদ জাহান জানান, নিম্নচাপের প্রভাবে সৃষ্ট ঝড়ে চরফ্যাশন ও মনপুরা উপজেলায় সবচেয়ে বেশি ক্ষতি হয়েছে। প্রাথমিকভাবে আনুমানিক পাঁচ হাজার ২০০ ঘরবাড়ি ক্ষতিগ্রস্ত হওয়ার খবর পাওয়া গেছে। পুরোপুরি ক্ষতিগ্রস্ত হয়েছে ১০৮টি ঘরবাড়ি। এখনও ক্ষতিগ্রস্তদের তালিকার কাজ চলছে। ইতোমধ্যে ক্ষতিগ্রস্তদের জন্য চাল ও শুকনো খাবার বরাদ্দ দেওয়া হয়েছে। সংশ্লিষ্ট উপজেলা নির্বাহী কর্মকর্তারা ক্ষতিগ্রস্তদের মাঝে ত্রাণ বিতরণ কার্যক্রম শুরু করেছেন।",2025-05-30T21:09:21+06:00
https://www.banglatribune.com///www.banglatribune.com/national/901012/%E0%A6%AC%E0%A6%BE%E0%A6%82%E0%A6%B2%E0%A6%BE%E0%A6%A6%E0%A7%87%E0%A6%B6-%E0%A6%9C%E0%A6%BE%E0%A6%AA%E0%A6%BE%E0%A6%A8-%E0%A6%85%E0%A6%B0%E0%A7%8D%E0%A6%A5%E0%A6%A8%E0%A7%88%E0%A6%A4%E0%A6%BF%E0%A6%95-%E0%A6%85%E0%A6%82%E0%A6%B6%E0%A7%80%E0%A6%A6%E0%A6%BE%E0%A6%B0%E0%A6%A4%E0%A7%8D%E0%A6%AC-%E0%A6%9A%E0%A7%81%E0%A6%95%E0%A7%8D%E0%A6%A4%E0%A6%BF-%E0%A6%B8%E0%A6%87-%E0%A6%95%E0%A6%B0%E0%A6%AC%E0%A7%87,বাংলাদেশ-জাপান অর্থনৈতিক অংশীদারত্ব চুক্তি সই করবে,"বাংলাদেশের প্রধান উপদেষ্টা প্রফেসর মুহাম্মদ ইউনূস এবং জাপানের প্রধানমন্ত্রী শিগেরু ইশিবা ঘোষণা করেছেন, বাংলাদেশ ও জাপানের মধ্যকার বন্ধুত্বপূর্ণ অর্থনৈতিক ও বাণিজ্যিক সম্পর্ককে আরও গভীর করতে দুই দেশ অদূর ভবিষ্যতে একটি অর্থনৈতিক অংশীদারত্ব চুক্তি (ইপিএ) সই করবে। শুক্রবার (৩০ মে) টোকিওতে জাপানের প্রধানমন্ত্রীর কার্যালয়ে এক দ্বিপক্ষীয় বৈঠকে তারা এ সিদ্ধান্তে উপনীত হন। বৈঠকে দুই দেশের মধ্যকার সামগ্রিক সম্পর্ক নিয়ে আলোচনা হয় এবং উভয় নেতা কৌশলগত অংশীদারত্বে অটুট থাকার অঙ্গীকার পুনর্ব্যক্ত করেন। জাপানের প্রধানমন্ত্রী ইশিবা বাংলাদেশকে দীর্ঘদিনের বন্ধু আখ্যা দিয়ে বলেন, ‘গণতান্ত্রিক উত্তরণে জাপান সবসময় বাংলাদেশের পাশে থাকবে।’ তিনি প্রফেসর ইউনূসের নেতৃত্বের প্রশংসা করে বলেন, ‘তার নেতৃত্বে বাংলাদেশ একটি নতুন যুগে প্রবেশ করবে।’ ইন্দো-প্যাসিফিক অঞ্চলে শান্তি ও স্থিতিশীলতা বজায় রাখতে বাংলাদেশের গুরুত্ব তুলে ধরে তিনি বলেন, ‘আঞ্চলিক স্থিতিশীলতায় বাংলাদেশ একটি গুরুত্বপূর্ণ ভূমিকা পালন করছে।’ প্রধানমন্ত্রী ইশিবা আরও জানান, এ বছরের শেষ নাগাদ ইপিএ চুক্তি সইয়ের লক্ষ্যে দুই দেশ একসঙ্গে কাজ করবে। প্রধান উপদেষ্টা ইউনূস গত দশ মাসে বাংলাদেশের প্রতি জাপানের অকুণ্ঠ সমর্থনের জন্য প্রধানমন্ত্রী ইশিবাকে ধন্যবাদ জানান। তিনি বলেন, ‘অন্তর্বর্তী সরকারের সংস্কার কর্মসূচিতে জাপানের সক্রিয় সহযোগিতা আমাদের জন্য অত্যন্ত গুরুত্বপূর্ণ।’ তিনি বাংলাদেশের ‘মুক্ত, উন্মুক্ত ও অন্তর্ভুক্তিমূলক’ ইন্দো-প্যাসিফিক ভিশনের প্রতি জোর দিয়ে বলেন, ‘সামুদ্রিক নিরাপত্তা, নৌ চলাচলের স্বাধীনতা, সামুদ্রিক সম্পদের টেকসই ব্যবহার, উন্নত সংযোগ ব্যবস্থা এবং আন্তদেশীয় সংগঠিত অপরাধ মোকাবিলায় আমরা জাপানের সঙ্গে সহযোগিতা বাড়াতে আগ্রহী।’ প্রধান উপদেষ্টা উল্লেখ করেন, সম্প্রতি উচ্চ পর্যায়ের সফর ও আলোচনার মাধ্যমে এ বিষয়ে উল্লেখযোগ্য অগ্রগতি হয়েছে। তিনি ২০২৬ সালে বাংলাদেশের এলডিসি উত্তরণের পর কমপক্ষে তিন বছরের জন্য জাপানের বাজারে শুল্ক ও কোটামুক্ত প্রবেশাধিকারের অনুরোধ জানান। একই সঙ্গে মাতারবাড়িতে স্থলভিত্তিক এলএনজি টার্মিনাল এবং মহেশখালীতে এলপিজি আমদানি টার্মিনাল নির্মাণে জাপানের সহায়তা কামনা করেন।                                     											jwARI.fetch( $( ""#ari-image-jw6839d8a77378e"" ) );
             বৈঠকে ঢাকা-চট্টগ্রাম জাতীয় মহাসড়ককে ছয় লেনে উন্নীতকরণ, চট্টগ্রাম-কক্সবাজার মহাসড়ক উন্নয়ন এবং মেঘনা-গোমতী নদীর ওপর নতুন চার লেনের সেতু নির্মাণে সহজ শর্তে ঋণের জন্য জাপানের প্রতি অনুরোধ জানানো হয়। প্রফেসর ইউনূস বাংলাদেশে জাপানি বিনিয়োগ বাড়াতে, বিশেষ করে অটোমোবাইল, বৈদ্যুতিক যানবাহন, হালকা যন্ত্রপাতি, উচ্চ প্রযুক্তির ইলেকট্রনিক্স ও সৌরশক্তি খাতে জাপানি নির্মাতাদের উৎসাহিত করতে ইশিবার প্রতি আহ্বান জানান। তিনি জাপানে দক্ষ বাংলাদেশি শ্রমিক নিয়োগ এবং ‘বাংলাদেশ-জাপান স্কিলড ওয়ার্কফোর্স পার্টনারশিপ প্রোগ্রাম’ চালুরও প্রস্তাব দেন। শিক্ষাক্ষেত্রে সহযোগিতা বাড়ানোর লক্ষ্যে তিনি বাংলাদেশি শিক্ষার্থীদের জন্য বৃত্তির সংখ্যা বৃদ্ধি, কারিগরি ও বৃত্তিমূলক প্রশিক্ষণ এবং প্রশিক্ষকদের জাপানে শিক্ষার সুযোগের অনুরোধ জানান। জাপানের প্রধানমন্ত্রী বলেন, ‘বাংলাদেশের চ্যালেঞ্জ মোকাবিলায় এবং একটি সমৃদ্ধ ও গণতান্ত্রিক বাংলাদেশ গড়ে তুলতে টোকিও অন্তর্বর্তী সরকারকে সহায়তা করবে।’ বৈঠকে আঞ্চলিক ভূ-রাজনৈতিক পরিস্থিতি নিয়েও আলোচনা হয়। প্রফেসর ইউনূস বলেন, ‘আমাদের সরকার প্রতিবেশী সব দেশের সঙ্গে সর্বোত্তম সম্পর্ক বজায় রাখতে অঙ্গীকারবদ্ধ।’ রোহিঙ্গা সংকটের টেকসই সমাধানে জাপানের আরও সক্রিয় ভূমিকা কামনা করেন প্রধান উপদেষ্টা। প্রায় ৩৮ বছর আগে যমুনা বহুমুখী সেতুর উদ্বোধনের সময় বাংলাদেশ সফরের স্মৃতিচারণ করে প্রধানমন্ত্রী ইশিবা বলেন, ‘বাংলাদেশ ও এর জনগণের প্রতি জাপানের গভীর শ্রদ্ধা রয়েছে।’ তিনি পারস্পরিক সুবিধাজনক সময়ে বাংলাদেশ সফরের আগ্রহও প্রকাশ করেন।",2025-05-30T21:04:57+06:00
https://www.banglatribune.com///www.banglatribune.com/sport/cricket/901008/%E0%A6%86%E0%A6%AC%E0%A6%BE%E0%A6%B0%E0%A6%93-%E0%A6%9F%E0%A6%B8-%E0%A6%B9%E0%A7%87%E0%A6%B0%E0%A7%87-%E0%A6%AB%E0%A6%BF%E0%A6%B2%E0%A7%8D%E0%A6%A1%E0%A6%BF%E0%A6%82%E0%A7%9F%E0%A7%87-%E0%A6%AC%E0%A6%BE%E0%A6%82%E0%A6%B2%E0%A6%BE%E0%A6%A6%E0%A7%87%E0%A6%B6,হারিসের পর শাহিবজাদাকে ফিরিয়ে বাংলাদেশের স্বস্তি,"সংক্ষিপ্ত স্কোর: পাকিস্তান ১৩ ওভারে ১৪০/৩ (শাহিবজাদা ৭৪, সাইম ৪, হারিস ৪১, নওয়াজ ৯*, সালমান ১০*) ভুল বোঝাবুঝিতে সাইম আইয়ুব রান আউট হন। পাকিস্তানের উদ্বোধনী জুটি ভাঙে ১২ রানে। তারপর থেকে বাংলাদেশের বোলারদের ওপর চড়াও হন শাহিবজাদা ফারহান ও মোহাম্মদ হারিস। ৫০ বলে ১০০ রান তোলেন তারা দুজনে। ১১তম ওভারে তানজিম হাসান সাকিব ভাঙলেন পাকিস্তানের এই শক্ত জুটি। মোহাম্মদ হারিসকে শেষ বলে রিশাদ হোসেনরে ক্যাচ বানান তিনি। ভেঙে যায় শাহিবজাদার সঙ্গে ১০৩ রানের জুটি। দলীয় ১১৫ রানে হারিস ২৫ বল চারটি চার ও দুটি ছয়ে ৪১ রানে থামেন। ৫ বলের মধ্যে রিশাদ হোসেনের শিকার হয়ে মাঠ ছাড়েন শাহিবজাদা। ৪১ বলে চারটি চার ও ছয়টি ছয়ে ৭৪ রান করে লিটন দাসের ক্যাচ হন এই ওপেনার। ১২১ রানে তৃতীয় উইকেট পড়লো পাকিস্তানের। হাফ সেঞ্চুরির পর জীবন পাওয়া শাহিবজাদার টানা দুই ছক্কায় একশ পার নবম ওভারের তৃতীয় বলে সিঙ্গেল নিয়ে শাহিবজাদা ফারহান মাইলফলক ছুঁলেন। ২৯ বলে চারটি চার ও তিনটি ছয়ে করলেন হাফ সেঞ্চুরি। দশম ম্যাচে প্রথম ফিফটির দেখা পেলেন ফখর জামানের বদলে একাদশে ঢোকা এই ওপেনার। পাঁচ মাস পর জাতীয় দলে ফিরে এই কীর্তি গড়লেন তিনি। পরের ওভারে রিশাদ হোসেনের প্রথম বলে মেহেদী হাসান মিরাজের হাত ফসকে জীবন পান শাহিবজাদা। ইনিংসের তৃতীয় বলেও একবার জীবন পান তিনি। একই ওভারে টানা দুই ছয় মেরে এই ওপেনার দলীয় স্কোর একশ পার করেন। পাওয়ার প্লেতে হতাশ করলো বাংলাদেশ, পাকিস্তানের ৬৭ রান পাওয়ার প্লেতে শাহিবজাদা ফারহানের বিপক্ষে সুবিধা করতে পারেনি বাংলাদেশ। পাকিস্তানি ওপেনারের ব্যাটিং ঝড়ে প্রথম ৬ ওভারে ১ উইকেটে ৬৭ রান তুলেছে স্বাগতিকরা। এই সময়ে ছয়টি চার ও চারটি ছয় মেরেছে তারা। পাওয়ার প্লের শেষ ওভারে হাসান মাহমুদ টানা তিন চার হজম করেন মোহাম্মদ হারিসের ব্যাটে। তিনি ২৩ রান করেন, ৩৯ রান আসে শাহিবজাদার ব্যাটে। মিরাজ-হাসানের ওপর চড়াও শাহিবজাদা তৃতীয় ওভারে শাহিবজাদা ফারহান টানা দুটি ছক্কা মারেন মেহেদী হাসান মিরাজকে। পরের ওভারে হাসান মাহমুদকে চার বলের মধ্যে দুটি চার ও এক ছক্কা হাঁকান পাকিস্তানি ওপেনার। এই দুই ওভারে ১৪ ও ১৭ রান নেয় পাকিস্তান। তারা পরের ওভারে আর ৫ বল খেলে ৫০ রান তুলে ফেলে। তানজিম হাসান সাকিবকে ছক্কা মেরে দলকে ফিফটি এনে দেন শাহিবজাদা। রান আউটে পাকিস্তানের উদ্বোধনী জুটি ভাঙলো বাউন্ডারির কাছে বল পাঠিয়ে সাইম আইয়ুব ডাবলস নিলেন। তৃতীয় রান নিতে গিয়েই করলেন ভুল। ব্যাটিং প্রান্ত থেকে বেরিয়ে আসেন তিনি, শাহিবজাদা ফারহান নন স্ট্রাইক প্রান্তে দাঁড়িয়ে ছিলেন। আবার ফিরতে গিয়ে সাইম পড়ে গেলে তাওহীদ হৃদয়ের থ্রোয়ে লিটন দাস ততক্ষণে স্টাম্প ভেঙে দেন। ৪ বলে ৪ রান করে আউট হন পাকিস্তানি ওপেনার। ১২ রানে ভাঙলো উদ্বোধনী জুটি।   তৃতীয় বলেই ক্যাচ ছাড়লেন তানজিদ ইনিংসের তৃতীয় বলে শাহিবজাদা ফারহান ডাক মারতে পারতেন। মেহেদী হাসান মিরাজের বলে তানজিদ হাসান তামিম তার কঠিন ক্যাচ লুফে নিতে পারেননি। কাভার অঞ্চল থেকে পেছনে দৌড়ে সামনে লাফিয়ে বল ধরতে চেয়েছিলেন বাংলাদেশি ফিল্ডার। কিন্তু হাত ফসকে বল মাটিতে পড়ে। আবারও টস হেরে ফিল্ডিংয়ে বাংলাদেশ প্রথম টি-টোয়েন্টির মতো দ্বিতীয় ম্যাচেও টস জিতেছে পাকিস্তান। তারা ব্যাটিং নিয়েছে। বাংলাদেশ আগে ফিল্ডিং করবে। দলে একটি পরিবর্তন এনেছে তারা। শেখ মেহেদী হাসানের বদলে জায়গা পেয়েছেন মেহেদী হাসান মিরাজ। পাকিস্তান ওপেনার ফখর জামান চোটে পড়ায় ঢুকেছেন শাহিবজাদা ফারহান। বাংলাদেশ একাদশ: তানজিদ হাসান, পারভেজ হোসেন ইমন, লিটন দাস (অধিনায়ক ও উইকেটরক্ষক), তাওহীদ হৃদয়, মেহেদী হাসান মিরাজ, জাকের আলী, শামীম হোসেন, রিশাদ হোসেন, তানজিম হাসান সাকিব, হাসান মাহমুদ, শরিফুল ইসলাম। পাকিস্তান একাদশ: শাহিবজাদা ফারহান, সাইম আইয়ুব, মোহাম্মদ হারিস (উইকেটরক্ষক), সালমান আগা (অধিনায়ক), হাসান নওয়াজ, শাদাব খান, খুশদিল শাহ, ফাহিম আশরাফ, হাসান আলী, হারিস রউফ, আবরার আহমেদ। সিরিজ বাঁচানোর মিশনে নামছে বাংলাদেশ পাকিস্তানে আজ শুক্রবার দ্বিতীয় টি-টোয়েন্টিতে পাকিস্তানের বিপক্ষে মাঠে নামছে বাংলাদেশ। এই ম্যাচ হারলে সংযুক্ত আরব আমিরাতের পর আরও একটি ব্যর্থ টি-টোয়েন্টি মিশনে নাম লেখাবে লিটন দাসরা। তাই সিরিজ বাঁচাতে আজ জয়ের বিকল্প নেই তাদের। ম্যাচ শুরু হবে বাংলাদেশ সময় রাত ৯টায়। ",2025-05-30T20:33:03+06:00
https://www.banglatribune.com///www.banglatribune.com/business/news/901015/%E0%A6%87%E0%A6%B8%E0%A6%B2%E0%A6%BE%E0%A6%AE%E0%A7%80-%E0%A6%A7%E0%A6%BE%E0%A6%B0%E0%A6%BE%E0%A6%B0-%E0%A6%AC%E0%A7%8D%E0%A6%AF%E0%A6%BE%E0%A6%82%E0%A6%95-%E0%A6%8F%E0%A6%95%E0%A7%80%E0%A6%AD%E0%A7%82%E0%A6%A4%E0%A6%95%E0%A6%B0%E0%A6%A3%E0%A7%87-%E0%A6%8F%E0%A6%A8%E0%A6%AC%E0%A6%BF%E0%A6%8F%E0%A6%B2-%E0%A6%A5%E0%A6%BE%E0%A6%95%E0%A6%9B%E0%A7%87-%E0%A6%A8%E0%A6%BE,ইসলামী ধারার ব্যাংক একীভূতকরণে এনবিএল থাকছে না: কেন্দ্রীয় ব্যাংক,"ইসলামী ধারার ব্যাংকগুলো একীভূতকরণের প্রক্রিয়ায় ন্যাশনাল ব্যাংক লিমিটেডকে (এনবিএল) অন্তর্ভুক্ত করার কোনও পরিকল্পনা নেই বলে স্পষ্ট করেছে বাংলাদেশ ব্যাংক। শুক্রবার (৩০ মে) গণমাধ্যমকে এ তথ্য নিশ্চিত করেন বাংলাদেশ ব্যাংকের নির্বাহী পরিচালক ও মুখপাত্র আরিফ হোসেন খান। তিনি বলেন, ‘সম্প্রতি কয়েকটি সংবাদপত্রে গভর্নর ড. আহসান এইচ মনসুরের বক্তব্য উল্লেখ করে বলা হয়েছে— ছয়টি দূর্বল ব্যাংক একীভূত হয়ে সরকারের নিয়ন্ত্রণে আসছে। তালিকায় ৫টি ইসলামী ব্যাংকের পাশাপাশি ন্যাশনাল ব্যাংক লিমিটেডের (এনবিএল) নামও উল্লেখ করা হয়েছে, যা সঠিক নয়।’ আরিফ হোসেন খান বলেন, ‘ন্যাশনাল ব্যাংক একটি প্রচলিত ধারার ব্যাংক। ইসলামী ব্যাংকগুলোর একীভূতকরণ প্রক্রিয়ার সঙ্গে এনবিএলকে সম্পৃক্ত করার কোনও সুযোগ নেই।’ এর আগে  বলা হয়েছিল, নানা অনিয়ম ও ঋণ কেলেঙ্কারির কারণে ছয়টি ব্যাংককে একীভূত করে অস্থায়ীভাবে সরকারি মালিকানায় নেওয়া হবে। সংবাদমাধ্যমগুলো যেসব ব্যাংকের নাম উল্লেখ করে, সেগুলো হলো— ফার্স্ট সিকিউরিটি ইসলামী ব্যাংক, সোশ্যাল ইসলামী ব্যাংক, ইউনিয়ন ব্যাংক, গ্লোবাল ইসলামী ব্যাংক, এক্সিম ব্যাংক এবং ন্যাশনাল ব্যাংক। তবে বিষয়টি খণ্ডন করে বাংলাদেশ ব্যাংক বলছে, প্রাথমিকভাবে ইসলামী ধারার দুর্বল পাঁচটি ব্যাংকের একীভূতকরণ পরিকল্পনা রয়েছে। এ প্রক্রিয়ায় এনবিএল অন্তর্ভুক্ত নয়। বাংলাদেশ ফাইন্যান্সিয়াল ইন্টেলিজেন্স ইউনিটের (বিএফআইইউ) ২০২৩-২৪ অর্থবছরের বার্ষিক প্রতিবেদন প্রকাশ উপলক্ষে ২৮ মে বাংলাদেশ ব্যাংকের সভাকক্ষে এক অনুষ্ঠানে গভর্নর বলেন, ‘একীভূতকরণের আগেই সরকার সংশ্লিষ্ট ব্যাংকগুলোর ওপর মালিকানা প্রতিষ্ঠা করবে। এতে আমানতকারীদের উদ্বিগ্ন হওয়ার কারণ নেই, বরং তারা একটি অধিকতর শক্তিশালী ব্যাংকের অংশ হয়ে যাবেন।’ কতগুলো ব্যাংক একীভূত হবে— এমন প্রশ্নে গভর্নর বলেন, ‘প্রথমে কয়েকটি ব্যাংক দিয়ে শুরু করবো। এরপর পর্যায়ক্রমে আরও কয়েকটি— এভাবে চলবে।’",2025-05-30T21:12:36+06:00
https://www.banglatribune.com///www.banglatribune.com/sport/cricket/901005/%E0%A6%8F%E0%A6%95%E0%A6%B8%E0%A6%AE%E0%A7%9F%E0%A7%87%E0%A6%B0-%E0%A6%AB%E0%A7%81%E0%A6%9F%E0%A6%AC%E0%A6%B2%E0%A6%BE%E0%A6%B0-%E0%A6%8F%E0%A6%96%E0%A6%A8-%E0%A6%95%E0%A7%8D%E0%A6%B0%E0%A6%BF%E0%A6%95%E0%A7%87%E0%A6%9F-%E0%A6%AC%E0%A7%8B%E0%A6%B0%E0%A7%8D%E0%A6%A1%E0%A7%87%E0%A6%B0-%E0%A6%AE%E0%A6%B8%E0%A6%A8%E0%A6%A6%E0%A7%87,একসময়ের ফুটবলার এখন ক্রিকেট বোর্ডের মসনদে,"আমিনুল ইসলাম বুলবুল সবসময় চাইতেন দেশের ক্রিকেট যেন সঠিক পথে থাকে। আইসিসির চাকুরে হয়েও চিন্তা-ভাবনায় ছিল দেশের ক্রিকেট তথা ক্রীড়াঙ্গন। ছুটির ফাঁকে দেশে ফিরে যখনই স্টেডিয়ামে সাংবাদিকদের সঙ্গে দেখা হতো তখনই ক্রিকেট-ফুটবলসহ ক্রীড়াঙ্গন নিয়ে আলাপচারিতায় মেতে উঠতেন। নিজেও খেলা দেখতেন, যেতেন প্রিয় ক্লাব মোহামেডানেও। যেখান থেকে পরিণত হয়েছেন আজকের বুলবুল হিসেবে। এবার ভাগ্যের রেখা এমনই হঠাৎ করেই বদলে গেলো যে বাংলাদেশ ক্রিকেট বোর্ডের সভাপতি বনে গেলেন। ফারুক আহমেদের জায়গায় বুলবুলের নাম। আপাদমস্তক এক ক্রীড়াব্যক্তিত্ব বুলবুলের ক্যারিয়ার কিন্তু শুরু হয়েছে ফুটবল থেকে! ঢাকার গেণ্ডারিয়ার স্থানীয় ছেলে বুলবুল ছিলেন ডানপিটে। পড়াশোনার চেয়ে খেলার দিকে তার ঝোক ছিল বেশি। গেণ্ডারিয়া ফেমাসের হয়ে পাইওনিয়ার লিগে সর্বোচ্চ গোলদাতা ছিলেন। এলাকার আরেক ঐতিহ্যবাহী ইস্ট অ্যাণ্ড ক্লাবের হয়ে একপর্যায়ে ভিক্টোরিয়া স্পোর্টিংয়ে নাম লেখান তখন। স্ট্রাইকার হয়ে যখন একটু একটু  সামনের দিকে এগিয়ে যাচ্ছিলেন, তখনই ভাগ্য অন্য দিকে নিয়ে যায়। চোটের কারণে ফুটবল ছেড়ে চলে যান ক্রিকেট। সেখানেই দ্যুতি ছড়ান। আর আজ তো বিসিবি সভাপতি! খেলাধুলার প্রতি তার টান এমনই যে ক্যারিয়ারের শুরুতে ফুটবল খেলার টানে এইচএসসি পরীক্ষায় অংশ না নেওয়ার রেকর্ডও আছে বুলবুলের। অতীত সেই স্মৃতি রোমন্থন করতে গিয়ে তিনি ৫ বছর আগেই বিএসপিএ অফিসে এসে বলেছিলেন, ‘১৯৮৬ সালে ইস্ট অ্যান্ড ক্লাবের অগ্নিপরীক্ষা। রেলিগেশন লড়াইয়ে মুক্তিযোদ্ধার বিপক্ষে ম্যাচ ছিল। নটরডেম কলেজে পরীক্ষার সময় বন্ধুরা এসে আমাকে নিয়ে গেলো ম্যাচ খেলার জন্য। তখন পাড়ার ক্লাব ইস্ট অ্যান্ডের বিপক্ষে ঢাকা স্টেডিয়ামে এসে খেলেছি। কিন্তু দলকে রক্ষা করতে পারিনি। তখন আমরা বেশ কেঁদেছিলাম। আমার পরিবার পরবর্তিতে জেনেছিল আমি পরীক্ষায় ফেল করেছি। আসলে আমি সেইসময় অর্থনীতি পরীক্ষাই দেইনি। পরের বছর পাস করি।’                                     											jwARI.fetch( $( ""#ari-image-jw6839d89d2421f"" ) );
             এরপরই পুরোদস্তুর ক্রিকেটার হওয়ার গল্পও শোনান এই সাবেক তারকা। নিজের অতীত ক্যারিয়ার নিয়ে বলেন, ‘ভিক্টোরিয়ার হয়ে মোহামেডানের বিপক্ষে খেলার সময় লিগামেন্ট ছিঁড়ে গিয়েছিল। তখন ফুটবল ছেড়ে পুরোপুরি ক্রিকেটে মনোযোগ দেই। সেই যে ১৯৮৭ সালে ক্রিকেটের সঙ্গে জড়ালাম, এখনও আছি।’ ঘরোয়া ক্রিকেটের পাশাপাশি জাতীয় দলের হয়ে বুলবুল ওয়ানডে ও টেস্ট খেলেছেন, করেছেন অধিনায়কত্বও। ১৯৮৮ থেকে ২০০২ সাল পর্যন্ত ১৪ বছর আন্তর্জাতিক ক্রিকেট খেলেছেন তিনি। ওয়ানডে দিয়ে আন্তর্জাতিক ক্রিকেটে অভিষেকের পর ৩৯টি ওয়ানডে খেলে তিন হাফ সেঞ্চুরিতে তার রান ৭৯৪। টেস্ট খেলেছেন ১৩টি। ভারতের বিপক্ষে বাংলাদেশের অভিষেক টেস্টের সেঞ্চুরিয়ান সাবেক এই ব্যাটার। ২০০২ সালে শেষ টেস্ট খেলার আগে ২৬ ইনিংসে করেন ৫৩০ রান। একটি সেঞ্চুরির পাশাপাশি আছে দুটি হাফ সেঞ্চুরিও। ১৯৯৮ থেকে ২০০০ সাল পর্যন্ত ওয়ানডে দলকে নেতৃত্ব দিয়েছেন বুলবুল। তার নেতৃত্বে ১৬ ম্যাচ খেলে বাংলাদেশ জিতেছে দুটি। খেলা ছেড়ে কোচিংয়ে মনোনিবেশ করেন। দেশের ক্লাবে কোচিংয়ের পর আইসিসির এশিয়া অঞ্চলের ডেভেলপমেন্ট ম্যানেজার হয়ে কাজ করেন। অস্ট্রেলিয়াতে থিুত হওয়া বুলবুল ছুটিতে দেশে ফিরলেই ঢাকা স্টেডিয়াম, ক্রীড়া সাংবাদিকদের অফিস ও তার প্রিয় ক্লাব মোহামেডানে এক পা দেবেনই। আপাদমস্তক ক্রীড়াব্যক্তিত্ব বুলবুলের হাতে দেশের ক্রিকেটের ব্যাটন। টালমাটাল ক্রিকেটকে অল্পসময়ে কতটুকু উজ্জ্বল আলোয় আনতে পারেন তা এখন দেখার বিষয়।",2025-05-30T20:10:25+06:00
https://www.banglatribune.com///www.banglatribune.com/foreign/middle-east/901016/%E0%A6%AA%E0%A6%BE%E0%A6%B0%E0%A6%AE%E0%A6%BE%E0%A6%A3%E0%A6%AC%E0%A6%BF%E0%A6%95-%E0%A6%9A%E0%A7%81%E0%A6%95%E0%A7%8D%E0%A6%A4%E0%A6%BF-%E0%A6%A8%E0%A6%BE-%E0%A6%95%E0%A6%B0%E0%A6%B2%E0%A7%87-%E0%A6%87%E0%A6%B8%E0%A6%B0%E0%A6%BE%E0%A7%9F%E0%A7%87%E0%A6%B2%E0%A6%BF-%E0%A6%B9%E0%A6%BE%E0%A6%AE%E0%A6%B2%E0%A6%BE%E0%A6%B0-%E0%A6%9D%E0%A7%81%E0%A6%81%E0%A6%95%E0%A6%BF,"পারমাণবিক চুক্তি না করলে ইসরায়েলি হামলার ঝুঁকি, ইরানকে সৌদি আরবের হুঁশিয়ারি","সৌদি আরব ইরানকে সতর্ক করে দিয়েছে, যুক্তরাষ্ট্রের প্রেসিডেন্ট ডোনাল্ড ট্রাম্পের প্রস্তাবিত পারমাণবিক চুক্তিকে গুরুত্ব না দিলে দেশটি ইসরায়েলি সামরিক হামলার মুখে পড়তে পারে। দুই উপসাগরীয় ও দুই ইরানি সূত্র ব্রিটিশ বার্তা সংস্থা রয়টার্সকে জানায়, গত ১৭ এপ্রিল তেহরানে এক গোপন বৈঠকে সৌদি প্রতিরক্ষামন্ত্রী প্রিন্স খালিদ বিন সালমান এই বার্তা পৌঁছে দেন ইরানের সর্বোচ্চ নেতা আয়াতুল্লাহ আলী খামেনির কাছে। বৈঠকে ইরানের প্রেসিডেন্ট মাসউদ পেজেশকিয়ান, সেনাপ্রধান মোহাম্মদ বাঘেরি ও পররাষ্ট্রমন্ত্রী আব্বাস আরাঘচি উপস্থিত ছিলেন। সূত্রগুলো জানায়, সৌদি বাদশাহ সালমান বিন আবদুল আজিজ নিজের পুত্র খালিদকে এই বার্তা দিয়ে পাঠান। কারণ তিনি মধ্যপ্রাচ্যে নতুন করে অস্থিরতার আশঙ্কায় উদ্বিগ্ন। খালিদ বলেন, ট্রাম্প দীর্ঘ আলোচনা সহ্য করবেন না। দ্রুত চুক্তিতে পৌঁছাতে হবে। না হলে কূটনৈতিক পথ বন্ধ হয়ে যাবে। তিনি সতর্ক করেন, চুক্তি না হলে ইসরায়েলি হামলার আশঙ্কা রয়েছে, যা গাজা ও লেবাননে চলমান সহিংসতার মধ্যে নতুন উত্তেজনা ছড়াবে। এই বৈঠকের বিষয়ে সৌদি আরব ও ইরানের কর্তৃপক্ষ কোনও মন্তব্য করেনি। ২০১৬ সালের পর এটিই ছিল সৌদি রাজপরিবারের কোনও জ্যেষ্ঠ সদস্যের প্রথম তেহরান সফর। ২০২৩ সালে চীনের মধ্যস্থতায় দুদেশের সম্পর্ক স্বাভাবিক হয়। বৈঠকে পেজেশকিয়ান জানান, ইরান অর্থনৈতিক চাপ কমাতে একটি পারমাণবিক চুক্তি চায়। তবে তিনি বলেন, কেবল ট্রাম্প একটি চুক্তি চান বলে ইরান নিজের ইউরেনিয়াম সমৃদ্ধকরণ কর্মসূচি পুরোপুরি বন্ধ করতে প্রস্তুত নয়। ট্রাম্প সম্প্রতি ইসরায়েলি প্রধানমন্ত্রী বেনিয়ামিন নেতানিয়াহুর উপস্থিতিতে ঘোষণা দিয়েছেন, তেহরানের সঙ্গে সরাসরি আলোচনা চলছে। অথচ নেতানিয়াহু তখন ইরানবিরোধী সামরিক সমর্থন চেয়ে ওয়াশিংটন গিয়েছিলেন। সূত্রমতে, ইরানি পক্ষ ট্রাম্প প্রশাসনের ‘অনিশ্চিত ও অসম’ কৌশল নিয়ে উদ্বেগ প্রকাশ করেছে। কারণ আগে তারা সীমিত সমৃদ্ধকরণ মেনে নিয়েছে, আবার কখনও তা পুরোপুরি বন্ধের দাবি এসেছে। এক ইরানি সূত্র জানায়, ইরান একটি চুক্তি চায়, তবে তা যেন সম্মানজনক হয় এবং তেহরানের শান্তিপূর্ণ সমৃদ্ধকরণ অধিকার স্বীকৃত হয়। এদিকে ট্রাম্পের ঘনিষ্ঠ সূত্রগুলো জানিয়েছে, আলোচনায় অগ্রগতি হয়েছে এবং দুই পক্ষ এখন একটি রাজনৈতিক সমঝোতার দ্বারপ্রান্তে। তবে ইরান এখনও শর্তসাপেক্ষে আলোচনা চালিয়ে যেতে চায়। হোয়াইট হাউজ সরাসরি সৌদি বার্তার বিষয়ে কিছু বলেনি। তবে মুখপাত্র কারোলিন লেভিট বলেন, ট্রাম্প স্পষ্ট করে দিয়েছেন—চুক্তি করুন, না হলে পরিণতি ভয়াবহ হবে। বিশ্বও তা গুরুত্বের সঙ্গে নিচ্ছে। মধ্যপ্রাচ্যে ইরানপন্থি শক্তিগুলোর সামরিক বিপর্যয় ও বাশার আল-আসাদের পতনে তেহরানের প্রভাব অনেকটাই কমেছে। এ সুযোগেই সৌদি আরব কূটনৈতিকভাবে সক্রিয় হয়েছে বলে মনে করছেন বিশ্লেষকেরা। কার্নেগি মধ্যপ্রাচ্য কেন্দ্রের ইরান বিশেষজ্ঞ মোহানাদ হাগে আলী বলেন, তারা (সৌদি আরব) যুদ্ধ এড়াতে চায়, কারণ তা তাদের অর্থনৈতিক লক্ষ্য ও স্থিতিশীলতার পথে বড় বাধা হবে। বৈঠকে প্রিন্স খালিদ আরও বলেন, রিয়াদ কখনোই আমেরিকা বা ইসরায়েলকে সৌদি ভূখণ্ড ব্যবহার করে ইরান আক্রমণের অনুমতি দেবে না। তবে তিনি হুঁশিয়ারি দেন, ইরান ও তার মিত্রদের উসকানিমূলক কর্মকাণ্ড ওয়াশিংটনকে আরও কঠোর পদক্ষেপে প্ররোচিত করতে পারে।",2025-05-30T21:23:04+06:00
https://www.banglatribune.com///www.banglatribune.com/others/900968/%E0%A6%88%E0%A6%A6%E0%A7%87%E0%A6%B0-%E0%A6%86%E0%A6%97%E0%A7%87-%E0%A6%AC%E0%A7%87%E0%A6%B6%E0%A6%BF%E0%A6%B0%E0%A6%AD%E0%A6%BE%E0%A6%97-%E0%A6%AA%E0%A6%A3%E0%A7%8D%E0%A6%AF%E0%A7%87%E0%A6%B0-%E0%A6%A6%E0%A6%BE%E0%A6%AE-%E0%A6%B8%E0%A7%8D%E0%A6%A5%E0%A6%BF%E0%A6%A4%E0%A6%BF%E0%A6%B6%E0%A7%80%E0%A6%B2-%E0%A6%95%E0%A6%AE%E0%A7%87%E0%A6%9B%E0%A7%87,"ঈদের আগে বেশিরভাগ পণ্যের দাম স্থিতিশীল, কমেছে সবজিসহ ডিম-মুরগির","সপ্তাহ পেরোলেই মুসলিম সম্প্রদায়ের অন্যতম বড় ধর্মীয় উৎসব ঈদুল আজহা। ঈদের আগেই সাধারণত বাজারে পণ্যের দাম থাকে ঊর্ধ্বমুখী। তবে এবার কোরবানি ঈদের আর এক সপ্তাহ বাকি থাকলেও এখনও বাজারে বাড়েনি বেশির ভাগ পণ্যের দাম। বরং কমেছে বেশ কিছু সবজিসহ মুরগির মাংস ও ডিমের দাম। পাশাপাশি বাড়েনি আদা-রসুন-পেঁয়াজের মতো পণ্যের দামও। সাধারণত এই ঈদের আগে এসব পণ্যের দাম বাড়তে দেখা গেলেও এবার এখনও এরকমটা হয়নি। তবে বাজারের বিভিন্ন পণ্যের বিক্রেতারা জানিয়েছেন, আর কয়েক দিন গেলে হয়তো বাড়তে পারে পণ্যের দাম। শুক্রবার (৩০ মে) রাজধানীর মিরপুর ১ নম্বর কাঁচাবাজার সরেজমিন ঘুরে দেখা যায় ঈদের আগের বাজারের এই চিত্র।                                     											jwARI.fetch( $( ""#ari-image-jw6839d8c30a938"" ) );
            কমেছে সবজির দাম  মোটামুটি দুদিন ধরেই সারা দেশসহ রাজধানীতে চলছে মুষলধারে বৃষ্টি। আবার একই সাথে রয়েছে ঈদের প্রস্তুতি। তবে  এসবের মধ্যেও কয়েকটি বাদে বেশির ভাগ সবজির দামই কমেছে। আজকের বাজারে প্রতি কেজি টক টমেটো ৮০ টাকা, দেশি গাজর ৮০ টাকা, চায়না গাজর ১২০ টাকা, লম্বা বেগুন ৬০ টাকা, সাদা গোল বেগুন ৬০ টাকা, কালো গোল বেগুন ৭০ টাকা, শসা ৭০  (দেশি), ৫০ (হাইব্রিড) টাকা, উচ্ছে ৬০ টাকা, করলf ৬০ টাকা, কাঁকরোল ৬০ টাকা, পেঁপে ৬০ টাকা, মুলা ৫০ টাকা, ঢেঁড়স ৫০ টাকা, পটল (হাইব্রিড) ৫০-(দেশি) ৮০ টাকা,  চিচিঙ্গা ৫০ টাকা, ধুন্দল ৫০ টাকা, ঝিঙা ৬০ টাকা, বরবটি ৬০ টাকা, কচুর লতি ৭০ টাকা, কচুরমুখী ৮০ টাকা, মিষ্টি কুমড়া ৩০ টাকা, কাঁচা মরিচ ৮০ টাকা, ধনেপাতা ২০০ টাকা কেজি দরে বিক্রি হচ্ছে। আর মানভেদে প্রতিটি লাউ ৭০ টাকা, চাল কুমড়া ৫০ টাকা, ফুলকপি ৫০ টাকা, বাঁধাকপি ৫০ টাকা করে বিক্রি হচ্ছে। এছাড়া প্রতি হালি কাঁচা কলা ৩০ টাকা, লেবু বিক্রি হচ্ছে ২০-২৫ টাকা করে। দাম তুলনা করলে দেখা যায়, প্রতি কেজিতে কমেছে কাঁকরোলে ১০ টাকা, পেঁপেতে ২০ টাকা, মুলায় ১০ টাকা, ঢেঁড়সে ১০ টাকা, চিচিঙ্গায় ১০ টাকা, ধুন্দলে ১০ টাকা, কচুরমুখীতে ৪০ টাকা। আর প্রতি পিস লাউ ও চাল কুমড়ায় কমেছে ১০ টাকা করে। এছাড়া প্রতি হালিতে লেবুর দাম কমেছে ৫ টাকা। এদিকে প্রতি কেজিতে টক টমেটোর দাম বেড়েছে ৩০ টাকা, দেশি গাজরে ১০ টাকা, হাইব্রিড ও দেশি শসায় বেড়েছে ১০ টাকা করে। এছাড়া অন্যান্য সবজির দাম রয়েছে অপরিবর্তিত।  তবে এখন কমলেও যেকোনও মুহূর্তে দাম বেড়ে যেতে পারে বলে আশঙ্কা প্রকাশ করেছেন বিক্রেতারা। অতিরিক্ত বৃষ্টি এই দাম বৃদ্ধির কারণ হতে পারে বলে জানিয়েছেন তারা। মো. শাহ আলম নামে এক সবজি বিক্রেতা বাংলা ট্রিবিউনকে বলেন, দুইদিন ধরে বৃষ্টি হচ্ছে, কিন্তু এখনও বাজারে সবজির দাম কমই আছে। কমেছে অনেক সবজির দাম। তবে যদি এই বৃষ্টি চলমান থাকে তাহলে সবজির দাম বেড়ে যাবে। কারণ তখন সবজির নষ্ট হয়ে যাবে। চাহিদা অনুযায়ী সাপ্লাই কমে যাবে। তাই আরও বৃষ্টি হলে দাম বাড়তে পারে সবজির। বাজার করতে আসা হাবিবুর রহমান নামে এক ক্রেতা বলেন, সবজির দাম এখনও কমই আছে বলা যায়। তবে বৃষ্টির উছিলায় আবার বেড়ে না গেলেই হয়। ব্যবসায়ীদের তো দাম বাড়ানোর শুধু উছিলা লাগে।                                     											jwARI.fetch( $( ""#ari-image-jw6839d8c30a965"" ) );
            অপরিবর্তিত আদা-রসুন-পেঁয়াজের দাম কোরবানির ঈদে চাহিদা বেশি থাকায় সাধারণত আদা, রসুন, পেঁয়াজের দাম বৃদ্ধি পেয়ে থাকে ঈদের আগে থেকেই। তবে এবার এখনও বাড়েনি এসব পণ্যের দাম। অপরদিকে কমেছে আলুর দাম। আজকে বাজারে মান ও আকারভেদে প্রতি কেজি নতুন ক্রস পেঁয়াজ ৫৫-৬০ টাকা। এরমধ্যে ছোট আকারের পেঁয়াজ ৫৫ টাকা এবং বড় আকারের পেঁয়াজ ৬০ টাকায় বিক্রি হচ্ছে। আর প্রতি কেজি দেশি পেঁয়াজ বিক্রি হচ্ছে ৬০-৬৫ টাকায়। এছাড়া আজকে সাদা ও লাল আলুর কেজি ২০ টাকা। বগুড়ার আলু ৩০ টাকা কেজিতে বিক্রি হচ্ছে। এছাড়া আজকে দেশি রসুন ১২০ টাকা, চায়না রসুন ১৮০-২০০ টাকা, চায়না আদা ১৮০-২০০ টাকা, ভারতীয় আদা ১২০-১৪০ দরে বিক্রি হচ্ছে। এক্ষেত্রে দেখা যায়, আজকে প্রতি কেজিতে সব ধরনের আলুর দাম কমেছে ৫ টাকা করে। এছাড়া অন্যান্য সব পণ্যের দাম রয়েছে অপরিবর্তিত।  আদা, রসুন, পেঁয়াজের দাম এখনও অপরিবর্তিত আছে। ঈদের বাকি আর এক সপ্তাহ, এরমধ্যে এসব পণ্যের দাম বাড়বে কিনা জানতে চাইলে বিক্রেতা মো. শরীফ বলেন, এখন এটা বলা যাচ্ছে না। কারণ দাম আমাদের কাছ থেকে বাড়ে না। এসব পণ্য আমাদের আমদানি করা লাগে। তাই দাম বাড়ালে ইম্পোর্টাররা বাড়ায়। তারা যদি দাম বাড়ায় তাহলে দাম বাড়তেও পারে। এটার নিশ্চয়তা নাই। আরেক বিক্রেতা বলেন, এবার মনে হয় না আর দাম বাড়বে। কারণ দাম বাড়লে আরও আগে থেকেই বাড়তে শুরু করে। এখনও যেহেতু বাড়ে নাই তাই না বাড়ার সম্ভাবনাই বেশি।                                     											jwARI.fetch( $( ""#ari-image-jw6839d8c30a99b"" ) );
            কমেছে মুরগি ও ডিমের দাম, অপরিবর্তিত গরু-খাসির দাম বাজারে ব্রয়লার, কক ও লেয়ার মুরগির দাম আজকে কমেছে। একইসাথে কমেছে ফার্মের মুরগির লাল ও সাদা ডিমের দামও। তবে অপরিবর্তিত রয়েছে গরু, খাসি ও দেশি মুরগির দাম। আজকে বাজারে প্রতি কেজি গরুর মাংস বিক্রি হচ্ছে ৮০০ টাকা এবং খাসির মাংস বিক্রি হচ্ছে ১২০০ টাকা কেজি দরে। এছাড়া আজকে ব্রয়লার মুরগি ১৫৩-১৬০ টাকা, কক মুরগি ২২৫-২৫৫ টাকা, লেয়ার মুরগি ২৯০-৩০০ টাকা, দেশি মুরগি ৬২০-৬৫০ টাকা কেজি দরে বিক্রি হচ্ছে। আর ফার্মের মুরগির প্রতি ডজন লাল ডিম ১২০ টাকা, সাদা ডিম ১১০ টাকা দরে বিক্রি হচ্ছে। আজ ওজন অনুযায়ী প্রতি কেজিতে ব্রয়লার মুরগির দাম কমেছে ৭-১০ টাকা, কক মুরগির দাম কমেছে ২৫ টাকা, লেয়ার মুরগির দাম কমেছে ১০ টাকা। আর প্রতি ডজনে লাল ও সাদা ডিমের দাম কমেছে ১০ টাকা করে। এছাড়া অন্যান্য মাংসের দাম রয়েছে অপরিবর্তিত।  এসময় আল-আমিন চিকেন হাউজের বিক্রেতা বলেন, মুরগির দাম এখন কিছুটা কম আছে। তবে ঈদের আগে আবার কিছুটা বাড়বে। চাহিদা বেশি থাকায় এই দাম বাড়ে। আবার ঈদের পরে দাম কমে যাবে। কারণ তখন মাংসের চাহিদা কমে যাবে। এদিকে আজকের বাজারে আকার, ওজন ও মান অনুযায়ী ইলিশ মাছ বিক্রি হচ্ছে ১৫০০-৩০০০ টাকায়। এছাড়া রুই মাছ ৪০০-৫৫০ টাকা, কাতল মাছ ৪৫০-৬০০ টাকা, বেলে মাছ ৮০০-১৪০০ টাকা, কালিবাউশ ৪০০-৭০০ টাকা, চিংড়ি মাছ ৯০০-১৬০০ টাকা, কাঁচকি মাছ ৫০০ টাকা, কৈ মাছ (চাষের) ২৫০-৩০০ টাকা, পাবদা মাছ ৪০০-৬০০ টাকা, শিং মাছ ৪০০-৬০০ টাকা, টেংরা মাছ ৫০০-৭০০ টাকা, বোয়াল মাছ ৮০০-১২০০ টাকা, শোল মাছ ৫০০-১০০০ টাকা, চিতল মাছ ৫০০-৮০০ টাকা, কাজলী মাছ ১২০০-১৬০০ টাকা, বাতাসী মাছ ১২০০-১৪০০ টাকা, রূপচাঁদা মাছ ১২০০-১৪০০ টাকা কেজি দরে বিক্রি হচ্ছে।                                     											jwARI.fetch( $( ""#ari-image-jw6839d8c30a9bd"" ) );
            অপরিবর্তিত রয়েছে মুদি পণ্যের দামও আজকের বাজারে মুদি পণ্যের মধ্যে শুধু মাষকলাইয়ের ডাল ছাড়া সব পণ্যের দাম রয়েছে আগের মতোই। আজকে প্রতি কেজিতে মাষকলাইয়ের ডালের দাম কমেছে ১০ টাকা করে। আজ প্রতি কেজি ছোট মসুর ডাল ১৩০ টাকা, মোটা মসুর ডাল ১১০ টাকা, বড় মুগ ডাল ১৪০ টাকা, ছোট মুগ ডাল ১৭০ টাকা, খেসারি ডাল ১০০ টাকা, বুটের ডাল ১১০ টাকা, মাষকলাইয়ের ডাল ১৮০ টাকা, ডাবলি ৬০ টাকা, ছোলা ১০০ টাকা, কাজু বাদাম ১৭০০ টাকা, পেস্তা বাদাম ২৭০০ টাকা, কাঠ বাদাম ১২২০ টাকা, কিশমিশ ৬০০-৭০০ টাকা, দারুচিনি ৫২০ টাকা, লবঙ্গ ১৪০০ টাকা, কালো গোল মরিচ ১৩০০ টাকা, সাদা গোল মরিচ ১৬০০ টাকা, জিরা ৬০০ টাকা, প্যাকেট পোলাও চাল ১৫০ টাকা, খোলা পোলাও চাল মানভেদে ১১০-১৩০ টাকা কেজি দরে বিক্রি হচ্ছে। আর প্রতিকেজি প্যাকেটজাত চিনি ১১৫ টাকা, খোলা চিনি ১১০ টাকা, দুই কেজি প্যাকেট ময়দা ১৫০ টাকা, আটা দুই কেজির প্যাকেট ১১৫ টাকা, প্রতি লিটার বোতলজাত সয়াবিন তেল বিক্রি হচ্ছে ১৮৯ টাকা, প্রতি লিটার খোলা সয়াবিন তেলের দাম ১৫৭ টাকা, খোলা সরিষার তেল প্রতি লিটার ১৯০ টাকায় বিক্রি হচ্ছে।  ",2025-05-30T19:12:05+06:00
https://www.banglatribune.com///www.banglatribune.com/sport/cricket/901014/%E0%A6%8F%E0%A6%95%E0%A6%9F%E0%A6%BE-%E0%A6%AD%E0%A6%BE%E0%A6%B2%E0%A7%8B-%E0%A6%9F%E0%A6%BF-%E0%A6%9F%E0%A7%8B%E0%A7%9F%E0%A7%87%E0%A6%A8%E0%A7%8D%E0%A6%9F%E0%A6%BF-%E0%A6%87%E0%A6%A8%E0%A6%BF%E0%A6%82%E0%A6%B8-%E0%A6%96%E0%A7%87%E0%A6%B2%E0%A6%AC%E0%A7%8B-%E0%A6%AF%E0%A6%BE-%E0%A6%86%E0%A6%AA%E0%A6%A8%E0%A6%BE%E0%A6%B0%E0%A6%BE,"একটা ভালো টি-টোয়েন্টি ইনিংস খেলবো, যা আপনারা দীর্ঘদিন মনে রাখবেন: বুলবুল","বাংলাদেশ ক্রিকেট বোর্ডের (বিসিবি) ১৬তম সভাপতি হিসেবে দায়িত্ব নিয়েছেন সাবেক অধিনায়ক আমিনুল ইসলাম বুলবুল। জাতীয় ক্রীড়া পরিষদের মনোনয়ন পেয়ে প্রথম বোর্ড পরিচালক হয়ে বিসিবিতে আসেন তিনি। এরপর ৯ পরিচালকের ভোটে সভাপতি নির্বাচিত হন সাবেক এই ক্রিকেটার। বোর্ড সভাপতি হিসেবে প্রথমদিনের মতো সংবাদ সম্মেলনে এসে ৩৫ মিনিট কথা বলেছেন দেশের অভিষেক টেস্টের সেঞ্চুরিয়ান।  সব কিছু ঠিক থাকলে আগামী অক্টোবরে বিসিবির নির্বাচন। আসন্ন এই নির্বাচনের আগে দায়িত্ব পালন করবেন সাবেক এই ক্রিকেটার। স্বল্প এই সময়ে ক্রিকেটের উন্নতি কতটা সম্ভব! সংবাদ সম্মেলনে প্রশ্ন করা হয়, নির্বাচনের আগে কোন কাজটা করে যেতে চান, যা কিনা উন্নতি হিসেবে গণ্য হবে। সাংবাদিকের করা এমন প্রশ্নে বুলবুল বলেছেন, ‘যেহেতু সময়টা কম, আমরা জানি যে টেস্ট ম্যাচ পাঁচদিনের হয়। ওয়ানডে হয় সাত ঘণ্টার। আমি একটা কুইক টি-টোয়েন্টি ইনিংস খেলতে এসেছি। সো একটা ভালো টি-টোয়েন্টি ইনিংস খেলবো, যা আপনারা দীর্ঘদিন মনে রাখবেন। চেষ্টা করবো, ক্রিকেটটা যাতে সবাই খেলতে পারে, যাতে সবার খেলা হয়। যেন একটা স্টেটমেন্ট হয়, ক্রিকেটটা সবার জন্য। এই ধারাটা শুরু করে দিয়ে যেতে চাই।’ একটা সময় ক্রিকেট বোর্ডে খেলোয়াড়দের সংখ্যা কম ছিল। গঠনতন্ত্র খেলোয়াড়দের অনুমতি দিতো না। সময় বদলেছে, অনেক সাবেক ক্রিকেটার লম্বা সময় ধরেই ক্রিকেট বোর্ডে এসেছেন। এখনও আছেন। সর্বশেষ ফারুক আহমেদও ছিলেন, যিনি সাবেক অধিনায়ক। কিন্তু ভালো ক্রিকেটার হলেও তারা শেষ পর্যন্ত ভালো সংগঠক হয়ে উঠতে পারছেন না। বুলবুল কি ওই ধারা ভেঙে সফল হতে পারবেন? বুলবুলের উত্তর, ‘একটা সময় প্লেয়াররা কাউন্সিলর হতে পারেনি, কঠিন সময়ের মধ্য দিয়ে যেতে হয়েছে খেলোয়াড়দের কাউন্সিল হওয়ার জন্য। অবস্থা পাল্টেছে এখন। শেষ বোর্ড সভাপতি সাবেক খেলোয়াড় ছিলেন। আমরা খেলোয়াড়রা শিখছি। আমি আত্মবিশ্বাসের সঙ্গে বলতে পারি , আমার যে স্কিল সেট আছে, এটা একটা প্যাকেজ। কেননা আমি তাজিকিস্তানের মতো ছোট্ট দেশের সঙ্গেও কাজ করেছি। আমি চেষ্টা করবো সর্বোচ্চটা দিয়ে, ইনশাআল্লাহ ফেল করবো না। আমি বাংলাদেশের ক্রিকেটের সঙ্গে শেয়ার করবো আমার অভিজ্ঞতাটা। ক্রিকেটার হিসেবে আমি এখানে বসিনি, আমার যে দায়িত্ব আছে আমি সেটা এখানে পালন করার চেষ্টা করবো।’ ফারুক সভাপতি হয়ে সিনিয়র পরিচালকদের ঠিকমতো পরিচালনা করতে পারেননি। এখানে নিজের মুন্সিয়ানা জরুরি। অনেকদিন ধরে দেশের বাইরে থাকা বুলবুল কি পারবেন সিনিয়র পরিচালকদের সঙ্গে কাজ করতে? তিনি সবাইকে নিয়েই কাজ করতে চান, ‘সভাপতি হিসেবে আমার আজকের দিনটা শুরু হলো। এটি নিয়ে আমার কোনও অভিজ্ঞতা নেই। আমরা চেষ্টা করবো সবার অভিজ্ঞতা কাজে লাগিয়ে, সবার এনার্জি যেন আমরা একসঙ্গে কাজে লাগিয়ে সামনে এগিয়ে যেতে পারি।’ ফারুক বোর্ডে আসার আগে সোচ্চার ছিলেন অনেক কিছু নিয়ে। বুলবুল বোর্ডের অনেক কিছু নিয়ে সমালোচনা করেছেন। সেই বোর্ডেই, আগের পরিচালকদের নিয়ে তিনি বোর্ডে কাজ করবেন। স্বপ্ন কি বাস্তবায়ন সম্ভব হবে, ‘আজকেই শুরু করলাম, এটা তো পরে বোঝা যাবে। তবে আমি বিশ্বাস করি, একটা ক্রিকেট দল একটা দেশ তখনই এগিয়ে যায় যখন দল হিসেবে কাজ করে। একজন বোলার কিন্তু একলা বোলিং করতে পারে না। ফিল্ডার লাগে, উইকেটকিপার লাগে। আমরা একেক সময় একেকটা রোল প্লে করবো।’ সংবাদ সম্মেলনের শুরুতেই বুলবুল জানিয়েছে কোন প্রক্রিয়ায় তিনি বোর্ড সভাপতি হয়ে আসলেন, ‘গত ১৯ বছর ধরে ক্রিকেট উন্নয়নের কাজ করে যাচ্ছি আইসিসি এবং এসিসিতে। এটা আমার জন্য নতুন উচ্চতার একটা পরীক্ষা বা সুযোগ। আপনাদের কাছ থেকে আমি শত শত প্রশ্ন পেতাম, আপনাকে ডাকা হয় আপনি আসেন না কেন? আপনি কী সুযোগ পেলে আসবেন? সত্যিকার অর্থে এই প্রথম গত মাসের এপ্রিল মাসের শেষদিকে আমি একটা কল পাই ন্যাশন্যাল স্পোর্টস কাউন্সিল থেকে এবং বলা হয় যে আপনাকে একটা সুযোগ দেওয়া হবে, আপনি কী সুযোগ গ্রহণ করবেন? আমি যে আপনাদেরকে এত প্রতিশ্রুতি দিতাম বা অপেক্ষা করতাম একটা কলের জন্য। যখন এই কল পেয়েছি, তখন আর পেছনে তাকাইনি।’ বুলবুল আরও বলেছেন, ‘আমার একটাই লক্ষ্য ছিল কীভাবে এই কলটাকে রেসপেক্ট করতে পারি। তারপর পর্যায়ক্রমে ক্রিকেট বোর্ডের ডাইরেক্টররা আমাকে নির্বাচিত করেছেন। আমি এই কলটা পেয়েছিলাম আমাদের সম্মানিত স্পোর্টস উপদেষ্টার কাছ থেকে। আমি অনার্ড যে এই রকম একটা কল পেয়েছি। যার ফলশ্রুতিতে এই দায়িত্বটা পেয়েছি। এই দায়িত্বটা বাংলাদেশের ক্রিকেট না, ক্রিকেট ইন বাংলাদেশ। বাংলাদেশে কী ক্রিকেট আছে চেষ্টা করবো সেটা সামনের দিকে এগিয়ে নিতে। আমি বিশ্বাস করি, ১১ জন ক্রিকেট খেলে না, বাংলাদেশের সবাই ক্রিকেট খেলে।’",2025-05-30T21:10:19+06:00
https://www.banglatribune.com///www.banglatribune.com/others/901004/%E0%A6%B2%E0%A6%9E%E0%A7%8D%E0%A6%9A-%E0%A6%9A%E0%A6%B2%E0%A6%BE%E0%A6%9A%E0%A6%B2-%E0%A6%B6%E0%A7%81%E0%A6%B0%E0%A7%81-%E0%A6%B9%E0%A6%B2%E0%A7%87%E0%A6%93-%E0%A6%AF%E0%A6%BE%E0%A6%A4%E0%A7%8D%E0%A6%B0%E0%A7%80-%E0%A6%96%E0%A6%B0%E0%A6%BE-%E0%A6%B8%E0%A6%A6%E0%A6%B0%E0%A6%98%E0%A6%BE%E0%A6%9F%E0%A7%87,লঞ্চ চলাচল শুরু হলেও যাত্রী খরা সদরঘাটে,"বৈরী আবহাওয়ার কারণে এখনও স্বাভাবিক হয়নি দেশের অভ্যন্তরীণ নৌপথের সব ধরনের লঞ্চ চলাচল। বৃহস্পতিবার (২৯ মে) পুরোপুরি বন্ধ থাকলেও শুক্রবার (৩০ মে) কয়েকটি রুটে লঞ্চ চলাচল শুরু করছে। তবে যাত্রী খরায় পন্টুনেই অপেক্ষমাণ রয়েছে লঞ্চগুলো। এদিন বিকালে সদরঘাট টার্মিনাল ও পন্টুন এলাকা ঘুরে দেখা যায়, নেই চিরচেনা ভিড়। পন্টুনে ভেড়ানো রয়েছে অল্প কিছু লঞ্চ। গন্তব্যে পৌঁছানোর জন্য আসা যাত্রীরা অনিশ্চয়তা নিয়ে অপেক্ষা করছেন লঞ্চ ছাড়ার। ঘাট সংশ্লিষ্টরা জানান, দুপুরের পর চাঁদপুরসহ কাছাকাছি কয়েকটি রুটে লঞ্চ ছেড়ে গেছে। তবে কোনও ছোট আকৃতির লঞ্চ ছেড়ে যায়নি। একইভাবে কয়েকটি রুট থেকে লঞ্চ ছেড়ে এসেছে।                                      											jwARI.fetch( $( ""#ari-image-jw6839d897e1af5"" ) );
             বাংলাদেশ অভ্যন্তরীণ নৌ-পরিবহন কর্তৃপক্ষ (বিআইডব্লিউটিএ) সূত্র জানায়, ৫টি লঞ্চের আগমন ও ৫টি লঞ্চ নির্গমন করেছে। বরিশাল রুটের পারাবত লঞ্চের স্টাফ সাখওয়াত বলেন, রাত ৯টায় লঞ্চ ছেড়ে যাবে। কিন্তু যাত্রী নেই তেমন। ছাড়ার আগ মুহূর্তে যাত্রী হবে আশা করছি। ভোলাগামী এমভি সাব্বির লঞ্চের কেবিন বয় রানা বলেন, যাত্রী নেই একেবারেই। মালামাল যাবে কিছু এগুলো নিয়েই রওনা করবো। এই লঞ্চের যাত্রী ইউসুফ হোসেন বলেন, গতকাল (বৃহস্পতিবার) ঘাটে এসে ফিরে গেছি। আজ ফোন দিয়ে আসলাম লঞ্চ ছাড়বে শুনে। কিন্তু লঞ্চে যাত্রী নেই। তাই ছাড়বে কী ছাড়বে না বুঝতে পারছি না। বিআইডব্লিউটিএ’র সদরঘাট নৌ টার্মিনালের যুগ্ম পরিচালক মুহম্মদ মোবারক হোসেন বাংলা ট্রিবিউনকে বলেন, উপকূল অঞ্চল ছাড়া অন্য রুটগুলোতে লঞ্চ চলাচলের অনুমতি দেওয়া হয়েছে। শুক্রবার ৫টি লঞ্চের আগমন ও ৫টি নির্গমন হয়েছে।",2025-05-30T20:05:39+06:00
https://www.banglatribune.com///www.banglatribune.com/country/900983/%E0%A6%A2%E0%A7%87%E0%A6%89%E0%A7%9F%E0%A7%87%E0%A6%B0-%E0%A6%86%E0%A6%98%E0%A6%BE%E0%A6%A4%E0%A7%87-%E0%A6%AD%E0%A6%BE%E0%A6%99%E0%A6%9B%E0%A7%87-%E0%A6%9F%E0%A7%87%E0%A6%95%E0%A6%A8%E0%A6%BE%E0%A6%AB%E0%A7%87%E0%A6%B0-%E0%A6%AE%E0%A7%87%E0%A6%B0%E0%A6%BF%E0%A6%A8-%E0%A6%A1%E0%A7%8D%E0%A6%B0%E0%A6%BE%E0%A6%87%E0%A6%AD,ঢেউয়ের আঘাতে ভাঙছে টেকনাফের মেরিন ড্রাইভ,"বঙ্গোপসাগরে সৃষ্টি হওয়া গভীর নিম্নচাপের প্রভাবে সৃষ্ট ঢেউয়ের আঘাতে কক্সবাজার-টেকনাফ মেরিন ড্রাইভ সড়কে আবারও ভাঙন দেখা দিয়েছে। ভারী বৃষ্টিপাত ও সাগরের জোয়ারের পানি স্বাভাবিকের চেয়ে কয়েক ফুট বেশি উচ্চতায় মেরিন ড্রাইভে আঘাত হানছে। এতে মেরিন ড্রাইভের টেকনাফের অংশের দুই কিলোমিটারের মধ্যে চারটি স্থানে ভাঙন ধরেছে। ভাঙন প্রতিরোধে দেওয়া জিও টিউব ব্যাগ ছিদ্র হয়ে ক্রমেই বিলীন হচ্ছে। পাশাপাশি জোয়ারে ভেঙে পড়া ঝাড় গাছগুলো কেটে নিয়ে যাচ্ছে স্থানীয় লোকজন। এর আগে ২০২৪ সালের আগস্ট মাসে পূর্ণিমার জোয়ারের ধাক্কায় মেরিন ড্রাইভের একই অংশে ভাঙন দেখা দিয়েছিল। তখন সেনাবাহিনীর ইসিবি (ইঞ্জিনিয়ারিং কনস্ট্রাকশন ব্যাটালিয়ন) জিও টিউব ব্যাগের মাধ্যমে মাটির বাঁধ দিয়ে ভাঙন প্রতিরোধ করেছিল। শুক্রবার দুপুরে সরেজমিন দেখা গেছে, জোয়ারের ধাক্কায় মেরিন ড্রাইভের বিভিন্ন অংশ প্লাবিত হচ্ছে। ধসে পড়ছে জিও টিউব বাঁধ। টেকনাফের মুন্ডার ডেইল, বাহারছড়া ও শীলখালীর একটি অংশ ভেঙে গেছে। জোয়ারের আঘাতে ভেঙে পড়া ঝাড় গাছ সাবরাং মুন্ডার ডেইল ঘাটে দুই শ্রমিক দিয়ে গাছ কেটে নিয়ে যাচ্ছেন স্থানীয় বাসিন্দা মো. ফিরোজ।                                     											jwARI.fetch( $( ""#ari-image-jw6839d8c762f6d"" ) );
            জানতে চাইলে ফিরোজ বলেন, ‘সাগরের জোয়ারের আঘাতে ব্যাপক ভাঙন দেখা দিয়েছে। এ সময় বেশ কিছু ঝাড় গাছ ভেঙে পড়েছে। অনেকে সেই গাছ নিয়ে যাচ্ছে। তবে এই গাছ আমি নিয়ে যাচ্ছি না। ওই দুই শ্রমিক কেটে নিয়ে যাচ্ছে।’ সাবরাং ইউনিয়ন পরিষদের (ইউপি) ১ নম্বর ওয়ার্ডের সদস্য মোহাম্মদ সলিম বলেন, ‘শুক্রবার দুপুরে মেরিন ড্রাইভের মুন্ডার ডেইল ও বাহারছড়া ঘাটে কয়েকটি অংশে ভাঙন দেখা দিয়েছে। জোয়ারে পানির উচ্চতা বৃদ্ধি পাওয়ায় ভাঙন তীব্র হচ্ছে। সড়কের পশ্চিম পাশে বসানো জিও ব্যাগের বাঁধ বিলীন হচ্ছে। গাছ কেটে নিয়ে যাওয়ার বিষয়টি খোঁজ নেওয়া হচ্ছে।’ স্থানীয়রা বলছেন, মেরিন ড্রাইভের অনেক জায়গায় প্রভাবশালীরা অবৈধভাবে সমুদ্রের বালু তুলে জমি ভরাট করছেন। সৈকত থেকে অবাধে বালু তোলায় মেরিন ড্রাইভের গোড়ার অংশ নড়বড়ে হয়ে পড়েছে। এখন জোয়ারের ধাক্কায় নড়বড়ে অংশের মেরিন ড্রাইভে ভাঙন দেখা দিচ্ছে। এ প্রসঙ্গে টেকনাফ উপজেলা নির্বাহী কর্মকর্তা (ইউএনও) শেখ এহসান উদ্দিন বলেন, ‘ভাঙনের খবরে ঘটনাস্থলে যাচ্ছি। এ ছাড়া মেরিন ড্রাইভের রক্ষণাবেক্ষণ করে সেনাবাহিনী। ঢেউয়ের আঘাতে মেরিন ড্রাইভের বিভিন্ন অংশ ক্ষতিগ্রস্ত হওয়ার বিষয়টি সংশ্লিষ্টদের অবহিত করা হয়েছে। এ ছাড়া ঝাড় গাছ কেটে নিয়ে যাওয়া বিষয়টি দেখা যাচ্ছে।’  ",2025-05-30T17:11:46+06:00
https://www.banglatribune.com///www.banglatribune.com/national/900993/%E0%A6%AA%E0%A7%83%E0%A6%A5%E0%A6%BF%E0%A6%AC%E0%A7%80%E0%A6%95%E0%A7%87-%E0%A6%B0%E0%A6%95%E0%A7%8D%E0%A6%B7%E0%A6%BE%E0%A7%9F-%E2%80%98%E0%A6%A5%E0%A7%8D%E0%A6%B0%E0%A6%BF-%E0%A6%9C%E0%A6%BF%E0%A6%B0%E0%A7%8B-%E0%A6%95%E0%A7%8D%E0%A6%B2%E0%A6%BE%E0%A6%AC%E2%80%99-%E0%A6%97%E0%A7%9C%E0%A7%87-%E0%A6%A4%E0%A7%8B%E0%A6%B2%E0%A6%BE%E0%A6%B0-%E0%A6%86%E0%A6%B9%E0%A7%8D%E0%A6%AC%E0%A6%BE%E0%A6%A8,পৃথিবীকে রক্ষায় ‘থ্রি জিরো ক্লাব’ গড়ে তোলার আহ্বান প্রধান উপদেষ্টার,"বর্তমান সভ্যতার ধারায় পৃথিবী টিকে থাকতে পারবে না উল্লেখ করে প্রধান উপদেষ্টা অধ্যাপক ড. মুহাম্মদ ইউনূস তরুণদের ‘থ্রি জিরো ক্লাব’ গড়ে তোলার আহ্বান জানিয়েছেন। তিনি বলেন, পৃথিবীকে ধ্বংসের হাত থেকে বাঁচাতে হলে তরুণদের ‘থ্রি জিরো ক্লাব’ গড়ে তুলতে হবে। শুক্রবার (৩০ মে) জাপানের টোকিওর সোকা বিশ্ববিদ্যালয়ে বক্তৃতাকালে তিনি এসব কথা বলেন। প্রধান উপদেষ্টা বলেন, ‘আমরা যে সভ্যতা তৈরি করছি, তা একটি আত্মবিধ্বংসী সভ্যতা, যা পৃথিবীকে ধ্বংস করবে।’ ড. ইউনূস বলেন, ‘বর্তমান সভ্যতার কাঠামোর মধ্যে মানুষ টিকে থাকতে পারবে না, কারণ বিশ্বজুড়ে পরিবেশ ধ্বংস অব্যাহত আছে।’ ‘থ্রি জিরো থিওরি’ বা তিন শূন্য তত্ত্ব—শূন্য দারিদ্র্য, শূন্য বেকারত্ব, শূন্য নিট কার্বন নিঃসরণের কথা উল্লেখ করে তিনি বলেন, ‘এখন সবাই কেবল তাদের মুনাফা সর্বাধিক করতে চাচ্ছে।’ বিশ্বের সম্পদের সিংহভাগ এখন খুব অল্প কয়েক জনের হাতে কেন্দ্রীভূত, যাকে তিনি এক অভিশাপ হিসেবে উল্লেখ করেন। অধ্যাপক ইউনূস বেকারত্বের সমস্যা এবং কৃত্রিম বুদ্ধিমত্তার (এআই) আগত চ্যালেঞ্জগুলোর দিকেও আলোকপাত করেন। থ্রি জিরো ক্লাব সম্পর্কে তিনি বলেন, ‘পাঁচ জন ব্যক্তি একত্রিত হয়ে একটি থ্রি জিরো ক্লাব গঠন করতে পারে, যেখানে তারা প্রতিজ্ঞাবদ্ধ থাকবে যে জীবাশ্ম জ্বালানি ব্যবহার করবে না।’ তরুণ প্রজন্মকে নতুন এক বিশ্ব গড়তে সৃজনশীল হওয়ার আহ্বান জানিয়ে নোবেলজয়ী অধ্যাপক ইউনূস বলেন, ‘চাকরি মানুষের সৃজনশীলতাকে দমন করে।’ মানুষের সহজাত উদ্যোক্তা হওয়ার ক্ষমতার কথা উল্লেখ করে ড. ইউনূস বলেন, ‘যদি তোমার মধ্যে সৃজনশীলতা না থাকে, তবে তুমি কিছুই নও...প্রত্যেক মানুষের মধ্যেই সৃজনশীলতা আছে।’ তিনি উদ্যোক্তা তৈরি করতে সামাজিক ব্যবসায় ক্লাব প্রতিষ্ঠার ওপর গুরুত্বারোপ করেন। ছাত্রছাত্রীদের উদ্দেশে তিনি বলেন, ‘একটি নতুন পৃথিবী কল্পনা করো, কারণ কল্পনা তোমাকে নিজেকে উন্মুক্ত করার ক্ষমতা দেয়।’ ড. ইউনূস অনুষ্ঠানে উপস্থিত দর্শকদের জানান কীভাবে তিনি চট্টগ্রাম বিশ্ববিদ্যালয়ের অর্থনীতি বিভাগের অধ্যাপক থাকাকালে পাশের একটি ছোট গ্রামে ক্ষুদ্রঋণের যাত্রা শুরু করেন। অনুষ্ঠানে সোকা বিশ্ববিদ্যালয় থেকে ড. ইউনূসকে সম্মানসূচক ডক্টরেট ডিগ্রি দেওয়া হয়। বিশ্বব্যাপী সামাজিক উদ্ভাবন এবং বৈশ্বিক উন্নয়নে অবদানের স্বীকৃতিস্বরূপ তাকে এই ডিগ্রি দেওয়া হয়েছে। অনুষ্ঠানে সোকা বিশ্ববিদ্যালয়ের প্রেসিডেন্ট সুজুকিও বক্তব্য রাখেন। সূত্র: বাসস",2025-05-30T18:00:26+06:00
https://www.banglatribune.com///www.banglatribune.com/others/901000/%E0%A6%B0%E0%A6%BE%E0%A6%9C%E0%A6%A7%E0%A6%BE%E0%A6%A8%E0%A7%80%E0%A6%A4%E0%A7%87-%E0%A6%A4%E0%A7%80%E0%A6%AC%E0%A7%8D%E0%A6%B0-%E0%A6%9C%E0%A6%B2%E0%A6%BE%E0%A6%AC%E0%A6%A6%E0%A7%8D%E0%A6%A7%E0%A6%A4%E0%A6%BE-%E0%A6%AC%E0%A7%83%E0%A6%B7%E0%A7%8D%E0%A6%9F%E0%A6%BF%E0%A6%A4%E0%A7%87-%E0%A6%A4%E0%A6%B2%E0%A6%BF%E0%A7%9F%E0%A7%87-%E0%A6%97%E0%A7%87%E0%A6%9B%E0%A7%87,"রাজধানীতে তীব্র জলাবদ্ধতা, বৃষ্টিতে তলিয়ে গেছে বিভিন্ন সড়ক","রাজধানীর বিভিন্ন এলাকায় বৃহস্পতিবার (২৯ মে) দিনভর টানা বৃষ্টিতে সৃষ্টি হয়েছে তীব্র জলাবদ্ধতা। বৃষ্টির পানিতে বিভিন্ন জায়গায় অলিগলি থেকে শুরু করে মূল সড়ক পর্যন্ত তলিয়ে গেছে। ফলে ভোগান্তিতে পড়েছেন নগরবাসী। সরেজমিনে দেখা গেছে, নিউমার্কেট এলাকা বৃষ্টির পানিতে একেবারেই তলিয়ে গেছে। সেখানকার অলিগলি এমনকি প্রধান সড়কেও হাঁটু পর্যন্ত পানি। সড়ক তলিয়ে যাওয়ায় ভোগান্তিতে পড়েছে সাধারণ মানুষ। নিউমার্কেট ছাড়াও যাত্রাবাড়ী, শনির আখড়া, ডেমরা, ধোলাইখাল, গেন্ডারিয়া, মুগদা, গোপীবাগ, জুরাইন, শাহজালাল বিমানবন্দরের সামনের সড়ক, বাড্ডা, সাঁতারকুলের বিভিন্ন এলাকায় জলাবদ্ধতা সৃষ্টি হয়েছে। এছাড়া রামপুরা ও খিলগাঁওয়ের কিছু এলাকাতেও তীব্র জলাবদ্ধতার সৃষ্টি হয়েছে। বিশেষ করে পশ্চিম রামপুরার উলন, পূর্ব রামপুরার জামতলা, জাকির গলি, তালতলার কিছু অংশ, নবীনবাগ সেহেরুনবাগ এলাকার অনেক রাস্তা এখনও পানির নিচে। ফলে দুর্ভোগ পোহাতে হচ্ছে সেখানকার মানুষের।                                     											jwARI.fetch( $( ""#ari-image-jw6839d8ca676d8"" ) );
             জলাবদ্ধতার ভোগান্তি থেকে নগরবাসীর মুক্তি মিলবে কবে মাত্র একদিনের বৃষ্টিতেই সৃষ্ট জলাবদ্ধতায় ভোগান্তির অন্ত নেই রাজধানীবাসীর। ব্যবসায়ী থেকে শুরু করে, যাত্রী, পথচারীসহ সাধারণ মানুষ মুখবুজে সহ্য করছেন জলাবদ্ধতা নামে এই যন্ত্রণার। নিউমার্কেটের ব্যবসায়ী সাত্তার বাংলা ট্রিবিউনকে বলেন, মার্কেটে পানি ঢুকে পড়েছে। তাই দোকান খুলতে পারেননি। আজ সারাদিন বেচাকেনা বন্ধ। প্রতি বছর বর্ষাকালে নিউমার্কেট এলাকা পানিতে ডুবে যায়। অথচ সিটি করপোরেশন কোনও ফলপ্রসূ উদ্যোগ নেয়নি। গতকাল রাতে সিটি করপোরেশনের কন্ট্রোল রুমে ফোন দিয়ে জানানোর পরও কোনও লাভ হয়নি। জুরাইনের বাসিন্দা ও একটি বেসরকারি কলেজের প্রভাষক আফসানা মিমি বাংলা ট্রিবিউনকে বলেন, বৃষ্টি হলে আর রাস্তা দিয়ে স্বাভাবিকভাবে হাঁটা যায় না। অলিগলিতে হাঁটু সমান পানি উঠে থাকে। তাছাড়া ড্রেনে থাকা ময়লা-আবর্জনা সব ভেসে ওঠে। এমনকি বাসায় পর্যন্ত চলে আসে। আফসানা মিমি আক্ষেপ করে বলেন, প্রায় ১০ বছর চাকরির সুবাদে আমার এই এলাকায় বসবাস। ওয়াসার পানির সমস্যা থেকে শুরু করে এমন কোনও সমস্যা নেই যা এই এলাকাতে নেই। বর্ষা এলে বিশেষ করে এই সমস্যাটা বেড়ে যায়। সিটি করপোরেশন বিগত সময়ে অসংখ্য উদ্যোগ নিয়েছে এই এলাকার জলাবদ্ধতা নিরসনে কিন্তু কোনও কাজে আসেনি। জলাবদ্ধতা নিয়ে ক্ষুব্ধ হয়ে আক্তার হোসেন বিপ্লব নামে একজন ফেসবুকে লেখেন, ড্রেনের ব্যবস্থার দূরাবস্থার কারণে প্রতি বছর ঢাকা শহরে জলাবদ্ধতা সৃষ্টি হয়। এটি নিরসনে সরকারের পক্ষ থেকে কখনোই কোনও বাস্তবসম্মত উদ্যোগ নেওয়া হয় নাই। আর নিলেও তা সঠিকভাবে বাস্তবায়ন করা হয়নি। যার ভোগান্তি বর্ষা এলেই সাধারণ জনগণকে পোহাতে হয়। এদিকে বাজেট অনুযায়ী সঠিক পরিকল্পনার অভাব, নীতিমালা না মানা আর ঠিকাদাররা নিম্নমানের কাজ করার পরও তাদের দিয়েই দীর্ঘ দিন ধরে কাজ করানোর কারণে এ পরিস্থিতি সৃষ্টি হয়েছে বলে মনে বাংলাদেশ ইনস্টিটিউট অব প্ল্যানার্সের (বিআইপি) সাধারণ সম্পাদক নগরবিদ শেখ মুহাম্মদ মেহেদী আহসান। বাংলা ট্রিবিউনকে তিনি বলেন, উন্নয়নকাজে ঠিকাদারি প্রতিষ্ঠানের গাফিলতির কারণে রাজধানীর বিভিন্ন সড়কে এমন অচলাবস্থার সৃষ্টি হয়েছে। দুর্বল, দুর্নীতিগ্রস্ত ঠিকাদারদের দিয়ে এই কাজগুলো দীর্ঘদিন করানোর ফলে রাস্তার এমন বেহাল দশা। দেশের অর্থনৈতিক পরিস্থিতি বিবেচনায় রেখে উন্নয়ন প্রকল্প মানসম্মতভাবে করার পরামর্শ দেন এই নগরবিদ।                                     											jwARI.fetch( $( ""#ari-image-jw6839d8ca67710"" ) );
             জলাবদ্ধতার বিষয়ে যা বলছে ঢাকার দুই সিটি করপোরেশন  প্রতি বছর বৃষ্টিতে জলাবদ্ধতার সৃষ্টি হলেই বিভিন্ন উদ্যোগ গ্রহণ করে সাময়িক সময়ের জন্য জলাবদ্ধতা নিরসন করলে স্থায়ীভাবে কীভাবে জলাবদ্ধতা নিরসন করা যায়, তা নিয়ে আদৌ কোনও উদ্যোগ গ্রহণ করেনি ঢাকার দুই সিটি করপোরেশন। ফলে বৃষ্টি হলেই ভোগান্তি পোহাতে হয় নগরবাসীকে। জলাবদ্ধতা নিরসনে দক্ষিণ সিটি করপোরেশন (ডিএসসিসি) থেকে কোনও উদ্যোগ নেওয়া হয়েছে কিনা তা জানতে চাইলে ডিএসসিসির প্রধান বর্জ্য ব্যবস্থাপনা কর্মকর্তা এয়ার কমডোর মো. মাহাবুবুর রহমান তালুকদার বাংলা ট্রিবিউনকে বলেন, টানা বৃষ্টির কারণে অনেক এলাকায় জলজট হয়েছে কিন্তু জলাবদ্ধতা না। জলাবদ্ধতা নিরসনে জরুরি কন্ট্রোলরুম স্থাপন করা হয়েছে। যদি কোনও জায়গায় জলাবদ্ধতা হয় সে ক্ষেত্রে সিটি করপোরেশনের কন্ট্রোলরুমে সেখানকার লোকেশন দিলে জলাবদ্ধতা নিরসনে কাজ করবে। তিনি আরও বলেন, আসন্ন কোরবানি ঈদ উপলক্ষে আমরা বর্জ্য ব্যবস্থাপনা নিরসনে চারটি বিশেষ টিম তৈরি করেছি। যেটি জলাবদ্ধতা নিরসনেও কাজ করবে। আর নিউমার্কেটের যে জলাবদ্ধতা, তা নিচু জায়গার কারণে হয়েছে। সেটা নিয়ে আমাদের বড় প্রকল্প রয়েছে। এ বছর নানা কারণে তা হয়নি। আগামী বছর বর্ষার আগেই আমরা এ নিয়ে পরিকল্পনা করবো। ডিএসসিসি সূত্রে জানা গেছে, ঢাকা দক্ষিণ সিটি করপোরেশন এলাকায় জলাবদ্ধতা নিরসনে কন্ট্রোল রুমের দায়িত্বে আছেন ডিএসসিসির তত্ত্বাবধায়ক প্রকৌশলী ড. মোহাম্মদ শফিউল্লাহ সিদ্দিক ভূঁইয়া। কোনও এলাকায় জলাবদ্ধতা দেখা দিলে কন্ট্রোল রুমের মোবাইল নম্বরে ০১৯৬৮৪৬৮৩৬৭ ফোন দিয়ে তথ্য দিলেই কাজ করে ডিএসসিসি। এদিকে ডিএনসিসি জনসংযোগ বিভাগ থেকে জানানো হয়েছে, কোনও এলাকায় জলাবদ্ধতা দেখা দিলে নাগরিকদের ১৬১০৬ নম্বর হটলাইন অথবা কন্ট্রোল রুমের মোবাইল নম্বর ০১৭৩৩৯৮২৪৮৬ এ ফোন করে তথ্য দিতে। ঢাকা উত্তরের যেকোনও অঞ্চলে জলাবদ্ধতার খবর পাওয়া মাত্রই দ্রুত ব্যবস্থা নেওয়া হবে।",2025-05-30T19:44:44+06:00
https://www.banglatribune.com///www.banglatribune.com/country/900992/%E0%A6%9A%E0%A6%9F%E0%A7%8D%E0%A6%9F%E0%A6%97%E0%A7%8D%E0%A6%B0%E0%A6%BE%E0%A6%AE%E0%A7%87-%E0%A6%9D%E0%A7%9C%E0%A7%8B-%E0%A6%B9%E0%A6%BE%E0%A6%93%E0%A7%9F%E0%A6%BE%E0%A7%9F-%E0%A6%A4%E0%A7%80%E0%A6%B0%E0%A7%87-%E0%A6%86%E0%A6%9F%E0%A6%95%E0%A7%87-%E0%A6%97%E0%A7%87%E0%A6%B2%E0%A7%8B-%E0%A7%AA-%E0%A6%9C%E0%A6%BE%E0%A6%B9%E0%A6%BE%E0%A6%9C,চট্টগ্রামে ঝোড়ো হাওয়ায় তীরে আটকে গেলো ৪ জাহাজ,"চট্টগ্রামে ঝোড়ো হাওয়া ও সাগরের উত্তাল ঢেউয়ে নিয়ন্ত্রণ হারিয়ে চারটি জাহাজ তীরে উঠে গেছে। বৃহস্পতিবার (২৯ মে) রাতে চট্টগ্রামের পতেঙ্গা ও আনোয়ারা পারকি সমুদ্রসৈকত এলাকায় এসব নৌযান আটকে পড়ে। খোঁজ নিয়ে জানা গেছে, চট্টগ্রাম বন্দরের জলসীমার আওতাধীন আনোয়ারা উপকূলের পারকি সমুদ্রসৈকতে আটকে পড়া নৌযান দুটি হলো মারমেইড-৩ ও নাভিমার-৩। সেগুলোর মধ্যে মারমেইড-৩ হলো বার্জ, নাভিমার-৩ টাগবোটের সাহায্যে আনা-নেওয়া করা হয়। প্রায় দুই বছর আগে চট্টগ্রামের বাঁশখালীর এসএস পাওয়ারপ্ল্যান্টের নির্মাণকাজের জন্য এই বার্জে করে ভারত থেকে বড় পাথর নিয়ে আসা হয়েছিল। আনোয়ারা থানার ভারপ্রাপ্ত কর্মকর্তা (ওসি) মনির হোসেন বলেন, ‘বৃহস্পতিবার রাতে সাগরে কয়লা বহনকারী একটি বার্জসহ দুটি জাহাজ ঢেউয়ের তোড়ে আনোয়ারা উপকূলে আটকে যায়। তবে বার্জটিতে কোনও কয়লা ছিল না।’ আটকে যাওয়া জাহাজের ওয়াচম্যান মিসকাতুর রহমান বলেন, ‘আমাদের কয়লাবোঝাই জাহাজটি দুবাই মালিকানাধীন কোম্পানির। বৃহস্পতিবার বাঁশখালীর গন্ডামারা কয়লা বিদ্যুৎকেন্দ্র থেকে ফেরার পথে ঝড়ের কবলে পড়ে। পরে ঢেউয়ের তোড়ে চরে আটকে যায়। বিষয়টি কর্তৃপক্ষকে জানানো হয়েছে।’ অপরদিকে, বৃহস্পতিবার রাতে একইভাবে ঝোড়ো হাওয়ার কবলে পড়ে চট্টগ্রামের পতেঙ্গা উপকূলে দুটি জাহাজ আটকে পড়েছে। জাহাজ দুটি হলো এমভি আল-হেরেম ও বিএলপিজি সুফিয়া। বিএলপিজি সোফিয়া জাহাজটি গত অক্টোবরে এলপিজি গ্যাস স্থানান্তরের সময় বিস্ফোরণ ও অগ্নিকাণ্ডে ক্ষতিগ্রস্ত হয়েছিল।",2025-05-30T17:58:08+06:00
https://www.banglatribune.com///www.banglatribune.com/foreign/900969/%E0%A6%86%E0%A6%AA%E0%A6%BF%E0%A6%B2-%E0%A6%86%E0%A6%A6%E0%A6%BE%E0%A6%B2%E0%A6%A4%E0%A7%87%E0%A6%B0-%E0%A6%A8%E0%A6%BF%E0%A6%B0%E0%A7%8D%E0%A6%A6%E0%A7%87%E0%A6%B6%E0%A7%87-%E0%A6%AC%E0%A6%B9%E0%A6%BE%E0%A6%B2-%E0%A6%A5%E0%A6%BE%E0%A6%95%E0%A6%9B%E0%A7%87-%E0%A6%9F%E0%A7%8D%E0%A6%B0%E0%A6%BE%E0%A6%AE%E0%A7%8D%E0%A6%AA%E0%A7%87%E0%A6%B0-%E0%A6%B6%E0%A7%81%E0%A6%B2%E0%A7%8D%E0%A6%95,আপিল আদালতের নির্দেশে বহাল থাকছে ট্রাম্পের শুল্ক,"মার্কিন প্রেসিডেন্ট ডোনাল্ড ট্রাম্পের শুল্কনীতি বহাল রাখার পক্ষে রায় দিয়েছে দেশটির আপিল আদালত। ট্রাম্পের আরোপিত ব্যাপক শুল্ক বাণিজ্য আদালতে স্থগিতের সিদ্ধান্ত দেওয়ার পরদিন বৃহস্পতিবার (২৯ মে) এই পালটা রায় দেওয়া হয়। ব্রিটিশ বার্তাসংস্থা রয়টার্স এ খবর জানিয়েছে। মার্কিন আপিল আদালতের সিদ্ধান্তে বলা হয়, পুরো আপিল প্রক্রিয়া সম্পন্ন হওয়ার আগ পর্যন্ত নিম্ন আদালতের রায় স্থগিত রাখার আদেশ দেওয়া হলো। নিজ বক্তব্য পেশ করার জন্য বাদী পক্ষকে ৫ জুন এবং সরকার পক্ষকে ৯ জুন সময় দেওয়া হয়। মার্কিন আন্তর্জাতিক বাণিজ্য আদালত বুধবার জানায়, এখতিয়ার বহির্ভূতভাবে শুল্ক আরোপ করেছেন মার্কিন প্রেসিডেন্ট। জাতীয় হুমকি মোকাবেলার উদ্দেশ্যে সৃষ্ট আন্তর্জাতিক জরুরি অর্থনৈতিক ক্ষমতা আইন ব্যবহার করে শুল্ক আরোপ করেছেন। অথচ মার্কিন সংবিধান অনুযায়ী শুল্ক আরোপের অধিকার কংগ্রেসের হাতে বর্তায়। গত এপ্রিলে ব্যাপকহারে শুল্ক আরোপ করেন ট্রাম্প। ওই নীতিকে তিনি স্বাধীনতা দিবসের শুল্ক (লিবারেশন ডে ট্যারিফ) নামে অভিহিত করেছেন। এগুলোর আওতায় কানাডা, মেক্সিকো, চীনসহ অনেক দেশের ওপর নতুন শুল্ক আরোপ করা হয়। ট্রাম্প দাবি করেন, এসব দেশ যুক্তরাষ্ট্রে ফেন্টানিলসহ মাদকদ্রব্য প্রবাহে ভূমিকা রাখছে, তাই তিনি জরুরি ভিত্তিতে ট্যারিফ আরোপের সিদ্ধান্ত নেন। বাণিজ্য আদালতের গতকালের রায়ে ট্রাম্পের শুল্ক বাতিল বা অন্তত সাময়িকভাবে স্থগিতের সিদ্ধান্ত দেওয়া হয়। ওই রায়ে ক্ষুব্ধ প্রতিক্রিয়া জানান ট্রাম্প। দেশকে হুমকির মুখে ফেলা ভয়াবহ ওই সিদ্ধান্তকে সর্বোচ্চ আদালত পালটে দেবে বলে আশা প্রকাশ করেন তিনি। সামাজিক যোগাযোগমাধ্যমে তিনি বলেন, ওই ভয়াবহ সিদ্ধান্তে বলা হলো, শুল্ক আরোপ করতে আমাকে নাকি কংগ্রেসের অনুমতি নিতে হবে। এই সিদ্ধান্ত বহাল থাকলে প্রেসিডেন্টের ক্ষমতা পুরোপুরি ধুলিস্যাত হয়ে যাবে।",2025-05-30T15:43:19+06:00
https://www.banglatribune.com///www.banglatribune.com/national/900997/%E0%A6%AA%E0%A7%8D%E0%A6%B0%E0%A6%AC%E0%A6%BE%E0%A6%B8%E0%A7%80%E0%A6%A6%E0%A7%87%E0%A6%B0-%E0%A6%86%E0%A6%B0%E0%A6%93-%E0%A6%B8%E0%A6%AE%E0%A6%B0%E0%A7%8D%E0%A6%A5%E0%A6%A8-%E0%A6%9A%E0%A6%BE%E0%A6%87%E0%A6%B2%E0%A7%87%E0%A6%A8-%E0%A6%AA%E0%A7%8D%E0%A6%B0%E0%A6%A7%E0%A6%BE%E0%A6%A8-%E0%A6%89%E0%A6%AA%E0%A6%A6%E0%A7%87%E0%A6%B7%E0%A7%8D%E0%A6%9F%E0%A6%BE,প্রবাসীদের আরও সমর্থন চাইলেন প্রধান উপদেষ্টা,"প্রধান উপদেষ্টা ড. মুহাম্মদ ইউনূস বলেছেন, যখন তারা (আওয়ামী লীগ সরকার) চলে গেছে কোষাগার খালি করে গেছে, ব্যাংকগুলো খালি করে গেছে, ব্যাংকের সব টাকা নিয়ে গেছে। রেমিট্যান্স না আসলে আমরা বাঁচতে পারতাম না। সেই দুর্যোগের ব্যবস্থা থেকে আমরা ধীরে ধীরে আসছি। আপনাদের (প্রবাসীদের) সমর্থন না পেলে, সাহায্য না পেলে বাংলাদেশের ঘুরে দাঁড়ানোর আর সুযোগ ছিল না। শুক্রবার (২০ মে) টোকিওতে বাংলাদেশ দূতাবাস আয়োজিত প্রবাসীদের সঙ্গে মতবিনিময় অনুষ্ঠানে তিনি এসব কথা বলেন। ড. ইউনূস বলেন, এখন ঘুরে দাঁড়িয়েছে, আপনাদের এই সমর্থন আরও লাগবে। যাতে আপনারা যেসব কাজের কথা বললেন, সেগুলো আরও সুন্দরভাবে করে ফেলতে পারি। এতগুলো বিষয় আমাদের সামনে এসে গেছে—কোনটা রেখে কোনটা করবো, তা নিয়ে সমস্যায় আছি। আমরা খোঁজ নেবো যাতে সব সমস্যার সমাধান হয়। তিনি বলেন, আজকে এখানকার একটি কোম্পানি খোঁচা দিয়ে কথা বললো—টাকা দিচ্ছি না। আমরা পরিশোধ করতে পারছি না। আমরা বললাম, ভাই একটু সময় দেন। আমরা টাকা জোগাড় করি, অনেকগুলো তো দিয়ে দিয়েছি। কাজেই এক পয়সাও মার যাবে না। তারা আশ্বস্ত হয়েছে, কারণ আমরা পরিশোধ করে আসছি। বহু দেনা ছিল আমাদের। প্রধান উপদেষ্টা বলেন, ভবিষ্যতে আমাদের অংশ আমরা অবশ্যই করবো, কিন্তু আপনাদের অংশ জোরদার করতে হবে। কারণ এখানে আপনারা আছেন, ব্যবসা কীভাবে বাড়াতে হবে, আপনাকে দেখতে হবে। দেশ থেকে বসে আমরা কেউ ব্যবসার কথা বলতে পারবো না। একজন ছাত্র এখানে বললো—দেশের পরিস্থিতি ঠিক হলে দেশে যাবো, একজনকে দেশে নিয়ে যাওয়ার জন্য আমরা সারা দেশ পাল্টে ফেলতে পারবো না, যেভাবে আছে ওভাবেই যেতে হবে। ওইভাবে গিয়ে দেশ মেরামত করতে হবে। কাজেই এখান থেকে এভাবে বললে হবে, আমি একজন দেশের নাগরিক। নাগরিক হিসেবে যখন দেখছি যে এটি ঠিক হচ্ছে না, নাগরিক হিসেবে দায়িত্ব নিতে হবে—আমি দায়িত্ব পালন করবো। তিনি আরও বলেন, সংশোধনের জন্য সারা দেশের প্রয়োজন নেই, একজন দাঁড়ালেই হয়। কাজেই মনে করার কিছু নাই একা কী করবো। একজন থেকে শুরু হয় সবকিছু, এই যে এত বড় আন্দোলন হলো, শুরুতেই এক-দুজনই ছিল। বাড়তে বাড়তে আজকে পুরো দেশে বেড়েছে। যে ছাত্ররা প্রাণ দিলো, তাদের যে স্বপ্ন তা কীভাবে আমরা বাস্তবায়ন করি, সেই বাস্তবায়নের অংশীদার হতে হবে আমাদের।  কাজেই সব মিলিয়ে একসঙ্গে আমাদের কাজ করতে হবে। এতে সুবিধা হলো জাপান সরকারের ওপর প্রভাব বিস্তার করা। এই যে নতুন লোক নিচ্ছে, ভাষা শেখা থেকে শুরু করে কীভাবে কী করা যায়, কারণ আমাদের যেই সুবিধা আসে সেটাকে উল্টো দিকে নিয়ে যাওয়ার চেষ্টা থাকে। প্রধান উপদেষ্টা বলেন, উল্টো দিকে নিয়ে বাজার নষ্ট করে ফেলে। জাপানিরা যদি দেখে তাহলে কিন্তু আসতে দেবে না। এরকম হয়েছে, আমি ব্যক্তিগতভাবে জানি, সব লোক নেওয়া বন্ধ করে দিয়েছে। যখন তাদের সঙ্গে বৈঠকে বসলাম, তারা বললো তোমাদের সবকিছু ভুয়া। এই যে কাগজ, নাম, পাসপোর্ট সব ভুয়া। এই ভুয়া লোকের সঙ্গে কীভাবে কাজ করবে। ফলে দেশ থেকে লোক নেওয়া বন্ধ করে দিয়েছে। আমাদের অনেক কষ্ট করতে হয়েছে। লুতফে সিদ্দিকীকে আমি এই কাজে লাগিয়ে রেখেছিলাম, এখানে কী সমস্যা কীভাবে দরজা খুলতে পারে। সবার সঙ্গে আলাপ করে বলা হলো, অতীতে ভুল হয়েছে, আমাদের দায়িত্ব হচ্ছে ভুল সংশোধন করে দেওয়া। বহু কষ্ট করে সেই দরজা খুলতে শুরু করেছে। এই হচ্ছে আমাদের জন্য মুশকিল, যেটাতে হাত দেই ভেজাল, যেটাতে হাত দেই ভুয়া। কাজেই এখন যে এখানে লোক আনার রাস্তা শুরু হলো, আমার বড় সন্দেহ হচ্ছে—এখানেও ভুয়া ঢুকে পড়বে। ভুয়া লোক ঢুকে এই জাপানি সরকারের মধ্যে এমন মেজাজ খারাপ করবে, তারপর বলবে বাদ দাও। আমরা তাদের আজকে বুঝিয়েছি—আমাদের ছেলে মেয়েরা অনেক সুন্দর কাজ করে, তারা অনেক নির্ভরযোগ্য, তারা অন্য দেশেও কাজ করছে ,তাদের নিলে ভালো হবে।",2025-05-30T19:13:26+06:00
https://www.banglatribune.com///www.banglatribune.com/national/900986/%E0%A6%9C%E0%A6%BE%E0%A6%AA%E0%A6%BE%E0%A6%A8%E0%A7%87%E0%A6%B0-%E0%A6%B8%E0%A6%99%E0%A7%8D%E0%A6%97%E0%A7%87-%E0%A6%B8%E0%A6%AE%E0%A7%8D%E0%A6%AA%E0%A6%B0%E0%A7%8D%E0%A6%95-%E0%A6%A8%E0%A6%A4%E0%A7%81%E0%A6%A8-%E0%A6%89%E0%A6%9A%E0%A7%8D%E0%A6%9A%E0%A6%A4%E0%A6%BE%E0%A7%9F-%E0%A6%89%E0%A6%A0%E0%A6%B2%E0%A7%8B-%E0%A6%AA%E0%A7%8D%E0%A6%B0%E0%A7%87%E0%A6%B8,জাপানের সঙ্গে সম্পর্ক নতুন উচ্চতায় উঠলো: প্রেস সচিব,"প্রধান উপদেষ্টার প্রেস সচিব শফিকুল আলম বলেছেন, ‘আজ জাপানের সঙ্গে আমাদের যে বিদ্যমান সম্পর্ক, এটা এক নতুন উচ্চতায় উঠলো। এক অভূতপূর্ব যে গণঅভ্যুত্থান হলো, এর পরপর জাপান আমাদের পাশে দাঁড়িয়েছে। আজ জাপানের প্রধানমন্ত্রীর সঙ্গে প্রধান উপদেষ্টার সৌহার্দ্যপূর্ণ একটি মিটিং হলো। জাপান থেকে বাংলাদেশ ১ দশমিক ৬৩ বিলিয়ন ডলার পাচ্ছে। ফলে আমরা যে অর্থনীতিক পুনুরুদ্ধারের মধ্যে আছি, তাতে এটি আমাদের সহায়তা করবে।’ শুক্রবার (৩০ মে) টোকিওতে সাংবাদিকদের সঙ্গে আলাপকালে এসব কথা বলেন তিনি। শফিকুল আলম বলেন, আর অন্যান্য অনেক বিষয় নিয়ে আলাপ হয়েছে, জাপান বাংলাদেশের সঙ্গে আরও নিবিড় বন্ধুত্ব করতে চায়। জাপান বাংলাদেশ নৌবাহিনীকে পাঁচটি টহল বোট দিচ্ছে। বৈঠকে ৬টি সমঝোতা স্বারকও সই হয়েছে। তার মধ্যে একটি হচ্ছে ইলেকট্রিক সাইকেল ফ্যাক্টরি স্থাপনের। জাপান বলছে, তারা বাংলাদেশকে সর্বত্র সহায়তা করবে। আমাদের নির্বাচনি কাজেও জাপান সহায়তা করবে। এখানে কিছু কিছু ইস্যু আছে, সেখানে আমরা সহায়তা চেয়েছি। তারা জানিয়েছে যে, তারা আমাদের পাশে থাকবে।’ তিনি আরও বলেন, প্রবাসী বাংলাদেশিদের সঙ্গে মতবিনিময় করেছেন প্রধান উপদেষ্টা। তিনি প্রবাসীদের কাছ থেকে অনেক বক্তব্য শুনলেন। অনেকে তাকে লিখিতভাবেও জানিয়েছেন।",2025-05-30T17:35:21+06:00
https://www.banglatribune.com///www.banglatribune.com/national/900971/%E0%A6%A8%E0%A6%A4%E0%A7%81%E0%A6%A8-%E0%A6%AC%E0%A6%BE%E0%A6%82%E0%A6%B2%E0%A6%BE%E0%A6%A6%E0%A7%87%E0%A6%B6-%E0%A6%97%E0%A6%A1%E0%A6%BC%E0%A6%A4%E0%A7%87-%E0%A6%9C%E0%A6%BE%E0%A6%AA%E0%A6%BE%E0%A6%A8%E0%A7%87%E0%A6%B0-%E0%A6%B8%E0%A6%B9%E0%A6%BE%E0%A6%AF%E0%A6%BC%E0%A6%A4%E0%A6%BE-%E0%A6%9A%E0%A6%BE%E0%A6%87%E0%A6%B2%E0%A7%87%E0%A6%A8-%E0%A6%AA%E0%A7%8D%E0%A6%B0%E0%A6%A7%E0%A6%BE%E0%A6%A8,নতুন বাংলাদেশ গড়তে জাপানের সহায়তা চাইলেন প্রধান উপদেষ্টা,"প্রধান উপদেষ্টা প্রফেসর মুহাম্মদ ইউনূস নতুন বাংলাদেশ গড়তে জাপানি কোম্পানিগুলোর সমর্থন কামনা করেছেন এবং দেশে আরও বিনিয়োগের আহ্বান জানিয়েছেন। শুক্রবার (৩০ মে) জাপানে চলমান সফরের তৃতীয় দিনে টোকিওতে এক গোলটেবিল আলোচনায় তিনি এই আহ্বান জানান। প্রধান উপদেষ্টা বলেন, ‘তোমাদের সবাইকে দেখে খুব ভালো লাগছে; এটি এমন কিছু যা আমাদের আশ্বস্ত করে। গত ১০ মাসে আমরা খণ্ড খণ্ড করে পুনর্গঠন করছিলাম, সেখানেই জাপানের সমর্থন অত্যন্ত সহায়ক ছিল।’ প্রধান উপদেষ্টা বলেন, স্বৈরাচারী সরকারের বিদায়ের মধ্য দিয়ে বাংলাদেশ ‘‘জীবনের চিহ্ন’’ পেয়েছে। অগোছালো ব্যবস্থা ঠিক করার জন্য স্বস্তির জায়গা চেয়েছে।’ তিনি বলেন, ‘আজ আমরা এমন এক পরিস্থিতিতে রয়েছি, যখন আপনাদের সমর্থন আমাদের সবচেয়ে বেশি প্রয়োজন। আমাদের অঙ্গীকার নতুন বাংলাদেশ গড়া। আমরা পুরনো বাংলাদেশ থেকে দূরত্ব বজায় রাখতে চাই।’ প্রধান উপদেষ্টা বলেন, ‘বাংলাদেশে এখন যে ঘাটতি রয়েছে তা শিগগিরই কেটে যাবে। আমরা আশা করি, এটি অতীতের বিষয় হবে। এটাই জাতির জন্য সবচেয়ে বড় সুযোগ। আমাদের সবারই ভয়ানক অভিজ্ঞতা হয়েছে এবং আমরা এটিকে অতীতের বিষয় হিসেবে ধরে রাখতে চাই।’ অনুষ্ঠানে উদ্বোধনী বক্তব্যে জেট্রোর চেয়ারম্যান ও সিইও নোরিহিকো ইশিগুরো বলেন, ‘সাম্প্রতিক বছরগুলোতে বাংলাদেশ উল্লেখযোগ্য প্রবৃদ্ধি ও বিনিয়োগের সুযোগ পেয়েছে।’ জাপান-বাংলাদেশ কমিটি ফর কমার্শিয়াল অ্যান্ড ইকোনমিক কো-অপারেশনের (জেবিসিসিইসি) চেয়ারম্যান ও মারুবেনি করপোরেশনের ডিরেক্টর, মেম্বার ও এক্সিকিউটিভ করপোরেট অ্যাডভাইজার ফুমিয়া কোকুবু বলেন, ‘বাংলাদেশে ব্যবসা করা ৮৫ শতাংশ জাপানি কোম্পানি আশা করছেন, এ বছর ইকোনমিক পার্টনারশিপ এগ্রিমেন্ট (ইপিএ) সই হবে। তিনি কর বিধিমালা সংস্কারেরও আশা করেছিলেন। বাংলাদেশে নিযুক্ত জাপানের রাষ্ট্রদূত শিনিচি সাইদা বলেন, ‘অন্তর্বর্তী সরকার সবচেয়ে গুরুত্বপূর্ণ যে বিষয়টি সুরক্ষিত করেছে তা হলো অর্থনীতি। কোনও প্রকল্প বন্ধ করা হয়নি, কোনও ব্যবসা স্থগিত করা হয়নি।’ গোলটেবিল আলোচনায় অন্যান্যের মধ্যে বক্তব্য রাখেন সুমিতোমো করপোরেশনের সিইও শিংগো উয়েনো; ইউগেলেনা কোং লিমিটেডের সিইও মিতসুরু ইজুমো, জেরার চিফ গ্লোবাল স্ট্র্যাটেজিস্ট স্টিভেন উইন, জেবিআইসির সিনিয়র ব্যবস্থাপনা পরিচালক কাজুনোরি ওগাওয়া; ওনোডা ইনকরপোরেটেডের সভাপতি শিগেয়োশি ওনোদা, জেট্রোর এক্সিকিউটিভ ভাইস প্রেসিডেন্ট কাজুয়া নাকাজো, আইডিই-জেট্রোর এক্সিকিউটিভ ভাইস প্রেসিডেন্ট মায়ুমি মুরায়ামা। সমাপনী বক্তব্য দেন প্রধান উপদেষ্টার বিশেষ দূত লুৎফে সিদ্দিকী।",2025-05-30T15:50:18+06:00
https://www.banglatribune.com///www.banglatribune.com/tech-and-gadget/900945/%E0%A6%A6%E0%A7%87%E0%A6%B6%E0%A6%9C%E0%A7%81%E0%A7%9C%E0%A7%87-%E0%A6%9F%E0%A7%87%E0%A6%B2%E0%A6%BF%E0%A6%AF%E0%A7%8B%E0%A6%97%E0%A6%BE%E0%A6%AF%E0%A7%8B%E0%A6%97-%E0%A6%B8%E0%A7%87%E0%A6%AC%E0%A6%BE%E0%A7%9F-%E0%A6%AC%E0%A6%BF%E0%A6%98%E0%A7%8D%E0%A6%A8-%E0%A7%AB-%E0%A6%B9%E0%A6%BE%E0%A6%9C%E0%A6%BE%E0%A6%B0%E0%A7%87%E0%A6%B0-%E0%A6%AC%E0%A7%87%E0%A6%B6%E0%A6%BF,"দেশজুড়ে টেলিযোগাযোগ সেবায় বিঘ্ন, ৫ হাজারের বেশি সাইট ডাউন","নিম্নচাপজনিত ঝড় ও জলোচ্ছ্বাসের কারণে বিদ্যুৎ সরবরাহে বিপর্যয় দেখা দেওয়ায় সারা দেশে টেলিযোগাযোগ সেবা ব্যাহত হচ্ছে। শুক্রবার (৩০ মে) সকালে সামাজিক যোগাযোগমাধ্যম ফেসবুকে দেওয়া এক পোস্টে এ তথ্য জানান ডাক, টেলিযোগাযোগ ও তথ্যপ্রযুক্তি মন্ত্রণালয়ের দায়িত্বপ্রাপ্ত প্রধান উপদেষ্টার বিশেষ সহকারী ফয়েজ আহমদ তৈয়্যব। তিনি বলেন, প্রবল বৃষ্টিপাতে দেশের বিভিন্ন টেলিকম সাইট ক্ষতিগ্রস্ত হয়েছে। বিদ্যুৎ বিভ্রাটের কারণে পাঁচ হাজারের বেশি সাইট ডাউন হয়ে গেছে। ফয়েজ আহমদ জানান, সবচেয়ে ক্ষতিগ্রস্ত অঞ্চলগুলোর মধ্যে রয়েছে বরিশাল, সিলেট দক্ষিণ, টাঙ্গাইল, চাঁদপুর, ময়মনসিংহ, ঢাকা উত্তর, কুমিল্লা, নোয়াখালী ও চট্টগ্রাম দক্ষিণ। তিনি আরও জানান, বর্তমানে দেশের মোট ৪৪ শতাংশ মেইনস বিকল, মোট সাইট চালু রয়েছে ৬৪ দশমিক ২ শতাংশ, আর মোট ৩৫ দশমিক ৮ শতাংশ সাইট ডাউন। জরুরি ভিত্তিতে বিদ্যুৎ সরবরাহের জন্য ৬২৪টি পোর্টেবল জেনারেটর সংযুক্ত করা হয়েছে এবং আরও ৫০৪টি পথে রয়েছে। পরিস্থিতি স্বাভাবিক করতে পল্লী বিদ্যুৎসহ টেলিযোগাযোগ খাতের সংশ্লিষ্ট কর্মীরা নিরলসভাবে কাজ করে যাচ্ছেন বলেও জানান তিনি।",2025-05-30T12:45:08+06:00
https://www.banglatribune.com///www.banglatribune.com/sport/cricket/900972/%E0%A6%AC%E0%A6%BE%E0%A6%82%E0%A6%B2%E0%A6%BE%E0%A6%A6%E0%A7%87%E0%A6%B6%E0%A7%87%E0%A6%B0-%E0%A6%86%E0%A6%9C-%E0%A6%B8%E0%A6%BF%E0%A6%B0%E0%A6%BF%E0%A6%9C-%E0%A6%AC%E0%A6%BE%E0%A6%81%E0%A6%9A%E0%A6%BE%E0%A6%A8%E0%A7%8B%E0%A6%B0-%E0%A6%AE%E0%A6%BF%E0%A6%B6%E0%A6%A8,বাংলাদেশের আজ সিরিজ বাঁচানোর মিশন,"দেশের ক্রিকেটে এখন ফারুক আহমেদকে নিয়ে চলছে অস্থিরতা। তার মনোনয়ন বাতিলে বিসিবির সভাপতি পদে থাকার যোগ্যতা হারিয়েছেন তিনি। বিসিবিতে যখন শীর্ষ পদ নিয়ে তোলপাড়, ঠিক এই সময়ে পাকিস্তানে আজ শুক্রবার দ্বিতীয় টি-টোয়েন্টিতে পাকিস্তানের বিপক্ষে মাঠে নামছে বাংলাদেশ। এই ম্যাচ হারলে সংযুক্ত আরব আমিরাতের পর আরও একটি ব্যর্থ টি-টোয়েন্টি মিশনে নাম লেখাবে লিটন দাসরা। তাই সিরিজ বাঁচাতে আজ জয়ের বিকল্প নেই তাদের। ম্যাচ শুরু হবে বাংলাদেশ সময় রাত ৯টায়। অবশ্য প্রথম ম্যাচ যেভাবে হেরেছে তাতে করে ব্যাটারদের ইন্টেন্টের কথাই ঘুরে ফিরে আসছে। লাহোরে সিরিজের প্রথম ম্যাচে ৩৭ রানে হেরেছে সফরকারীরা। শুরুতে ব্যাট করে স্বাগতিক পাকিস্তান ৭ উইকেটে ২০১ রানের সংগ্রহ দাঁড় করিয়েছে। লাহোরের গাদ্দাফি স্টেডিয়াম এমনিতেই রানপ্রসবা বলে পরিচিত। পাকিস্তান সুপার লিগেও দেখা গেছে তেমন। পাকিস্তান প্রথম ইনিংসে দুইশ প্লাস রান করে সেটা আবারও প্রমাণ করেছে। কিন্তু বাংলাদেশ যখন ব্যাট করতে নামে, তখন মনে হয়েছে এই মাঠে বুঝি ব্যাটিং কষ্টকর। ১৯.২ ওভারেই তারা গুটিয়ে যায় ১৬৪ রানে। শেষ পর্যন্ত নিজেদের খেলার ধরনে ইন্টেন্টের ঘাটতিকে সামনে আনেন বাংলাদেশের স্পিন বোলিং কোচ মুশতাক আহমেদ।  বড় রান তাড়ায় ব্যাটাররা যেভাবে খেলেছেন তাতে করে তাদের মানসিকতা নিয়েই প্রশ্ন উঠেছে। যেমন পঞ্চম ওভারে খেলতে এসে ২২ বলে ১৭ রান করতে পেরেছেন মারকুটে তাওহীদ হৃদয়। তাতে করে পাকিস্তান ইনিংসের তুলনায় নিজেদের মানসিক অবস্থানটা আরও প্রকট হয়ে ধরা দেয়। বিশেষ করে ধাক্কার পর কীভাবে মোমেন্টাম ফিরে পেতে ব্যাটিং করতে হয় সেটা ভালো করেই দেখিয়েছেন পাকিস্তান অধিনায়ক সালমান আগা, মোহাম্মদ হারিস, হাসান নওয়াজ ও শাদাব খানরা।  কিন্তু বাংলাদেশের ব্যাটাররা সেই জায়গায় পিছিয়ে। শুধু হৃদয়ের বেলাতেই এমনটা ঘটেনি। লিটন দাস, তানজিদ তামিমরা সেট হওয়ার পরও প্রথম ম্যাচে উইকেট বিলিয়ে এসেছেন। তাই প্রথম ম্যাচের সেই ভুলগুলো আজ শুধরে নেওয়ার বিকল্প নেই। মুশতাক আহমেদ ম্যাচের পরই বলেছেন, ‘কৌশলগতভাবে আমরা সেরকম স্মার্ট ছিলাম না। বিশেষ করে লিটন যখন, খেলতে আসে তখন মনে হচ্ছিল ম্যাচ আমাদের পক্ষে। কিন্তু ওভার প্রতি ১৩-১৪ রান অনেক বেশি হয়ে যায়। তাই কোচ হিসেবে তাদের সঙ্গে আমার কথা বলতে হবে যে মাঝের ওভারগুলোতে কীভাবে ইন্টেন্ট নিয়ে খেলতে হবে।’ দলের বোলিং বিভাগ নিয়েও ভাবতে হবে। গর্ব করার মতো স্পিন বিভাগ হলেও মেহেদী হাসান ও রিশাদ হোসেনরা প্রথম ম্যাচে ৪ ওভারে ৯১ রান বিলিয়েছেন। তাই কার্যকরী বোলিংয়ের বিষয়টাও মাথায় রাখতে হবে।  সিরিজ বাঁচানোর মিশনে বাংলাদেশ হয়তো একটি পরিবর্তন আনতে পারে। একাদশে আসতে পারেন নাজমুল হোসেন শান্ত। ",2025-05-30T15:50:31+06:00
https://www.banglatribune.com///www.banglatribune.com/foreign/middle-east/900981/%E0%A6%97%E0%A6%BE%E0%A6%9C%E0%A6%BE%E0%A6%AF%E0%A6%BC-%E0%A6%AE%E0%A6%BE%E0%A6%A8%E0%A6%AC%E0%A6%BF%E0%A6%95-%E0%A6%B8%E0%A6%82%E0%A6%95%E0%A6%9F-%E0%A6%87%E0%A6%B8%E0%A6%B0%E0%A6%BE%E0%A6%AF%E0%A6%BC%E0%A7%87%E0%A6%B2%E0%A7%87%E0%A6%B0-%E0%A6%93%E0%A6%AA%E0%A6%B0-%E0%A6%A8%E0%A6%BF%E0%A6%B7%E0%A7%87%E0%A6%A7%E0%A6%BE%E0%A6%9C%E0%A7%8D%E0%A6%9E%E0%A6%BE%E0%A6%B0,গাজায় মানবিক সংকট: ইসরায়েলের ওপর নিষেধাজ্ঞার হুমকি ফ্রান্সের,"গাজায় তীব্র মানবিক সংকট নিরসনে পদক্ষেপ না নিলে ইসরায়েলি নাগরিকদের ওপর নিষেধাজ্ঞা আরোপের হুমকি দিয়েছেন ফ্রান্সের প্রেসিডেন্ট ইমানুয়েল ম্যাক্রোঁ। শুক্রবার সিঙ্গাপুর সফরে দেশটির প্রধানমন্ত্রী লরেন্স ওয়াংয়ের সঙ্গে এক যৌথ সংবাদ সম্মেলনে তিনি বলেন, মানবিক অবরোধ একটি অস্থির ও অগ্রহণযোগ্য পরিস্থিতি সৃষ্টি করছে। যদি কয়েক ঘণ্টা বা কয়েক দিনের মধ্যে গাজায় মানবিক পরিস্থিতির সঙ্গে সঙ্গতিপূর্ণ পদক্ষেপ নেওয়া না হয়, তাহলে আমাদের সম্মিলিত অবস্থান আরও কঠোর করতে হবে। ফরাসি প্রেসিডেন্টের এই মন্তব্য এমন এক সময়ে এসেছে, যখন ইসরায়েলের তিন মাসব্যাপী অবরোধে গাজায় দুর্ভিক্ষের আশঙ্কা প্রবল হচ্ছে। সহায়তা সংস্থাগুলো বলছে, প্রতি পাঁচ জনের একজন চরম খাদ্য সংকটে রয়েছে। ইসরায়েল আন্তর্জাতিক চাপের মুখে গাজায় সামান্য পরিমাণ খাদ্য ও ওষুধ প্রবেশের অনুমতি দিলেও বাস্তব পরিস্থিতি অবনতির দিকেই যাচ্ছে। যুক্তরাষ্ট্র ও ইসরায়েলের সহায়তায় প্রতিষ্ঠিত নতুন বেসরকারি সংস্থা গাজা হিউম্যানিটারিয়ান ফাউন্ডেশন (জিএইচএএফ)-এর মাধ্যমে যে সামান্য সহায়তা পৌঁছেছে, তা দুর্নীতি, লুটপাট ও সহিংসতার মধ্যেই সীমাবদ্ধ থেকেছে। একাধিক সহায়তা কেন্দ্র সহিংসতার কেন্দ্রে পরিণত হয়েছে। আল জাজিরার এক প্রতিবেদনে বলা হয়েছে, শুক্রবার গাজার মধ্যাঞ্চলে সহায়তা নিতে আসা লোকজনের ওপর ইসরায়েলি বাহিনী গুলি চালালে বেশ কয়েকজন আহত হন। জাতিসংঘের ফিলিস্তিনি শরণার্থী সংস্থা জানিয়েছে, তাদের জর্ডানের আম্মানে থাকা গুদামে বিপুল পরিমাণ খাদ্য, ওষুধ ও স্বাস্থ্যসামগ্রী মজুত রয়েছে। অনুমতি মিললেই গাজায় পৌঁছানো সম্ভব বলে জানিয়েছে সংস্থাটি। ম্যাক্রোঁ বলেন, ইসরায়েল সব সময় মানবাধিকার মেনে চলছে—এই অনুমান থেকে আমাদের বেরিয়ে আসতে হবে। তবে ফরাসি প্রেসিডেন্ট আরও বলেন, আমি এখনও আশা করি ইসরায়েল সরকার তাদের অবস্থান পরিবর্তন করবে এবং আমরা অবশেষে একটি মানবিক সাড়া দেখতে পাবো। তিনি আরও বলেন, ফিলিস্তিন রাষ্ট্রের স্বীকৃতি শুধু নৈতিক কর্তব্য নয়, এটি একটি রাজনৈতিক প্রয়োজনীয়তাও। তবে এই স্বীকৃতির আগে কিছু শর্ত পূরণ করতে হবে, যার মধ্যে হামাসের নিরস্ত্রীকরণ অন্যতম। এর আগে ইন্দোনেশিয়ার প্রেসিডেন্ট প্রাবোও সুবিয়ান্তোর সঙ্গে এক যৌথ বিবৃতিতে ম্যাক্রোঁ গাজা দখল বা সেখান থেকে বাসিন্দাদের বিতাড়নের যেকোনও পরিকল্পনার তীব্র সমালোচনা করেন। ফ্রান্স ও সৌদি আরব আগামী ১৭-২০ জুন একটি জাতিসংঘ সম্মেলনের সহ-আয়োজক হিসেবে ফিলিস্তিন রাষ্ট্র প্রতিষ্ঠার রূপরেখা নিয়ে আলোচনা করবে। এই উদ্যোগের অংশ হিসেবে প্যারিস ফিলিস্তিন রাষ্ট্রের স্বীকৃতি নিয়ে কূটনৈতিক সমর্থন জোগাড়ে সচেষ্ট।",2025-05-30T16:56:24+06:00
https://www.banglatribune.com///www.banglatribune.com/columns/900893/%E0%A6%AC%E0%A6%BF%E0%A6%9A%E0%A6%95%E0%A7%8D%E0%A6%B7%E0%A6%A3-%E0%A6%93-%E0%A6%AC%E0%A6%BE%E0%A6%B8%E0%A7%8D%E0%A6%A4%E0%A6%AC%E0%A6%AC%E0%A6%BE%E0%A6%A6%E0%A7%80-%E0%A6%9C%E0%A6%BF%E0%A7%9F%E0%A6%BE%E0%A6%89%E0%A6%B0-%E0%A6%B0%E0%A6%B9%E0%A6%AE%E0%A6%BE%E0%A6%A8-%E0%A6%A8%E0%A6%A4%E0%A7%81%E0%A6%A8-%E0%A6%AC%E0%A6%BE%E0%A6%82%E0%A6%B2%E0%A6%BE%E0%A6%A6%E0%A7%87%E0%A6%B6%E0%A7%87%E0%A6%B0,বিচক্ষণ ও বাস্তববাদী জিয়াউর রহমান: নতুন বাংলাদেশের অভিমুখ,"দিনটি ছিল শুক্রবার। ১৯৮১ সাল ২৯ মে ঢাকা থেকে চট্টগ্রামের উদ্দেশে রওনা করলেন, বিএনপির সাংগঠনিক বিরোধ নিরসনের লক্ষ্যে প্রেসিডেন্ট জিয়াউর রহমান বীর উত্তম গিয়েছিলেন। জুমার নামাজের পূর্বেই চট্টগ্রাম সার্কিট হাউজে বৈঠকে বসেন। নামাজের ও খাবারের বিরতি বাদে বৈঠক অব্যাহত থাকে। গোয়েন্দা সংস্থার রিপোর্ট অনুযায়ী প্রেসিডেন্টের সিদ্ধান্ত ছিল রাতেই ঢাকায় ফিরে আসবেন। কিন্তু কে জানতো ওই রাতে বাংলাদেশের ভাগ্যাকাশে এক অমানিশা আঘাত নিয়ে আসবে।আবহাওয়া খারাপ হয়ে গেলো, সিদ্ধান্ত হলো প্রেসিডেন্ট রাতযাপন করবেন। স্ত্রী ও সন্তানের সাথে কথা বলে সফরসঙ্গী ও সিনিয়র নেতৃবৃন্দকে নিয়ে আবারও বৈঠকে বসলেন। ভোর রাতে অর্থাৎ ৩০ মে ১৯৮১ সাল সবচেয়ে জনপ্রিয়, গ্রহণযোগ্য, বিচক্ষণ, সততা ও বাস্তববাদী রাষ্ট্রপতিকে একদল উচ্ছৃঙ্খল সামরিক অফিসার হত্যা করলেন। তিনি শহীদ হলেন; বাংলাদেশ থমকে দাঁড়ালো, কাঁদলো শিশু যুবক বৃদ্ধসহ আপামর জনগণ। তার মৃত্যুশোকে ভারাক্রান্ত ছিল প্রাণপ্রকৃতিও।ওই রাতের দীর্ঘ বৈঠকের আলোচনায় শহীদ প্রেসিডেন্ট জিয়াউর রহমান তিনটি কথা সবচেয়ে গুরুত্ব সহকারে জোরালোভাবে বলেছেন। সততা, শৃঙ্খলা ও প্রতিশ্রুতি ছাড়া এই দেশ এই জাতি ও দল দাঁড়াবে না। আপনারা যদি সব দিতে না পারেন অন্তত আমাকে শুধু শৃঙ্খলা দেন, বাকি সব আমরা করবো। এই তিনটি শব্দ তিনি একাধিকবার উচ্চারণ করেছেন।পরিহাস্য, আজও আমাদের পরিবারে, সমাজে ও রাষ্ট্রে সবচেয়ে বড় অভাব শৃঙ্খলা ও নীতিবোধ। যার মধ্যে শৃঙ্খলাবোধ নেই তার মধ্যে নীতিবোধও প্রতিষ্ঠিত হবার সম্ভাবনা থাকে না।দেশে অন্তর্বর্তী সরকার। কারও কোনও কথা নেই, কারও মধ্যে কোনও পরামর্শ নেই, যৌক্তিক মতামত নেই, যখন তখন কোনও না কোনও ইস্যুতে এক ধরনের বিশৃঙ্খলা তৈরি করা হচ্ছে, যখন প্রয়োজন শৃঙ্খলাবোধ, তখন তার অভাব সবচেয়ে বেশি পরিলক্ষিত হচ্ছে।বিগত ফ্যাসিবাদী সরকারের প্রধানমন্ত্রী ও তার পরিবারের সদস্যসহ প্রায় সব মন্ত্রী এমপি ও গুরুত্বপূর্ণ নেতৃবৃন্দ ছাত্র শ্রমিক জনতার গণঅভ্যুত্থানে পালিয়ে গেছেন।সরকারের নির্বাহী আদেশে আওয়ামী লীগসহ তাদের নেতৃবৃন্দের বিচার না হওয়া পর্যন্ত সকল কার্যক্রম নিষিদ্ধ থাকবে। আওয়ামী লীগের অপরিণামদর্শী বাড়াবাড়ির ফলে কতটা নির্মম পরিণতির শিকার হতে হলো। আজ ও আগামী দিনের রাজনীতিকদের জন্য সবসময় গুরুত্বপূর্ণ দৃষ্টান্তমূলক বার্তা।রাজনীতিকদের মধ্যে আবেগ ও বাস্তবতার একটা যৌক্তিক সমন্বয় দরকার। আবেগ দিয়ে সৃষ্টি করা যায় কিন্তু রক্ষা করা যায় না। রক্ষা করতে হলে বাস্তবতার মুখোমুখি হতে হয়। আবেগের সাথে বাস্তবতার তফাৎ ও দূরত্ব অনেক। বাস্তবতার ভিত্তিতে পদক্ষেপ না নিতে পারলে যে ক্ষতি হয় তা পূরণ করা যায় না, এমনকি পরবর্তী প্রজন্মের জন্য কঠিন হয়।বিএনপির প্রতিষ্ঠাতা শহীদ প্রেসিডেন্ট জিয়াউর রহমান সবার চেয়ে ব্যতিক্রম, তাই তার সঙ্গে অন্য কাউকে তুলনা করা যায় না। তিনি সবসময় বাস্তবতার ভিত্তিতে সব পদক্ষেপ নিয়েছেন। আর তাই আজও বিএনপি এত শক্তিশালী। আওয়ামী দুঃশাসনের সময় শত নিপীড়ন নির্যাতনেও সামান্য পরিমাণ ক্ষতি হয়নি। ১৬-১৭ বছরে দমন-পীড়নেও ১৬-১৭টি ধানের মধ্যে পোকা ধরেনি।শহীদ জিয়াউর রহমানের উল্লেখযোগ্য কয়েকটি পদক্ষেপ তুলে ধরতে চাই। জিয়াউর রহমান কথিত সমাজতান্ত্রিক নীতি কৌশল থেকে সরে এসে অর্থনীতি, শিল্পনীতিতে গণতান্ত্রিক ও সমাজতান্ত্রিক নীতিপদ্ধতির মাঝামাঝি একটা মধ্যপন্থি ভারসাম্যপূর্ণ অবস্থা তৈরি করেছিলেন। সেসময় গুরুত্বপূর্ণ প্রায় সকল নাগরিক সেবাকে সরকারি খাতে রেখেই বেসরকারি শিল্প বিকাশের পথে কার্যকরভাবে হাঁটা শুরু করেন। দ্রুততার সাথে হলো কৃষিতে সবুজ বিপ্লব, শিক্ষায় গণশিক্ষা ও গণসাক্ষরতা অভিযান ও বেসরকারি খাতে শিল্প উৎপাদন।এসময় সম্পূর্ণভাবে নতুন দুটি শ্রমবাজার তৈরি হয়। প্রথমত, তৈরি পোশাক শিল্পের অভ্যন্তরীণ শ্রমবাজার। দ্বিতীয়ত, মধ্যপ্রাচ্যকেন্দ্রিক প্রবাসী শ্রমবাজার। এর বাইরেও আরেকটি গুরুত্বপূর্ণ পরিকল্পনা গ্রহণ করা হয় জনসংখ্যা নিয়ন্ত্রণ কার্যক্রম, পরিবার পরিকল্পনা কর্মসূচি- ‘‘একটি সন্তান হলে দুটি নয়, দুটি সন্তান হলে আর নয়, দুটি সন্তান সুখী পরিবার’’।১৯৭৪ সালের দুর্ভিক্ষের সময় ক্ষুধার তাড়নায় নিম্নবিত্ত ও নিম্নমধ্যবিত্ত শ্রেণি স্রোতের মতো নগরে বিশেষ করে ঢাকায় ছুটে এসেছেন; যাদের অনেকেই পরে গ্রামে ফিরে যাননি। তিনি গ্রামে ও শহরে বেকারত্বকে শ্রমবাজারে রূপান্তর করেন। অলস শ্রমকে করে তোলেন উৎপাদনমুখী। খাল খনন করে সেচের সুবিধা তৈরির ফলে কৃষিতে সবুজবিপ্লব আসে। প্রায়োগিক পুঁজি ও মানবপুঁজি উভয়ের বহুবিধ বিকাশ শুরু হয়।জনশক্তি রপ্তানি, তৈরি পোশাক, হিমায়িত খাদ্য, হস্তশিল্পসহ সব অপ্রচলিত পণ্যের রফতানির দ্বার উন্মোচিত হয়। ফলস্বরূপ শহীদ জিয়াউর রহমান বীর উত্তমের শাসনামলের মাঝের ও শেষ এই দুটি অর্থবছরে (১৯৭৭-৭৮ এবং ১৯৮০-৮১) বাংলাদেশ সাত শতাংশ জিডিপি প্রবৃদ্ধি অর্জন করতে সক্ষম হয়েছিল।জিয়াউর রহমান ও বিচারপতি আব্দুস সাত্তার দুই রাষ্ট্রপতির সময়ে বাংলাদেশের মাথাপিছু দেশজ উৎপাদন গড়ে ৪.৫২ শতাংশ হারে প্রবৃদ্ধি অর্জন করেছিল, যা নব্বই দশকের আগের সময়ে গড় হিসেবে সর্বোচ্চ। বহুমুখী বাস্তবধর্মী কর্মসূচি বাস্তবায়ন করে বিভিন্ন নীতি ও পরিকল্পনার মাধ্যমে রাজনীতির মাঠে সক্রিয় হন জিয়াউর রহমান। প্রথমেই প্রশাসন ও আমলাতন্ত্রকে ঢেলে সাজানো হয়। এরপর সামরিক বাহিনীকে প্রাতিষ্ঠানিকভাবে শক্তিশালী করা হয়। প্রশাসন ও সামরিক বাহিনীকে পুরো নিয়ন্ত্রণে এনে ‘বাংলাদেশি জাতীয়তাবাদ’-কে অনেকটা পশ্চিম ইউরোপীয় দেশগুলোর আদলে বাস্তবায়ন করেন। এর একটি দিক ছিল সামাজিক অংশগ্রহণ ও অপরদিকে সামরিক প্রশিক্ষণ।গণভিত্তিক উৎপাদন প্রক্রিয়ার পাশাপাশি জিয়াউর রহমান  রাজনীতিতে সামাজিক, অর্থনৈতিক ও সাংস্কৃতিক অগ্রগতিকে গুরুত্ব দিয়েছিলেন। তাঁর সময়ে একুশে ও স্বাধীনতা পদক প্রদান করা শুরু হয়। জাতীয় লোকসংগীত উৎসব, জাতীয় নাট্যোৎসব, জাতীয় বার্ষিক চারুকলা প্রদর্শনীও শুরু হয় তার আমলেই। বেতার-টিভির আধুনিক সম্প্রসারণ, দক্ষিণ এশিয়ায় সর্বপ্রথম বাংলাদেশে টিভির রঙিন সম্প্রচার শুরু হয়। জাতীয় শিশু-কিশোর পুরস্কার প্রবর্তন করে তার সরকার।জাতীয় চলচ্চিত্র পুরস্কার শুরু করা হয়। চলচ্চিত্রের জন্য অনুদান তহবিল গঠন, ফিল্ম ইনস্টিটিউট ও আর্কাইভ চালু করা হয়। আন্তর্জাতিক চলচ্চিত্র উৎসবের আয়োজনও করা হয়।মেয়েদের স্কুল ফুটবল টুর্নামেন্টের আয়োজন করা হয়। গ্রাম প্রতিরক্ষা বাহিনী (ভিডিপি) গঠন, বাংলাদেশ মহিলা পুলিশ প্রতিষ্ঠা হয় তার সরকারের সময়ে। যুব উন্নয়ন মন্ত্রণালয় ও মহিলা বিষয়ক মন্ত্রণালয় সৃষ্টির মাধ্যমে দেশের উন্নয়ন কর্মকাণ্ডে যুব ও নারী সমাজকে সম্পৃক্তকরণ ঘটে জিয়াউর রহমানের সরকারের হাতে।১৯৭৯ সালে বাংলাদেশ-দক্ষিণ কোরিয়ার যৌথ বিনিয়োগে বাংলাদেশে প্রথম রফতানিযোগ্য তৈরি পোশাক শিল্প (বস্ত্রশিল্প) প্রতিষ্ঠান দেশ গার্মেন্টসের যাত্রা শুরু হয়। ১৯৭৬ সালে গ্রামীণ ব্যাংক ক্ষুদ্রঋণ কার্যক্রম শুরু (পরবর্তীতে ১৯৮৩ সালে  অধ্যাদেশ) হয়।১৯৮০ সালে ডিসেম্বর মাসে ইসলামী অর্থনীতি গবেষণা ব্যুরোর উদ্যোগে ঢাকায় ইসলামি ব্যাংকিংয়ের ওপর একটি আন্তর্জাতিক সেমিনার আয়োজন করা হয়। ১৯৮১ সালে বাংলাদেশে ইসলামি ব্যাংক প্রতিষ্ঠার সুপারিশ করা হয়।সরকারি আলিয়া মাদ্রাসায় সিলেবাস আধুনিকীকরণ হয় জিয়াউর রহমানের সরকারের সময়ে। ইংরেজি, বিজ্ঞান ও সমাজবিজ্ঞান অন্তর্ভুক্ত করা হয় সিলেবাসে। শিশু একাডেমি প্রতিষ্ঠা করা হয়। শিশুর শারীরিক ও মনোবিকাশে ঢাকায় আন্তর্জাতিক মানের শিশুপার্ক নির্মাণ করা হয়।দুঃখজনক, বিগত ফ্যাসিবাদী সরকার সেই পার্কটিকে বন্ধ করে পুনর্নির্মাণের নামে, যা আজও চলমান রয়েছে। বর্তমান অন্তর্বর্তী সরকারও উদাসীনতা দেখাচ্ছে পার্কটি চালু করতে।১৯৮০ সালের সেপ্টেম্বরে সরকারি কর্ম কমিশন সংস্কার করে বিসিএসে ১৪টি বিশেষায়িত ক্যাডার সার্ভিস চালু করেন জিয়াউর রহমান, যা দক্ষিণ এশিয়ায় প্রথম। পল্লি চিকিৎসা প্রশিক্ষণের মাধ্যমে প্রায় ৩০ হাজার পল্লি চিকিৎসক নিয়োগ করেন গ্রামীণ জনগণের চিকিৎসার সুযোগ বৃদ্ধিকরণে।শহীদ প্রেসিডেন্ট জিয়াউর রহমান প্রায় সকল ক্ষেত্রে সফল হয়েছিলেন। তিনি ছিলেন বাস্তববাদী রাষ্ট্রপতি। অভ্যন্তরীণ উৎপাদন কৌশলের পাশাপাশি পরিবর্তিত পররাষ্ট্রনীতিতে যুক্তরাষ্ট্র, ভারত, চীন ও মধ্যপ্রাচ্যমুখী বিদেশনীতি দিয়ে অর্থনৈতিক সহযোগিতার ফ্রেমওয়ার্ক তৈরি করে দেশের অর্থনীতি পররাষ্ট্র নীতি ও সামরিক নীতি সংহতকরণে অসামান্য অবদান রেখে গেছেন শহীদ প্রেসিডেন্ট জিয়াউর রহমান বীর উত্তম। অত্যন্ত স্বল্পসময়ে রাষ্ট্রগঠনে সর্বমুখী তৎপরতার জনক ছিলেন দেশের ৫৪ বছরের ইতিহাসে ‘স্টেটসম্যানশিপ’ বা রাষ্ট্রনায়কোচিত অন্যতম প্রধান এই রাজনীতিবিদ শহীদ রাষ্ট্রপতি।এই ধারাবাহিকতা বজায় রেখেছেন বিএনপি চেয়ারপারসন গণতন্ত্রকামী মানুষের নেত্রী বেগম খালেদা জিয়ার নেতৃত্বাধীন সরকার। ২০২২ সালে ঘোষিত ৩১-দফার ভিত্তিতে আরও সময়োপযোগী পদক্ষেপ নিয়ে আগামীর বাংলাদেশ বিনির্মাণ করবেন বিএনপি ভারপ্রাপ্ত চেয়ারম্যান তারেক রহমান। এটাই জনআকাঙ্ক্ষা আর নতুন বাংলাদেশের প্রত্যাশা।লেখক: রাজনৈতিক বিশ্লেষক ও সাংস্কৃতিক কর্মী *** প্রকাশিত মতামত লেখকের একান্তই নিজস্ব।",2025-05-29T22:10:58+06:00
https://www.banglatribune.com///www.banglatribune.com/columns/900333/%E0%A6%97%E0%A7%8D%E0%A6%B0%E0%A6%BE%E0%A6%AE%E0%A7%87%E0%A6%B0-%E0%A6%93%E0%A6%B7%E0%A7%81%E0%A6%A7%E0%A7%87%E0%A6%B0-%E0%A6%A6%E0%A7%8B%E0%A6%95%E0%A6%BE%E0%A6%A8-%E0%A6%9C%E0%A6%A8%E0%A6%B8%E0%A7%8D%E0%A6%AC%E0%A6%BE%E0%A6%B8%E0%A7%8D%E0%A6%A5%E0%A7%8D%E0%A6%AF%E0%A7%87-%E0%A6%A4%E0%A6%BE%E0%A6%A6%E0%A7%87%E0%A6%B0-%E0%A6%AD%E0%A7%82%E0%A6%AE%E0%A6%BF%E0%A6%95%E0%A6%BE,গ্রামের ওষুধের দোকান: জনস্বাস্থ্যে তাদের ভূমিকা,"উত্তরবঙ্গের সীমান্তবর্তী গ্রাম তেলকুপি। নিকটাত্মীয়ের বাড়িতে এসেছি বিয়ের দাওয়াতে। বিয়ের আনুষ্ঠানিকতা ও সামাজিকতার জন্য এখানে থাকতে হবে কয়েক দিন। আজকাল রাত ১০টাতেও গমগম করে পাড়ার চায়ের দোকানগুলো। চা পানের উসিলায় বের হয়েছি রাতের গ্রামের সৌন্দর্য অনুভব করবো বলে। আধাপাকা রাস্তার ধারে বিদ্যুতের খুঁটি থাকলেও ঘড়ির কাঁটার রাত ১০টা মধ্যরাত এখানে। আম গাছের ছায়ায় ঘন অন্ধকারে ঢাকা পড়েছে গ্রামটি। হঠাৎ দেখা যাচ্ছে এক ব্যক্তির দ্রুত পদক্ষেপ। আর শোনা যাচ্ছে অসহায় নারীর কান্না। একটু আগ বাড়িয়ে জিজ্ঞেস করতেই তিনি জানালেন, তার নাম রফিক। তাদের ছোট মেয়েটির গায়ে আগুন জ্বর, শ্বাস নিতে কষ্ট হচ্ছে। নিকটতম উপজেলা হাসপাতাল ২০ কিলোমিটার দূর। রাস্তা অন্ধকার। কোনও যানবাহন নেই। এই মুহূর্তে ওই গ্রামের ছোট্ট একটি ওষুধের দোকানই তাদের শেষ ভরসা। এটি কোনও বিচ্ছিন্ন ঘটনা নয়। বাংলাদেশের হাজার হাজার গ্রামে প্রতিদিন এমন লাখো মানুষ মুখোমুখি হয় একই সংকটে। সরকারি স্বাস্থ্য কাঠামো যখন বহুদূর, অপ্রাতিষ্ঠানিক এই ওষুধের দোকানগুলোই হয়ে ওঠে প্রাণরক্ষাকারী। দোকানদার হয়তো পেশাদার ডাক্তার নন, কিন্তু জ্বর-টাইফয়েড-নিউমোনিয়ার লক্ষণ চেনেন গ্রামের মাটির গন্ধ মাখা অভিজ্ঞতায়। আর এই গল্প শুধু রফিকের নয়, এটি আমাদের সমগ্র স্বাস্থ্য ব্যবস্থার আয়না। বাংলাদেশের প্রত্যন্ত অঞ্চলে যখন কোনও শিশু রাতে জ্বরে কাঁপে, কোনও বৃদ্ধ হঠাৎ শ্বাসকষ্টে ভোগেন কিংবা কৃষক আহত হন, তখন সবচেয়ে দ্রুত যে সহায়তা পাওয়া যায়, তা হলো গ্রামের বাড়ির পাশের ‘ওষুধের দোকান’। গ্রামে হাসপাতাল বা ডাক্তারের সংখ্যা কম থাকে। তাই মানুষ অসুখ হলে প্রথমেই ওষুধের দোকানে যায়। এই দোকানের লোকেরা শুধু ওষুধ বিক্রি করে না, অনেক সময় পরামর্শও দেয়। গ্রামীণ জনস্বাস্থ্যের এই অনানুষ্ঠানিক কিন্তু কার্যকর অবলম্বন–ওষুধ ব্যবসায়ী বা দোকানদার আজ দেশের কোটি মানুষের জীবনের সঙ্গে জড়িয়ে গেছে। তবে প্রশ্ন হলো: এই ভূমিকা কি স্বাস্থ্যবান্ধব, নাকি স্বাস্থ্য ঝুঁকিপূর্ণ? আর এখানে রাষ্ট্রের দায়িত্ব কোথায়?  কেন ২০২৫ সালেও একজন কৃষককে রাতের অন্ধকারে অশিক্ষিত ওষুধ বিক্রেতার দ্বারস্থ হতে হয়? কেন উপজেলা স্বাস্থ্য কমপ্লেক্সে নেই জরুরি ওষুধের প্রাথমিক মজুত? কেন গ্রামীণ ফার্মেসিগুলোকে নিয়মিত তদারকি করে সঠিক পরামর্শ দেওয়ার ব্যবস্থা করা হয় না? বাংলাদেশের ওষুধ নিয়ন্ত্রণকারী কর্তৃপক্ষ ডাইরেক্টরেট জেনারেল অব ড্রাগ অ্যাডমিনিস্ট্রেশনের তথ্য অনুযায়ী, ২০২৩ সাল পর্যন্ত দেশে প্রায় ১ লাখ ২০ হাজার লাইসেন্সপ্রাপ্ত খুচরা ওষুধের দোকান রয়েছে। তবে জনস্বাস্থ্য বিশেষজ্ঞদের অনুমান, অনিবন্ধিত বা বেআইনি ওষুধের দোকানের সংখ্যা নিবন্ধিত দোকানের তুলনায় কয়েকগুণ বেশি। নিবন্ধিত দোকানের প্রায় ৮০ শতাংশ গ্রামীণ এলাকায় পরিচালিত হয়। তবে এখানে ৩০-৪০ শতাংশ ওষুধ বিক্রেতারই যথাযথ লাইসেন্স নেই।  প্রায় ৭০ শতাংশ গ্রামবাসী প্রথমে ওষুধের দোকানেই যান। শুধু জটিল অবস্থায় যান হাসপাতালে। এই বিস্তারের পেছনে আছে কিছু প্রাতিষ্ঠানিক সংকট ও সামাজিক বাস্তবতা– গ্রামে অকার্যকর ওষুধ সরবরাহ ব্যবস্থা, কাঠামোগত সীমাবদ্ধতা ও উচ্চ ব্যয়, হাসপাতাল বা চিকিৎসকের ঘাটতি, সরকারি চিকিৎসা ব্যবস্থায় আস্থা সংকট, সহজলভ্য ব্যবসার সুযোগ হিসেবে তরুণদের আকৃষ্ট করা, ওষুধের ওপর গ্রামীণ মানুষের উচ্চ নির্ভরতা। এই ওষুধের দোকানগুলো অনেক সময় প্রান্তিক মানুষের জন্য একমাত্র চিকিৎসা অবলম্বন। অসুস্থতা বা উপসর্গের প্রথম প্রতিকার হিসেবে ফার্মেসিতে যান।  চিকিৎসকের কাছে নয়। এমন বাস্তবতায়, এই দোকানগুলো একটি ‘ফার্স্ট কনট্যাক্ট পয়েন্ট’ হিসেবে কাজ করছে। এর পেছনে মূল কারণ হলো প্রাথমিক স্বাস্থ্যসেবার সহজলভ্যতা, সাশ্রয়ী চিকিৎসা ও জরুরি সেবা প্রাপ্তি। সরকারি হাসপাতাল বা ক্লিনিক অনেক দূরে থাকায়, বিশেষ করে প্রত্যন্ত অঞ্চলে, ওষুধের দোকানই একমাত্র ভরসা। জ্বর, সর্দি-কাশি, পেটের সমস্যার মতো সাধারণ রোগে দোকানদাররা পরামর্শ দিয়ে থাকেন। অনেক ক্ষেত্রে ডাক্তারের ফি ও ক্লিনিকের খরচ এড়িয়ে রোগীরা সস্তায় ওষুধ কিনে নেন। আর রাতের বেলা বা ছুটির দিনে যখন হাসপাতাল বন্ধ, তখন ওষুধের দোকানই একমাত্র বিকল্প। গ্রামের মানুষ জ্বর, সর্দি, পেটের সমস্যার জন্য এই দোকানে যায়। দোকানগুলো বাড়ির কাছে থাকে, তাই দ্রুত ওষুধ পাওয়া যায়। এই দোকানগুলো অনেক সময় রাত পর্যন্ত খোলা থাকে। কিছু দোকানের লোক প্রশিক্ষণ নিয়েছে। তারা রোগীদের কীভাবে ওষুধ খেতে হবে, কীভাবে রাখতে হবে, তা বলে দেয়। এটা রোগীদের জন্য ভালো, কারণ তারা ওষুধ ঠিকভাবে ব্যবহার করতে পারে। কিন্তু ওষুধের দোকানের সব কাজ ভালো নয়। অনেক দোকানে নিয়ম মানা হয় না। কিছু দোকানের লোকের ঠিকমতো প্রশিক্ষণ নেই। তারা শুধু অভিজ্ঞতা থেকে কাজ শিখেছে। ওষুধ কোম্পানিগুলো দোকানদারদের প্রভাবিত করে। তারা দোকানদারদের বলে তাদের ওষুধ বেশি বিক্রি করতে। এতে দোকানদাররা রোগীর প্রয়োজনের চেয়ে বেশি বা ভুল ওষুধ বিক্রি করে। এটা রোগীদের জন্য ক্ষতি করে। আরেকটা সমস্যা হলো, অনেক মানুষ নিজে নিজে ওষুধ কিনে খায়। তারা বন্ধু বা পরিবারের কথা শুনে ওষুধ খায়। দোকানদাররা এই চাহিদা পূরণ করে। মোটাদাগে এসব ওষুধের দোকানের নেতিবাচক প্রভাব ও ঝুঁকিগুলো হলো অদক্ষ ও অপ্রশিক্ষিত পরামর্শ, অপ্রয়োজনীয় ওষুধ বিক্রি, নকল ও ভেজাল ওষুধের বিস্তার এবং গ্রামের মানুষের মাঝে স্ব-চিকিৎসার প্রবণতা বৃদ্ধি। চিকিৎসা বিষয়ে কোনও প্রাতিষ্ঠানিক শিক্ষা না থাকার কারণে তারা রোগ নির্ণয়ে ভুল করতে পারেন, যা রোগীর জীবনকে ঝুঁকিতে ফেলে। অন্যদিকে মুনাফার জন্য অনেক দোকানদার প্রেসক্রিপশন ছাড়াই অ্যান্টিবায়োটিক, স্টেরয়েডের মতো ক্ষতিকর ওষুধ বিক্রি করেন, যা দীর্ঘমেয়াদে রোগ প্রতিরোধ ক্ষমতা নষ্ট করে। গ্রামের এসব ওষুধের দোকান  নকল ও ভেজাল ওষুধের বিস্তারে স্বর্গভূমিতে পরিণত হয়েছে। বাংলাদেশ ড্রাগ অ্যাডমিনিস্ট্রেশনের (ডিজিডিএ) তথ্য অনুযায়ী, গ্রামীণ বাজারে ২০-৩০ শতাংশ ওষুধ নিম্নমানের বা ভেজাল। আর দোকানদারদের ওপর নির্ভরতা বাড়ায় মানুষ চিকিৎসকের পরামর্শ নেওয়া কমিয়ে দেয়। ফলে জটিল রোগ শনাক্ত হতে দেরি হয়। বাংলাদেশে ওষুধ নিয়ন্ত্রণের জন্য রয়েছে ১৯৪০ সালের আইন, ১৯৮২ সালের অধ্যাদেশ এবং বাংলাদেশ ওষুধ ও প্রসাধনী আইন ২০২৩। কিন্তু বাস্তব প্রয়োগ প্রায় অনুপস্থিত। ২০২৪ সালের এক হিসেবে, দেশে মাত্র ৩৫০ জন ড্রাগ ইন্সপেক্টর ছিলেন। প্রতিজনকে গড়ে ৫০০টি দোকান তদারকি করতে হয়। ড্রাগ লাইসেন্স নবায়নে ঘুষ, দুর্নীতি এবং কাগজে-কলমে প্রশিক্ষণ প্রমাণ ছাড়াও লাইসেন্স পেয়ে যাওয়ার বহু নজির রয়েছে। ফলে নিয়ন্ত্রণের জায়গাটা একরকম অনিয়ন্ত্রিত। সম্প্রতি ওষুধ আইনে সরকার ওষুধের মান নিয়ন্ত্রণ ও লাইসেন্সিং কঠোর করেছে। কিন্তু এই আইনের বাস্তবায়ন দুর্বল। আর  সরকার গ্রামে কমিউনিটি ক্লিনিক বাড়ালেও সেগুলো পর্যাপ্ত নয়। অনেক স্থানে সেবার মান নিম্ন। এছাড়া ফার্মাসিস্ট নিয়োগের বিধান প্রতিটি ওষুধের দোকানে একজন প্রশিক্ষিত ফার্মাসিস্ট থাকা বাধ্যতামূলক। কিন্তু এটি প্রায়ই অমান্য করা হয়। তবে কিছু সরকারি ও বেসরকারি প্রকল্পের মাধ্যমে ‘কমিউনিটি ফার্মাসিস্ট’ তৈরির উদ্যোগ নেওয়া হয়েছে, যেখানে নির্দিষ্ট প্রশিক্ষণ দিয়ে ওষুধ ব্যবসায়ীদের দক্ষ করে তোলা হচ্ছে। তবে এগুলোর ব্যাপ্তি সীমিত এবং ধারাবাহিকতা অনিশ্চিত। আবার, ড্রাগ ইন্সপেক্টরের সংখ্যা বৃদ্ধি বা ডিজিটাল লাইসেন্সিং ব্যবস্থা চালু করেও কিছু পরিবর্তন আনা হয়েছে। কিন্তু তা বাস্তবায়নের গতি অনেক ধীর। কাজেই এখন জরুরি হলো এসব দোকানির জন্য প্রশিক্ষণ বাধ্যতামূলক করা, ডিজিটাল রেজিস্ট্রি চালু করা, জনসচেতনতা বৃদ্ধির জন্য উদ্যোগ নেওয়া এবং কমিউনিটি ক্লিনিক ও ফার্মেসি সংযুক্ত করা। প্রতিটি দোকানদারের জন্য ১২ মাসের সরকারি স্বীকৃত প্রশিক্ষণ কোর্স চালু করতে হবে। প্রতিটি দোকান ও মালিকের তথ্য একটি কেন্দ্রীয় অনলাইন ডাটাবেজে রাখতে হবে। তদারকি ও ইনস্পেকশন বাড়ানোর অংশ হিসেবে উপজেলা পর্যায়ে স্বাস্থ্য বিভাগ, স্থানীয় সরকার ও ওষুধ প্রশাসনের সমন্বয়ে যৌথ তদারকি ব্যবস্থা গড়ে তুলতে হবে। এছাড়া অ্যান্টিবায়োটিকের অপব্যবহার নিয়ে ক্যাম্পেইন চালানো দরকার। “সর্দি-কাশিতে অ্যান্টিবায়োটিক নয়” এমন বার্তা ছড়িয়ে দিতে হবে। আর প্রশিক্ষিত দোকানদারদের সরকারি তথ্য ও নির্দেশনার আওতায় এনে কমিউনিটি হেলথ ওয়ার্কারদের সহকারী হিসেবে ব্যবহার করা যায়। ওষুধের দোকান বর্তমানে বাংলাদেশের জনস্বাস্থ্য ব্যবস্থার এক বাস্তব ও গুরুত্বপূর্ণ স্তম্ভ। একে অবজ্ঞা না করে, তথ্য ও প্রশিক্ষণের মাধ্যমে শক্তিশালী সহায়ক হিসেবে গড়ে তোলাই হবে বুদ্ধিমান কৌশল। প্রান্তিক মানুষের চিকিৎসার এই অনানুষ্ঠানিক কাঠামোকে বৈধতা, জবাবদিহি ও সক্ষমতার মাধ্যমে অন্তর্ভুক্তি ঘটানোই এখন সময়ের দাবি। কেননা নিরাপদ, কার্যকর ও মানসম্পন্ন ওষুধ ও স্বাস্থ্য পণ্যের সাশ্রয়ী মূল্যের অ্যাক্সেস থাকলেই কেবল সর্বজনীন স্বাস্থ্য কভারেজ অর্জন করা সম্ভব। লেখক: সিনিয়র লেকচারার, মিডিয়া স্টাডিজ অ্যান্ড জার্নালিজম বিভাগ, ইউনিভার্সিটি অব লিবারেল আর্টস বাংলাদেশ (ইউল্যাব)। *** প্রকাশিত মতামত লেখকের একান্তই নিজস্ব।",2025-05-26T19:32:28+06:00
https://www.banglatribune.com///www.banglatribune.com/sport/cricket/900953/%E2%80%98%E0%A6%AF%E0%A6%BE%E0%A6%B0%E0%A6%BE-%E0%A6%86%E0%A6%AE%E0%A6%BE%E0%A6%95%E0%A7%87-%E0%A6%A8%E0%A6%BF%E0%A7%9F%E0%A7%87-%E0%A6%A8%E0%A6%BE%E0%A6%9F%E0%A6%95-%E0%A6%A4%E0%A7%88%E0%A6%B0%E0%A6%BF-%E0%A6%95%E0%A6%B0%E0%A7%87%E0%A6%9B%E0%A7%87-%E0%A6%8F%E0%A6%9F%E0%A6%BE-%E0%A6%A4%E0%A6%BE%E0%A6%B0%E0%A6%87-%E0%A6%85%E0%A6%82%E0%A6%B6%E2%80%99,দেশ ছাড়া নিয়ে একটি মহল গুজব ছড়াচ্ছে: ফারুক আহমেদ,"সকাল থেকে ফারুক আহমেদের ফোন বন্ধ। বিভিন্ন গণমাধ্যমকর্মীরা একাধিকবার ফোনে চেষ্টা করেও তাকে পাচ্ছিলেন না। বাংলা ট্রিবিউনের পক্ষ থেকেও তাকে একাধিকবার ফোন করা হয়। তখনও তার ফোন বন্ধ পাওয়া গেছে। শুক্রবার সকাল থেকেই ক্রিকেটপাড়ায় খবর চাউর হয় ফারুক দেশ ছেড়েছেন। কিন্তু এমন খবর প্রকাশের পর ফারুক নিজেই জানালেন ভিন্ন কথা। দাবি করেছেন, তার দেশ ছাড়া নিয়েও একটি মহল গুজব ছড়াচ্ছে! বৃহস্পতিবার রাত ১১টায় জাতীয় ক্রীড়া পরিষদ ফারুক আহমেদের মনোনয়ন বাতিল করেছে। তাতে করে বিসিবির সভাপতি পদ চলে গেছে সাবেক এই অধিনায়কের। গঠনতন্ত্রের ফাঁক গলেই মূলত জাতীয় ক্রীড়া পরিষদ এমন সিদ্ধান্ত নিতে পেরেছে। শুক্রবার তার চেয়ারে বসতে যাচ্ছেন আমিনুল ইসলাম বুলবুল। দেশ ছাড়ার গুজবে ফোন চালু করার পাশাপাশি বেশ কিছু গণমাধ্যমে বিবৃতি দিয়েছেন ফারুক আহমেদ। সেখানে ফারুক অভিযোগ করেন, একটি মহল তাকে নিয়ে ষড়যন্ত্র করছে, ‘এটা পুরোপুরি মিথ্যা কথা। যারা আমাকে নিয়ে এতদিন নাটক তৈরি করেছে, এটা তাদেরই একটা নাটকের শেষ অংশ আমার কাছে মনে হচ্ছে। আমি দেশেই আছি। গুজবে কান দেবেন না।’ শেষে ফারুক যোগ করে বলেছেন, তিনি আগামীকাল আনুষ্ঠানকিভাবে সংবাদ সম্মেলন করবেন। প্রসঙ্গত, ফারুক আহমেদের বিদেশ যাওয়াটা চূড়ান্ত ছিল। শেষ মুহূর্তে তিনি বিদেশ যাননি। ভোর রাত থেকে তার মোবাইল ফোন বন্ধ থাকা এবং তার যাওয়ার পরিকল্পনা অনেকের জানার কারণেই ভুল বোঝাবুঝি তৈরি করেছে। যদিও খবর প্রকাশের পর তিনি তার ফোন খুলেছেন এবং গণমাধ্যমের সঙ্গেও কথা বলেছেন।",2025-05-30T13:40:55+06:00
https://www.banglatribune.com///www.banglatribune.com/sport/cricket/900977/%E0%A6%AC%E0%A7%8B%E0%A6%B0%E0%A7%8D%E0%A6%A1%E0%A7%87-%E0%A6%95%E0%A7%8D%E0%A6%B0%E0%A6%BF%E0%A6%95%E0%A7%87%E0%A6%9F-%E0%A6%9B%E0%A6%BE%E0%A7%9C%E0%A6%BE-%E0%A6%B8%E0%A6%AC-%E0%A6%95%E0%A6%BF%E0%A6%9B%E0%A7%81%E0%A6%87-%E0%A6%B9%E0%A6%9A%E0%A7%8D%E0%A6%9B%E0%A7%87-%E0%A6%A4%E0%A6%BE%E0%A6%AE%E0%A6%BF%E0%A6%AE,বোর্ডে ক্রিকেট ছাড়া সব কিছুই হচ্ছে: তামিম,"পাকিস্তানের বিপক্ষে আজ শুক্রবার রাতে দ্বিতীয় টি-টোয়েন্টি খেলতে নামবে বাংলাদেশ। অথচ দেশে ক্রিকেট নিয়ে কোনও আলোচনা নেই। আলোচনা যা সেটি মাঠের বাইরের ইস্যু। ফারুক আহমেদের মনোনয়ন বাতিল করার পর বিসিবির সভাপতির পদ শূন্য হয়ে গেছে। সেই পদে বসতে যাচ্ছেন সাবেক অধিনায়ক আমিনুল ইসলাম বুলবুল। দেশে যখন এসব নিয়ে আলোচনা চলছে, তামিম ইকবাল তখন নিজের ব্যবসায়িক কাজে পাকিস্তানে। সেখানেই সংবাদ মাধ্যমের সঙ্গে কথা বলেছেন তিনি। এক প্রশ্নের জবাবে সাবেক অধিনায়ক বলেছেন, ক্রিকেট বোর্ডে ক্রিকেট ছাড়া সবই আছে! বেশ কয়েকদিন ধরেই পাকিস্তানে তামিম। সেখানে ব্যবসায়িক কাজ ছাড়া ইনডোর ক্রিকেট খেলে বেড়াচ্ছেন। শুক্রবার গণমাধ্যমের সঙ্গে আলাপকালে বলেছেন, ‘বাংলাদেশ ক্রিকেট বোর্ড, এটা হলো ক্রিকেটের বোর্ড একটা, ক্রিকেট বাদে সবকিছু হচ্ছে। কে আসবে, কে যাবে, কে প্রেসিডেন্ট হবে, কে হবে না, কে নির্বাচন করবে, কে করবে না। ঠিক আছে, এগুলো একটা অংশ।’ তামিম হতাশা ব্যক্ত করে বলেছেন, ‘আজকে দেখেন বাংলাদেশ ক্রিকেটের প্রতি মানুষের আগ্রহ কমে আসছে। আমার কাছে মনে হয় কে সভাপতি হবে, এগুলোতে আমার বলাতে, না বলাতে কোনও কিছু যায় আসে না। আমি একটাই অনুরোধ করবো, যারা আছেন বা যারা আসবেন ক্রিকেটটা নিয়ে একটু ভাবেন। কারণ ক্রিকেট তার চার্মটা হারাচ্ছে।’ লম্বা সময় ধরেই ভুগছে বাংলাদেশের ক্রিকেট। মাঠের পারফরম্যান্স তলানীতে। সম্প্রতি আরব আমিরাতের বিপক্ষেও সিরিজ হেরেছে দল। এমন অবস্থায় তামিমের আকুতি, ‘এই জিনিসটা মেনে নেওয়া খুব গুরুত্বপূর্ণ যে আমরা ভুগছি। কারণ আমরা কোনও সময় এটা মেনে নেই না। ভুগছেন মানে কী শুধু জাতীয় দল ভালো খেলছে না, তা না। পুরো ক্রিকেটীয় দিক থেকে, প্রতিটা জায়গায় আমরা ভুগছি। এ জিনিসটাকে মেনে নিয়ে কীভাবে এখান থেকে বেরিয়ে আসতে হবে, ভালোর দিকে আগাতে হবে- এই জিনিসটা নিয়ে আমার কাছে মনে হয় ভাবা উচিত। ক্রিকেট বাদে আমি সবকিছু দেখছি, ক্রিকেটটা দেখছি না।’ তামিম নিজের মতো করে পরামর্শও দিয়েছেন, ‘আমার পরামর্শ হচ্ছে আপনার শুরুতে মেনে নিতে হবে আমরা ভুগছি। এরপর কীভাবে এখান থেকে এগিয়ে যেতে হবে, এটা নিয়ে ভাবেন। কে প্রেসিডেন্ট হবে, কাকে প্রেসিডেন্ট বানানো হচ্ছে, এগুলো আমার কাছে মনে হচ্ছে অগুরুত্বপূর্ণ জিনিস নিয়ে আমরা বেশি সিরিয়াস। ক্রিকেট উন্নতি কীভাবে হবে, কীভাবে আমরা এগিয়ে নিয়ে যাবো, এটা নিয়ে আমাদের কারও কোনও ভাবনা নাই।’",2025-05-30T16:16:45+06:00
https://www.banglatribune.com///www.banglatribune.com/others/900946/%E0%A6%B8%E0%A7%8D%E0%A6%A5%E0%A6%B2-%E0%A6%A8%E0%A6%BF%E0%A6%AE%E0%A7%8D%E0%A6%A8%E0%A6%9A%E0%A6%BE%E0%A6%AA%E0%A7%87%E0%A6%B0-%E0%A6%AA%E0%A7%8D%E0%A6%B0%E0%A6%AD%E0%A6%BE%E0%A6%AC%E0%A7%87-%E0%A6%B0%E0%A6%BE%E0%A6%9C%E0%A6%A7%E0%A6%BE%E0%A6%A8%E0%A7%80%E0%A6%A4%E0%A7%87-%E0%A6%9D%E0%A7%9C%E0%A7%8B,"স্থল নিম্নচাপের প্রভাবে রাজধানীতে ঝড়ো হাওয়া-বৃষ্টি, চলতে পারে সারাদিন","সাগরে সৃষ্টি হওয়া গভীর নিম্নচাপটি দুর্বল হয়ে স্থল নিম্নচাপ আকারে টাঙ্গাইল ও আশেপাশের এলাকায় অবস্থান করছে। এর প্রভাবে আজ শুক্রবারও রাজধানীসহ দেশের বিভিন্ন অঞ্চলে ঝড়ো হাওয়ার সঙ্গে বৃষ্টি হচ্ছে। এদিকে, স্থল নিম্নচাপের প্রভাবে গভীর সঞ্চালনশীল মেঘমালার সৃষ্টি হচ্ছে। এতে ঝড়ো হাওয়া অব্যাহত আছে। এজন্য চারটি সমুদ্র বন্দরেই তিন নম্বর এবং নদী বন্দরে ২ নম্বর সতর্ক সংকেত দেখাতে বলা হয়েছে। আবহাওয়ার বিশেষ সতর্কবার্তায় বলা হয়েছে, সাতক্ষীরা ও আশেপাশের এলাকায় অবস্থিত গভীর স্থল নিম্নচাপটি উত্তর বা উত্তরপূর্ব দিকে সরে গিয়ে বর্তমানে স্থল নিম্নচাপ আকারে আজ সকালে টাঙ্গাইল ও আশেপাশের এলাকায় অবস্থান করছে। এটি আরও উত্তর বা উত্তরপূর্ব দিকে অগ্রসর হয়ে বৃষ্টি ঝড়িয়ে ক্রমশ দুর্বল হতে পারে। স্থল নিম্নচাপের প্রভাবে উত্তর বঙ্গোপসাগর ও তৎসংলগ্ন বাংলাদেশের উপকূলীয় অঞ্চলে গভীর সঞ্চালনশীল মেঘমালার সৃষ্টি হচ্ছে এবং বাংলাদেশের সমুদ্র বন্দরগুলো, উত্তর বঙ্গোপসাগর ও উপকূলীয় এলাকায় ঝড়ো হাওয়া অব্যাহত থাকতে পারে। এদিকে, চট্টগ্রাম, কক্সবাজার, মোংলা ও পায়রা সমুদ্রবন্দরকে তিন নম্বর স্থানীয় সতর্ক সংকেত দেখিয়ে যেতে বলা হয়েছে। উত্তর বঙ্গোপসাগরে অবস্থানরত সকল মাছ ধরার নৌকা ও ট্রলারকে পরবর্তী নির্দেশ না দেওয়া পর্যন্ত নিরাপদ আশ্রয়ে থাকতে বলা হয়েছে। সন্ধ্যা ৬টা পর্যন্ত দেশের অভ্যন্তরীণ নদীবন্দরগুলোর জন্য আবহাওয়ার পূর্বাভাসে বলা হয়, বরিশাল, পটুয়াখালী, নোয়াখালী, কুমিল্লা, চট্টগ্রাম, কক্সবাজার এবং সিলেট অঞ্চলগুলোর উপর দিয়ে দক্ষিণ বা দক্ষিণ-পূর্ব দিক থেকে ঘণ্টায় ৬০ থেকে ৮০ কিলোমিটার বেগে বৃষ্টি বা বজ্রবৃষ্টিসহ ঝড়ো হাওয়া বয়ে যেতে পারে। এসব এলাকার নদীবন্দরগুলোকে ২ নম্বর সতর্ক সংকেত দেখাতে বলা হয়েছে। এছাড়া দেশের অন্য এলাকায় একই দিক থেকে ঘণ্টায় ৪৫ থেকে ৬০ কিলোমিটার বেগে বৃষ্টি বা বজ্রবৃষ্টিসহ অস্থায়ীভাবে দমকা বা ঝড়ো হাওয়া বয়ে যেতে পারে। এসব এলাকার নদী বন্দরগুলোকে ১ নম্বর সতর্ক সংকেত দেখাতে বলা হয়েছে। আজ সকাল ৯টা থেকে পরবর্তী ২৪ ঘণ্টার পূর্বাভাসে বলা হয়, ময়মনসিংহ, ঢাকা, খুলনা, বরিশাল, চট্টগ্রাম ও সিলেট বিভাগের অধিকাংশ জায়গায় এবং রংপুর ও রাজশাহী বিভাগের অনেক জায়গায় অস্থায়ীভাবে দমকা হাওয়াসহ বিদ্যুৎ চমকানো বা হালকা থেকে মাঝারি ধরনের বৃষ্টি বা বজ্রসহ বৃষ্টি হতে পারে। সেই সঙ্গে ময়মনসিংহ, ঢাকা, খুলনা, বরিশাল, চট্টগ্রাম ও সিলেট বিভাগের কোথাও কোথাও মাঝারি ধরনের ভারী থেকে অতিভারী বর্ষণ হতে পারে। গত ২৪ ঘণ্টায় সর্বোচ্চ বৃষ্টি হয়েছে নোয়াখালীর মাইজদী কোর্টে ২৮৫ মিলিমিটার। এছাড়া চাঁদপুরে ২৮২,  ঢাকায় ১৯৬,  কুমিল্লা ১৭৯, ফরিদপুরে ১৭১, চট্টগ্রামে ১৬৪, নারায়ণগঞ্জ ১৬১, খেপুপাড়া ও মাদারীপুরে ১৬০, বরিশাল ১৪১, রাঙ্গামাটি ১৪০, নিকলি ১৩১, আরিচা ১১৯, বান্দরবানে ১১৩, বগুড়া ১১২, নেত্রকোনা ১০৪ মিলিমিটার বৃষ্টি হয়েছে।",2025-05-30T12:46:37+06:00
https://www.banglatribune.com///www.banglatribune.com/country/chitagong/900947/%E0%A6%A8%E0%A6%BF%E0%A6%B0%E0%A6%BE%E0%A6%AA%E0%A6%A6-%E0%A6%B8%E0%A7%8D%E0%A6%A5%E0%A6%BE%E0%A6%A8%E0%A7%87-%E0%A6%B8%E0%A6%B0%E0%A7%87-%E0%A6%AF%E0%A7%87%E0%A6%A4%E0%A7%87-%E0%A6%AE%E0%A6%BE%E0%A6%87%E0%A6%95%E0%A6%BF%E0%A6%82,নিরাপদ স্থানে সরে যেতে মাইকিং,"এখন বর্ষা মৌসুম। কখনও থেমে আবার কখনও অবিরাম বৃষ্টি হচ্ছে পার্বত্য জেলা বান্দরবানে। আর বৃষ্টি হলেই আতঙ্ক ভর করে পাহাড় ও পাহাড়ের পাদদেশে থাকা বাসিন্দাদের। মৃত্যুর ঝুঁকি জেনেও থাকছেন পাহাড়ের পাদদেশে, এদের বেশিরভাগই নিম্নবিত্ত। তাদের নিরাপদ স্থানে সরে যাওয়ার জন্য এরই মধ্যে জেলা উপজেলা প্রশাসন থেকে করা হচ্ছে মাইকিং। এ ছাড়া ২ দি‌নের টানা বর্ষণে বান্দরবানের সাঙ্গু, মাতামূহুরী নদীর পা‌নি বিপদসীমা অতিক্রম কর‌ছে। এতে বি‌ভিন্ন স্থা‌নে পাহাড় ধস ও নিম্নাঞ্চল প্লাবিত হওয়ার সম্ভাবনা দেখা দি‌য়ে‌ছে। এদিকে পাহা‌ড়ে ঝুঁকিপূর্ণ বসতি আগের তুলনায় বাড়ছে বলে জানিয়েছেন বান্দরবান জেলা প্রশাসক শামীম আরা রিনি। তি‌নি ব‌লেন, ‘সেই অনুসারেই বন্যায় প্লাবিত এলাকা ও ভূমি ধসের ঘটনা যেখানে ঘটেছিল সেগুলো এবং পাহাড় কেটে নতুন যে স্থাপনাগুলো তৈরি করা হয়েছে সেগুলোকে ফোকাস করে এক‌টি তালিকা তৈরি করা হচ্ছে।’ প্রশাসনের তথ্যমতে, ২০০৬ সালে জেলা সদরে ৩ জন, ২০০৯ সালে লামা উপজেলায় শিশুসহ ১০ জন, ২০১০ সালে নাইক্ষ্যংছড়ি উপজেলায় শিশুসহ ১০ জন, ২০১১ সালে রোয়াংছড়ি উপজেলায় ২ জন, ২০১২ সালে লামা ফাইতং ইউনিয়নে ২৮ জন ও নাইক্ষ্যংছড়ি উপজেলায় ১০ জন, ২০১৩ সালে পৌর শহর কালাঘাটায় ২জন, ২০১৪ সালে সদরে ৪জন, ২০১৫ সালে লামায় ৬ জন ও সদরের বনরূপা পাড়ায় ৩ জন, ২০১৭ সালের সদরের কালাঘাটায় ৭জন ও রুমা সড়‌কে ৫ জন, ২০১৮ সালে নাইক্ষ্যংছড়িতে ৩ জন ও লামায় ৪ জন, ২০১৯ সালে লামা‌য় ১জন, ২০২০ সালে আলীক‌দ‌মের মি‌রিঞ্জা এলাকায় ১ জন, ২০২১ সালে ছাইঙ্গ‌্যা ঝি‌রি‌তে এক পরিবারের ৩ জন, ২০২৩ সালে মা-মেয়ে ২জন ও সর্বশেষ চলতি বছরে নাইক্ষ্যংছড়িতে পাহাড় ধসে নিহত হন ১ জন কৃষক।",2025-05-30T12:55:30+06:00
https://www.banglatribune.com///www.banglatribune.com/politics/bnp/900949/%E0%A6%8F%E0%A6%95%E0%A6%9F%E0%A6%BF-%E0%A6%B2%E0%A7%8B%E0%A6%95-%E0%A6%A8%E0%A6%BF%E0%A6%B0%E0%A7%8D%E0%A6%AC%E0%A6%BE%E0%A6%9A%E0%A6%A8-%E0%A6%9A%E0%A6%BE%E0%A6%AF%E0%A6%BC-%E0%A6%A8%E0%A6%BE-%E0%A6%AE%E0%A6%BF%E0%A6%B0%E0%A7%8D%E0%A6%9C%E0%A6%BE-%E0%A6%86%E0%A6%AC%E0%A7%8D%E0%A6%AC%E0%A6%BE%E0%A6%B8,একটি লোক নির্বাচন চায় না: মির্জা আব্বাস,"জাপানে নিক্কেই ফোরামে দেওয়া প্রধান উপদেষ্টা ড. মুহাম্মদ ইউনূসের বক্তব্যের নিন্দা জানিয়েছেন বিএনপির স্থায়ী কমিটির সদস্য মির্জা আব্বাস। শুক্রবার (৩০ মে) দলটির প্রতিষ্ঠাতা জিয়াউর রহমানের শাহাদাতবার্ষিকী উপলক্ষে বিএনপির স্থায়ী কমিটির সদস্য মির্জা আব্বাস বলেছেন, ‘খুব দুঃখের সঙ্গে এই কথা বলতে হচ্ছে, আজকে ড. ইউনূস সাহেব জাপানে বসে বিএনপির বিরুদ্ধে বদনাম করছেন। লজ্জা লাগলো না বিদেশে বসে দেশের বিরুদ্ধে বদনাম করতে। তিনি বলেছেন— একটি দল শুধু নির্বাচন চায়। আর আমরা বলতে চাই, একটি লোক নির্বাচন চায় না, সেটা হচ্ছে ড. ইউনূস।’ শেরেবাংলা নগরে বিএনপির প্রতিষ্ঠাতা জিয়াউর রহমানের সমাধিতে সিনিয়র নেতাদের সঙ্গে নিয়ে শ্রদ্ধা নিবেদন শেষে মির্জা আব্বাস সাংবাদিকদের সামনে এসব কথা বলেন।                                     											jwARI.fetch( $( ""#ari-image-jw6839d8e19144f"" ) );
            সাবেক মন্ত্রী মির্জা আব্বাস বলেন, ‘সংস্কার সংস্কার করতে করতে বর্তমান সরকার আমদানি করেছেন বিদেশি লোকদের। জিয়া বহু সংস্কার করেছেন, কিন্তু কোনও বিদেশি পরামর্শক আনেননি, কাউকে আমদানি করেনি। কিন্তু বর্তমান সরকার কিছু বিদেশি পরামর্শক এনেছে। সংস্কার সংস্কার করতে করতে আজ এমন অবস্থায় চলে গেছে, তারা নির্বাচন দিতে চায় না। মির্জা আব্বাস বলেন, ‘ডিসেম্বরের মধ্যে জাতীয় নির্বাচনের কথা বিএনপির আগে ড. ইউনূসই বলেছিলেন। এটা তারই (ড. ইউনূস) প্রস্তাব। পরবর্তীতে শিফট করে জুনে গেলেন ইউনূস। সুতরাং নির্বাচন করতে হলে ডিসেম্বরের মধ্যে করতে হবে। আর ডিসেম্বরে নির্বাচন না হলে দায়-দায়িত্ব সব ড. ইউনূসকে নিতে হবে। ‘ডিসেম্বরের মধ্যে নির্বাচন দিতে হবে। না হয় বাংলাদেশের জনগণ নির্বাচন আদায় করবে। নির্বাচন না হলে এ দেশের ভৌগলিক অবস্থান ঠিক থাকবে না।’ বলেন আব্বাস। এই সময় উপস্থিত ছিলেন— বিএনপির স্থায়ী কমিটির সদস্য গয়েশ্বর চন্দ্র রায়, সালাহ উদ্দিন আহমেদ, ডা. এ জেড এম জাহিদ হোসেনসহ অনেকে। শ্রদ্ধা নিবেদনের সময়ে স্থায়ী কমিটির সদস্যরা ছাড়া আরও ছিলেন দলের চেয়ারপারসনের উপদেষ্টা কাউন্সিলের সদস্য আমান উল্লাহ আমান, মাহবুব উদ্দিন খোকন, লুৎফুজ্জামান বাবর, যুগ্ম মহাসচিব খায়রুল কবির খোকন, শহীদ উদ্দিন চৌধুরী এ্যানি, কেন্দ্রীয় নেতা মীর সরাফত আলী সপু, সুলতান সালাউদ্দিন টুকু, মীর নেওয়াজ আলী, মীর আলী নেওয়াজ, সাইফুল আলম নিরব, তাইফুল ইসলাম টিপু, এসএম জাহাঙ্গীর, ঢাকা মহানগরের আমিনুল হক, তানভীর আহমেদ রবিনসহ আরও কয়েকজন।এর আগে প্রতিকূল আবহাওয়ার মধ্যেও রাজধানীর বিভিন্ন ওয়ার্ড থেকে ছোট ছোট মিছিল নিয়ে জিয়াউর রহমানের সমাধি প্রাঙ্গণে নেতা-কর্মীদের আসতে দেখা গেছে। এ সময় তাদেরকে কালো ব্যাজ ধারণ করতে দেখা গেছে।",2025-05-30T12:59:58+06:00
https://www.banglatribune.com///www.banglatribune.com/national/900973/%E0%A6%AA%E0%A7%8D%E0%A6%B0%E0%A6%A7%E0%A6%BE%E0%A6%A8-%E0%A6%89%E0%A6%AA%E0%A6%A6%E0%A7%87%E0%A6%B7%E0%A7%8D%E0%A6%9F%E0%A6%BE%E0%A6%95%E0%A7%87-%E0%A6%B8%E0%A6%AE%E0%A7%8D%E0%A6%AE%E0%A6%BE%E0%A6%A8%E0%A6%B8%E0%A7%82%E0%A6%9A%E0%A6%95-%E0%A6%A1%E0%A6%95%E0%A7%8D%E0%A6%9F%E0%A6%B0%E0%A7%87%E0%A6%9F-%E0%A6%A1%E0%A6%BF%E0%A6%97%E0%A7%8D%E0%A6%B0%E0%A6%BF-%E0%A6%A6%E0%A6%BF%E0%A6%B2%E0%A7%8B,প্রধান উপদেষ্টাকে সম্মানসূচক ডক্টরেট ডিগ্রি দিলো সোকা বিশ্ববিদ্যালয়,প্রধান উপদেষ্টা প্রফেসর ড. মুহাম্মদ ইউনূসকে সম্মানসূচক ডক্টরেট ডিগ্রি দিয়েছে জাপানের সোকা বিশ্ববিদ্যালয়। শুক্রবার (৩০ মে) সামাজিক উদ্ভাবন এবং বৈশ্বিক উন্নয়নে অবদানের স্বীকৃতিস্বরূপ অধ্যাপক ইউনূসকে এই সম্মানসূচক ডিগ্রি দেওয়া হয়। এ সময় ড. ইউনূস টোকিওর সোকা বিশ্ববিদ্যালয়ে বিশিষ্ট ব্যক্তিদের উদ্দেশে বক্তব্য দেন। অনুষ্ঠানে সোকা বিশ্ববিদ্যালয়ের প্রেসিডেন্ট সুজুকিও বক্তব্য রাখেন। প্রধান উপদেষ্টা চার দিনের সফরশেষে আগামীকাল ৩১ মে সকালে সিঙ্গাপুর এয়ারলাইন্সের একটি ফ্লাইটে টোকিও ত্যাগ করবেন এবং সিঙ্গাপুর হয়ে রাতেই ঢাকায় পৌঁছানোর কথা রয়েছে। অধ্যাপক ইউনূস গত ২৭ মে চার দিনের সরকারি সফরে টোকিও পৌঁছান।,2025-05-30T16:01:09+06:00
https://www.banglatribune.com///www.banglatribune.com/country/900974/%E0%A6%B0%E0%A6%BE%E0%A6%99%E0%A6%BE%E0%A6%AE%E0%A6%BE%E0%A6%9F%E0%A6%BF%E0%A6%A4%E0%A7%87-%E0%A6%9F%E0%A6%BE%E0%A6%A8%E0%A6%BE-%E0%A6%AC%E0%A6%B0%E0%A7%8D%E0%A6%B7%E0%A6%A3%E0%A7%87-%E0%A6%AC%E0%A7%87%E0%A7%9C%E0%A7%87%E0%A6%9B%E0%A7%87-%E0%A6%AA%E0%A6%BE%E0%A6%B9%E0%A6%BE%E0%A7%9C-%E0%A6%A7%E0%A6%B8%E0%A7%87%E0%A6%B0-%E0%A6%9D%E0%A7%81%E0%A6%81%E0%A6%95%E0%A6%BF,"রাঙামাটিতে টানা বর্ষণে বেড়েছে পাহাড় ধসের ঝুঁকি, আশ্রয়কেন্দ্র ফাঁকা","বঙ্গোপসাগরে সৃষ্ট নিম্নচাপের প্রভাবে পাহাড়ি জেলা রাঙামাটিতে চলছে ভারী বর্ষণ। টানা বর্ষণে বেড়েছে পাহাড় ধসের ঝুঁকি।  শুক্রবার সকালে রাঙামাটি শহরের যুব উন্নয়ন এলাকায় পাহাড়ের মাটি ধসে পড়েছে ঘরের ওপর। অধিকতর ধস এড়াতে ত্রিপল দিয়ে ঢেকে দেওয়া হয়েছে স্থানটি। শুধু যুব উন্নয়ন এলাকাই নয়, ছোট ছোট ধস হয়েছে লোকনাথ মন্দির সংলগ্ন মোনাদাম এলাকায়। মাটি রক্ষার জন্য দেওয়া বস্তা ধসে ঢুকে গেছে ঘরের ভেতর। সড়কে ভেঙে পড়েছে গাছ, যা আপসারণে কাজ করছেন ফায়ার সার্ভিস কর্মীরা। তবুও অধিকাংশ আশ্রয়কেন্দ্র পড়ে আছে ফাঁকা। আশ্রয়কেন্দ্রে আসা লোকজনদের খাবারসহ সব ব্যবস্থা করা হয়েছে বলে জানিয়েছে উপজেলা প্রশাসন। স্থানীয় আবহাওয়া পর্যাবেক্ষণ কেন্দ্রের তথ্য বলছে, গত ২৪ ঘণ্টায় জেলায় ১৪০ দশমিক ২ মিলিমিটার বৃষ্টিপাত রেকর্ড করা হয়েছে। এতে বেড়েছে পাহাড় ধসের শঙ্কা। তবুও পাহাড়ের পাদদেশে বসবাসকারীরা অবস্থান করছেন ঘরেই। শুধু লোকনাথ মন্দির আশ্রয়কেন্দ্রে অবস্থান করছেন ১৪ পরিবারে ৬২ জন মানুষ। রাতে আশ্রয়কেন্দ্রে আসলেও দুপুর পর্যন্ত খাবার না পাওয়ার অভিযোগ তাদের।                                     											jwARI.fetch( $( ""#ari-image-jw6839d8e4a4d23"" ) );
            লোকনাথ মন্দির আশ্রয়কেন্দ্রে অবস্থান করা মনোয়ারা বেগম বলেন, ‘রাতে বাসা থেকে খেয়ে আশ্রয়কেন্দ্রে এসেছি। সকাল গড়িয়ে দুপুর হলো, এখনও কোনও খাবার দেয়নি। বাচ্চাদের নিয়ে আছি। সারারাত অনেক বৃষ্টি হয়েছে। আমাদের বাড়ির আশেপাশের কিছু মাটি সরে গেছে। বাসায় চলে গেলে আবার ভয়ও করে।’ একই আশ্রয়কেন্দ্রে অবস্থান করা আইয়ুব খান একই অভিযোগ করে বলেন, ‘রাতে আসার পর বিভিন্ন লোকজন খোঁজ নিচ্ছে, তবে কেউ খাবার দেয়নি এখনও। জেলা প্রশাসন থেকে বলেছে, সব ব্যবস্থা করবে কিন্তু কিছুই পাচ্ছি না।’ রাঙামাটি সদর উপজেলা নির্বাহী অফিসার রিফাত আসমা বলেন, ‘রাঙামাটি সদরে ২৫টি আশ্রয়কেন্দ্র খোলা হলেও শুধু লোকনাথ মন্দির আশ্রয়কেন্দ্রে ১৪ পরিবারে ৬২ জন মানুষ অবস্থান করছেন। তালিকা অনুযায়ী আশ্রয়কেন্দ্রে অবস্থানকারীদের দুপুর ও রাতের খাবারের পাশাপাশি শুকনো খাবারের ব্যবস্থা করা হয়েছে।’  ",2025-05-30T16:06:10+06:00
https://www.banglatribune.com///www.banglatribune.com/country/chitagong/900958/%E0%A6%AC%E0%A7%88%E0%A6%B0%E0%A7%80-%E0%A6%86%E0%A6%AC%E0%A6%B9%E0%A6%BE%E0%A6%93%E0%A7%9F%E0%A6%BE%E0%A7%9F-%E0%A6%A6%E0%A7%81%E0%A6%AC%E0%A6%BE%E0%A6%87%E0%A6%97%E0%A6%BE%E0%A6%AE%E0%A7%80-%E0%A6%AB%E0%A7%8D%E0%A6%B2%E0%A6%BE%E0%A6%87%E0%A6%9F-%E0%A6%9A%E0%A6%9F%E0%A7%8D%E0%A6%9F%E0%A6%97%E0%A7%8D%E0%A6%B0%E0%A6%BE%E0%A6%AE%E0%A7%87-%E0%A6%A8%E0%A6%BE%E0%A6%AE%E0%A6%A4%E0%A7%87-%E0%A6%A8%E0%A6%BE,বৈরী আবহাওয়ায় দুবাইগামী ফ্লাইট চট্টগ্রামে নামতে না পেরে ফিরে গেলো ঢাকায়,"বৈরী আবহাওয়ার কারণে চট্টগ্রাম শাহ আমানত আন্তর্জাতিক বিমানবন্দরে দুবাইগামী বাংলাদেশ বিমানের একটি ফ্লাইট নামতে না পেরে পুনরায় ঢাকায় ফিরে গেছে। বৃহস্পতিবার (২৯ মে) রাতে এ ঘটনা ঘটে। চট্টগ্রামের শাহ আমানত আন্তর্জাতিক বিমানবন্দরের জনসংযোগ কর্মকর্তা প্রকৌশলী ইব্রাহিম খলিল বাংলা ট্রিবিউনকে বলেন, ‘চট্টগ্রামে অনুকূল আবহাওয়া না থাকায় নিরাপত্তার স্বার্থে ফ্লাইটটি ঢাকায় ফেরত পাঠানো হয়। আজ শুক্রবার ভোরে পুনরায় যাত্রী নিয়ে দুবাই গেছে ফ্লাইটটি।’ তিনি জানান, ঢাকা থেকে চট্টগ্রাম হয়ে দুবাইগামী বিমান বাংলাদেশ এয়ারলাইন্সের একটি ফ্লাইট খারাপ আবহাওয়ার কারণে বৃহস্পতিবার (২৯ মে) রাত ৯টা ৪৪ মিনিটে ঢাকায় ফেরত আসে। ফ্লাইটটি ছিল বাংলাদেশ বিমানের বিজি১৪৭, যা হজরত শাহজালাল আন্তর্জাতিক বিমানবন্দর (ঢাকা) থেকে চট্টগ্রামের শাহ আমানত আন্তর্জাতিক বিমানবন্দর হয়ে দুবাই যাওয়ার কথা ছিল। তবে চট্টগ্রামে খারাপ আবহাওয়ার কারণে ফ্লাইটটি নামতে না পেরে ঢাকায় ফিরে আসে। রাত কাটিয়ে ফ্লাইটটি সকাল ৪টা ১৬ মিনিটে পুনরায় চট্টগ্রামে অবতরণ করে এবং আবহাওয়া উন্নতি হলে আজ শুক্রবার সকাল ৫টা ৩১ মিনিটে দুবাইয়ের উদ্দেশে যাত্রা করে।",2025-05-30T14:06:12+06:00
https://www.banglatribune.com///www.banglatribune.com/others/900961/%E0%A6%9F%E0%A6%BE%E0%A6%A8%E0%A6%BE-%E0%A6%AC%E0%A7%83%E0%A6%B7%E0%A7%8D%E0%A6%9F%E0%A6%BF%E0%A6%A4%E0%A7%87-%E0%A6%AA%E0%A7%8D%E0%A6%B2%E0%A6%BE%E0%A6%AC%E0%A6%BF%E0%A6%A4-%E0%A6%A8%E0%A6%BF%E0%A6%89%E0%A6%AE%E0%A6%BE%E0%A6%B0%E0%A7%8D%E0%A6%95%E0%A7%87%E0%A6%9F-%E0%A6%8F%E0%A6%B2%E0%A6%BE%E0%A6%95%E0%A6%BE,টানা বৃষ্টিতে প্লাবিত নিউমার্কেট এলাকা,"একটানা বৃষ্টি হওয়ায় প্লাবিত হয়েছে রাজধানীর নিউমার্কেট এলাকা ও প্রধান সড়ক। সড়ক তলিয়ে যাওয়ায় যান চলাচল কমেছে। এতে করে ভোগান্তিতে পড়েছে যাত্রী ও সাধারণ মানুষ। পানি ঢুকে পড়েছে কয়েকটি মার্কেটেও। ফলে দোকান খুলতে পারেননি অনেকে। তাছাড়া সড়কে পানি জমায় হেঁটে পার হতে পারছেন না অনেকে। ফলে বাধ্য হয়েই রিকশায় পার হতে হচ্ছে, গুনতে হচ্ছে অতিরিক্ত ভাড়া। শনিবার (৩০ মে) সকাল থেকে রাজধানীর নিউমার্কেট এলাকায় এ চিত্র দেখা গেছে।                                     											jwARI.fetch( $( ""#ari-image-jw6839d8e797052"" ) );
            সকাল থেকে নিউমার্কেটের ১ নম্বর গেটের সামনের সড়কে পানি জমলেও বেলা বাড়ার সঙ্গে সঙ্গে সড়ক থেকে পানি সরে গেছে। তবে মিরপুর রোডে নূরজাহান শপিং কমপ্লেক্সের সামনের সড়কে হাঁটু পানি জমে আছে। সড়কের পাশে নিচতলায় থাকা কিছু দোকান খুলতে পারেননি দোকানিরা। পথচারীরা বলছেন, পয়নিষ্কাশন ব্যবস্থার দুরাবস্থার কারণে বৃষ্টি হলেই এই এলাকায় এমন দুর্ভোগ সৃষ্টি হয়। এগুলো সমাধানে প্রশাসন কোনও ব্যবস্থাই নেয় না।                                    											jwARI.fetch( $( ""#ari-image-jw6839d8e797093"" ) );
            ",2025-05-30T14:30:04+06:00
https://www.banglatribune.com///www.banglatribune.com/country/chitagong/900941/%E0%A6%B9%E0%A6%BE%E0%A6%B2%E0%A6%A6%E0%A6%BE-%E0%A6%A8%E0%A6%A6%E0%A7%80%E0%A6%A4%E0%A7%87-%E0%A6%A1%E0%A6%BF%E0%A6%AE-%E0%A6%9B%E0%A7%87%E0%A7%9C%E0%A7%87%E0%A6%9B%E0%A7%87-%E0%A6%AE%E0%A6%BE-%E0%A6%AE%E0%A6%BE%E0%A6%9B,হালদা নদীতে ডিম ছেড়েছে মা মাছ,"প্রাকৃতিক মৎস্য প্রজননক্ষেত্র হালদা নদীতে ডিম ছেড়েছে মা মাছ। বৃহস্পতিবার (২৯ মে) রাত ২টার পর থেকে নদীতে ডিম মিলতে শুরু করে। এর আগে থেকে নৌকা নিয়ে হালদায় অবস্থান করছিলেন ডিম সংগ্রহকারীরা। ডিম সংগ্রহে হালদা নদীতে উৎসবের আমেজ বইছে। এ প্রসঙ্গে রাউজান উপজেলার জ্যেষ্ঠ মৎস্য কর্মকর্তা আলমগীর হোসেন বাংলা ট্রিবিউনকে বলেন, ‘রাত ২টা থেকে হালদা নদীতে মা মাছ ডিম ছেড়েছে। রাতভর ডিম সংগ্রহ চলে। সকালেও নদীর বিভিন্ন পয়েন্টে ডিম সংগ্রহ করা হয়।’ জানা গেছে, প্রায় ৩০০ নৌকা নিয়ে গত বুধবার থেকে হালদা নদীতে অপেক্ষায় ছিল ৭০০ ডিম সংগ্রহকারী। গত তিন দিন ধরে ডিম সংগ্রহকারীরা নদীতে নির্ঘুম রাত কাটায়। অবশেষে বৃহস্পতিবার (২৯ মে) রাত ২টা থেকে ডিম ছেড়েছে মা মাছ। এর  আগে বুধবার ও বৃহস্পতিবার দুই দফায় স্বল্প পরিমাণে ডিম ছাড়ে মা মাছ। স্বল্প পরিমাণ হওয়ায়  একে নমুনা ডিম বলছে সংগ্রহকারীরা। রাউজান উপজেলার প্রবীণ ডিম সংগ্রহকারী কামাল উদ্দিন সওদাগর বলেন, ‘রাত ২টা থেকে নদীতে ডিম ছাড়ে মা মাছ। তবে বৃষ্টি এবং আবহাওয়া উত্তপ্ত এবং নদীতে পানি বেশি থাকায় অনেক ডিম স্রোতে চলে গেছে। এরপরও প্রতিটি নৌকা ডিম সংগ্রহ করতে পেরেছে। আমরা ডিম সংগ্রহের জন্য গত বুধবার সকাল থেকে নৌকা নিয়ে হালদায় অপেক্ষায় আছি, কখন ডিম ছাড়বে।' সংশ্লিষ্টরা জানান, এপ্রিল থেকে জুন মাস পর্যন্ত হালদা নদীতে মা মাছ ডিম ছাড়ার উপযুক্ত সময়। মৌসুমের অমাবস্যা ও পূর্ণিমা তিথিতে বজ্রসহ বৃষ্টিপাত হলে নদীতে পানি বাড়ে। আর এতে মা মাছ ডিম ছাড়ে। এ প্রসঙ্গে বিশিষ্ট হালদা নদী গবেষক ও চট্টগ্রাম বিশ্ববিদ্যালয় প্রাণিবিদ্যা বিভাগের চেয়ারম্যান অধ্যাপক ড. মনজুরুল কিবরিয়া বাংলা ট্রিবিউনকে বলেন, ‘হালদা নদীতে গত রাতে মা মাছ ডিম ছেড়েছে। প্রায় ৩০০ নৌকা নিয়ে অন্তত ৭০০ ডিম সংগ্রহ করে। কী পরিমাণ ডিম পাওয়া গেছে তার হিসেব এখনও পাওয়া যায়নি। তবে আবহাওয়া অনুকূল থাকায় এবার ডিম ভালো পাওয়া যাবে। হালদা নদীতে মা মাছ ডিম ছাড়ার সময় এখনও আছে।’ তিনি বলেন, ‘চলতি মৌসুমে গত বুধবার এবং বৃহস্পতিবার দুপুরে স্বল্প পরিমাণে ডিম ছেড়েছে মা মাছ।’ রুই জাতীয় মাছের মৎস্য প্রজননকেন্দ্র হিসেবে খ্যাত হালদা নদীকে বঙ্গবন্ধু মৎস্য হেরিটেজ হিসেবে ঘোষণা করে গেলো আওয়ামী লীগ সরকার। ২০২০ সালের ২২ ডিসেম্বর এ বিষয়ে প্রজ্ঞাপন জারি করে মৎস্য ও প্রাণিসম্পদ মন্ত্রণালয়।",2025-05-30T12:25:49+06:00
https://www.banglatribune.com///www.banglatribune.com/business/news/900877/%E0%A6%A8%E0%A6%A4%E0%A7%81%E0%A6%A8-%E0%A6%AC%E0%A6%BE%E0%A6%9C%E0%A7%87%E0%A6%9F%E0%A7%87-%E0%A6%AE%E0%A6%BE%E0%A6%A8%E0%A7%81%E0%A6%B7%E0%A7%87%E0%A6%B0-%E0%A6%95%E0%A6%B7%E0%A7%8D%E0%A6%9F-%E0%A6%95%E0%A6%BF-%E0%A6%95%E0%A6%AE%E0%A6%AC%E0%A7%87,নতুন বাজেটে মানুষের কষ্ট কি কমবে?,"আসন্ন ২০২৫-২৬ অর্থবছরের প্রস্তাবিত বাজেটে কর কাঠামো ও রাজস্ব আদায়ের বিভিন্ন উদ্যোগ সাধারণ মানুষের ওপর বাড়তি চাপ সৃষ্টি করতে পারে বলে আশঙ্কা করা হচ্ছে। বিশেষ করে মধ্যবিত্ত ও নিম্ন আয়ের মানুষের জন্য এই বাজেট হতে পারে এক কঠিন বাস্তবতার নাম। বাজেট প্রস্তাবে একদিকে কিছু স্বস্তির উদ্যোগ থাকলেও অপরদিকে রয়েছে করহার বৃদ্ধি, পণ্যের দাম বাড়ার আশঙ্কা ও বিনিয়োগে উৎসে কর বাড়ানোর মতো পদক্ষেপ। মধ্যবিত্তের ওপর করের বাড়তি বোঝা জাতীয় রাজস্ব বোর্ড (এনবিআর) সূত্রে জানা গেছে, আসন্ন বাজেটে ব্যক্তিশ্রেণির করমুক্ত আয়ের সীমা বাড়িয়ে ৩ লাখ ৫০ হাজার থেকে ৩ লাখ ৭৫ হাজার টাকা করা হচ্ছে। কিন্তু একইসঙ্গে করযোগ্য আয়ের প্রথম ধাপে করহার ৫ শতাংশ থেকে দ্বিগুণ করে ১০ শতাংশ করার প্রস্তাব রাখা হচ্ছে। নতুন কাঠামো অনুযায়ী, করযোগ্য আয়ের প্রথম ধাপের সীমা বাড়িয়ে ১ লাখ থেকে ৩ লাখ টাকা করা হবে। ফলে ৩ লাখ ৭৫ হাজার টাকা পর্যন্ত আয় করমুক্ত হলেও তার বেশি আয়ের ওপর ১০ শতাংশ হারে কর বসবে, যা মূলত মধ্যবিত্তদের জন্য বাড়তি চাপ সৃষ্টি করবে। উদাহরণস্বরূপ, এক ব্যক্তির বার্ষিক আয় ৭ লাখ ২০ হাজার টাকা হলে তার করযোগ্য আয় হবে ৪ লাখ ৮০ হাজার টাকা। বর্তমানে এই আয়ের ওপর কর ৮ হাজার টাকা হলেও প্রস্তাবিত বাজেট বাস্তবায়িত হলে তা বেড়ে দাঁড়াবে ১০ হাজার ৫০০ টাকা—অর্থাৎ কর বাড়বে ২ হাজার ৫০০ টাকা। নতুন করদাতাদের জন্য স্বস্তির বার্তা প্রথমবার আয়কর রিটার্ন দাখিলকারীদের জন্য বাজেটে বিশেষ সুবিধা রাখা হচ্ছে। এদের ক্ষেত্রে সর্বনিম্ন কর ১ হাজার থেকে ৫ হাজার টাকার মধ্যে নির্ধারণের প্রস্তাব রয়েছে। এর মাধ্যমে করনীতিতে অন্তর্ভুক্তি বাড়ানো ও করভীতি দূর করার চেষ্টা করছে সরকার। বিনিয়োগেও বাড়ছে করের চাপ সরকারি ট্রেজারি বিল ও বন্ডে বিনিয়োগের ওপর উৎসে কর দ্বিগুণ করার প্রস্তাব রাখা হয়েছে। এই বিনিয়োগ মাধ্যম সাধারণত মধ্যবিত্ত ও অবসরপ্রাপ্ত নাগরিকদের কাছে নিরাপদ হিসেবে বিবেচিত। ফলে এই সিদ্ধান্তে ওই শ্রেণির মানুষের আয়েও চাপ বাড়বে। নিত্যপ্রয়োজনীয় পণ্যে কিছুটা স্বস্তি নিত্যপ্রয়োজনীয় খাদ্য ও কৃষিপণ্যের আমদানিতে স্থানীয় ঋণপত্রের (এলসি) কমিশনের ওপর উৎসে কর ১ শতাংশ থেকে কমিয়ে ০.৫ শতাংশ করার প্রস্তাব রাখা হয়েছে। এর আওতায় পড়বে ধান, গম, পেঁয়াজ, আলু, চিনি, ভোজ্যতেলসহ ২৫টির বেশি খাদ্যপণ্য। এছাড়া কম্পিউটার ও যন্ত্রাংশ, ফলমূল আমদানির ওপর কর হ্রাসের মাধ্যমে ভোক্তাদের কিছুটা স্বস্তি দেওয়ার উদ্যোগ নেওয়া হচ্ছে। উৎসে কর কমানো: ধান, গম, ডাল, তেল, চিনি, মসলা ও ফলসহ নিত্যপ্রয়োজনীয় পণ্যের আমদানিতে ঋণপত্রের উৎসে কর ১ শতাংশ থেকে অর্ধেকে নামানো হচ্ছে।শর্ত শিথিল ও জরিমানা কমানো: আমদানি-রফতানিতে ছোটখাটো ভুলে জরিমানার পরিমাণ কমানোর প্রস্তাব থাকছে। আইপিও লঙ্ঘন, কার্গো ঘোষণায় ভুলের জরিমানাও শিথিল হতে পারে।এআইটি বসছে ১৫০ পণ্যে: আয়কর ফাঁকি রোধে আলু, পেঁয়াজ, ডাল, চিনি, কাপড়, আইটি পণ্য ও চিকিৎসা সরঞ্জামসহ ১৫০টি আমদানি পণ্যে ২% হারে অগ্রিম আয়কর (এআইটি) আরোপ করা হচ্ছে, যা রিটার্নে সমন্বয়যোগ্য। কর চাপ, মূল্যস্ফীতির শঙ্কা অর্থনীতিবিদরা মনে করছেন, বাজেটে ভ্যাট, শুল্ক ও উৎসে কর বাড়ানো হলে নিত্যপণ্যের দাম আরও বাড়তে পারে। ফলে সাধারণ মানুষ, বিশেষ করে মধ্যবিত্ত ও নিম্ন আয়ের মানুষ আরও বিপদে পড়বে। সরকারি সূত্র বলছে, আন্তর্জাতিক মুদ্রা তহবিলের (আইএমএফ) শর্ত অনুযায়ী সরকার রাজস্ব আয় বাড়াতে চাপে রয়েছে। জানা গেছে, নতুন অর্থবছরের বাজেটের আকার ধরা হচ্ছে ৭ লাখ ৯০ হাজার কোটি টাকা, যা চলতি বছরের সংশোধিত বাজেটের চেয়ে প্রায় ৭ হাজার কোটি কম। প্লাস্টিক পণ্যে ভ্যাট দ্বিগুণ, পরিবেশবান্ধব পণ্যে ছাড় একবার ব্যবহারযোগ্য প্লাস্টিক পণ্যের ব্যবহার নিরুৎসাহিত করতে রান্নাঘর ও টেবিলওয়্যার পণ্যের ওপর ভ্যাট ৭.৫ শতাংশ থেকে বাড়িয়ে ১৫ শতাংশ করার প্রস্তাব রয়েছে। অপরদিকে, পোড়া মাটি, পচনশীল উপকরণ ও গাছের পাতাজাত পণ্যের ওপর ভ্যাট মওকুফের চিন্তা করছে সরকার। এছাড়া সুপারি, শাল, সিয়ালি ও পলাশ পাতার তৈরি পণ্যের কাঁচামালের জন্য পৃথক হারমোনাইজড সিস্টেম (এইচএস) কোড প্রবর্তন ও শুল্ক ৫ শতাংশ নির্ধারণের প্রস্তাবও বাজেটে অন্তর্ভুক্ত হতে পারে। অর্থ উপদেষ্টা ড. সালেহউদ্দিন আহমেদ বলেন, ‘পরিবেশবান্ধব পণ্যের ব্যবহার ও শিল্পোদ্যোগকে উৎসাহিত করা জরুরি। প্লাস্টিকের অতিরিক্ত ব্যবহার আমাদের পরিবেশের জন্য হুমকি হয়ে উঠেছে।’ শিল্প-উদ্যোগীদের উদ্বেগ বাংলাদেশ প্লাস্টিক পণ্য প্রস্তুতকারক ও রফতানিকারক সমিতির সভাপতি শামীম আহমেদ বাংলা ট্রিবিউনকে বলেন, ‘ভ্যাট দ্বিগুণ হলে এই খাতের পণ্যের দাম বাড়বে, বিক্রি কমবে এবং ক্ষুদ্র ব্যবসায়ীদের জীবন-জীবিকা হুমকির মুখে পড়বে।’ তিনি সরকারকে সিদ্ধান্ত পুনর্বিবেচনার আহ্বান জানান। এনবিআর যদিও মনে করে, এই খাতটি এখন শক্তিশালী এবং কর ছাড়ের সুবিধা অনেক দিন ভোগ করেছে। এসি ও ফ্রিজেও ভ্যাট বাড়তে পারে রেফ্রিজারেটর ও এয়ার কন্ডিশনারের (এসি) ওপর উৎপাদন পর্যায়ে ভ্যাট ৭.৫ শতাংশ থেকে বাড়িয়ে ১৫ শতাংশ করার চিন্তা করছে সরকার। এর ফলে এই পণ্যগুলোর দাম বাড়তে পারে, যা মধ্যবিত্তের বাজেটে বাড়তি চাপ ফেলবে। আমদানিতে বাড়তি করের চাপ আমদানি পণ্যের ওপরও বাড়ছে করের বোঝা। বাণিজ্যিক আমদানিতে অগ্রিম কর (এআইটি) ৫ শতাংশ থেকে বাড়িয়ে ৭.৫ শতাংশ করার প্রস্তাব রাখা হচ্ছে। ফল, পোশাক, শিশুখাদ্য, সিরামিকস ও রিকন্ডিশন্ড গাড়িসহ বহু পণ্য এর আওতায় পড়বে। এছাড়া মোবাইল ফোনের ওপর ভ্যাট বাড়ানোর প্রস্তাবও বাজেটে আসতে পারে—যা বিশেষ করে সাধারণ গ্রাহকদের ওপর বাড়তি বোঝা সৃষ্টি করবে। ভারসাম্যহীনতা ও দ্বিধাদ্বন্দ্বে বাজেট ২০২৫-২৬ অর্থবছরের প্রস্তাবিত বাজেট রাজস্ব আদায়ে আগ্রহী হলেও তা জনজীবনে ভারসাম্যহীনতা তৈরি করতে পারে বলে মনে করছেন বিশ্লেষকরা। মধ্যবিত্ত ও নিম্নবিত্ত শ্রেণি একদিকে করের চাপ, অপরদিকে মূল্যস্ফীতির ঝুঁকিতে পড়বে। যদিও সরকার পরিবেশবান্ধব পণ্য ও করনীতিতে অন্তর্ভুক্তির মতো কিছু ইতিবাচক পদক্ষেপ নিচ্ছে, তবু বাজেটের সামগ্রিক প্রভাব সাধারণ মানুষের জন্য চ্যালেঞ্জিং হতে পারে।",2025-05-29T23:59:00+06:00
https://www.banglatribune.com///www.banglatribune.com/business/news/900867/%E0%A6%AE%E0%A7%81%E0%A6%AE%E0%A7%82%E0%A6%B0%E0%A7%8D%E0%A6%B7%E0%A7%81-%E0%A7%A8%E0%A7%A6-%E0%A6%86%E0%A6%B0%E0%A7%8D%E0%A6%A5%E0%A6%BF%E0%A6%95-%E0%A6%AA%E0%A7%8D%E0%A6%B0%E0%A6%A4%E0%A6%BF%E0%A6%B7%E0%A7%8D%E0%A6%A0%E0%A6%BE%E0%A6%A8%E0%A6%95%E0%A7%87-%E0%A6%9A%E0%A6%BF%E0%A6%A0%E0%A6%BF-%E0%A6%9A%E0%A6%BE%E0%A6%93%E0%A7%9F%E0%A6%BE-%E0%A6%B9%E0%A6%B2%E0%A7%8B,"মুমূর্ষু ২০ আর্থিক প্রতিষ্ঠানকে চিঠি, চাওয়া হলো ঘুরে দাঁড়ানোর পরিকল্পনা","গ্রাহকের অর্থ ফেরত দিতে ব্যর্থ এমন ব্যাংকবহির্ভূত ২০টি আর্থিক প্রতিষ্ঠানকে (এনবিএফআই) চিঠি দিয়েছে বাংলাদেশ ব্যাংক। এসব প্রতিষ্ঠানের নিবন্ধন সনদ (লাইসেন্স) বাতিলের সম্ভাবনা মাথায় রেখে কেন তাদের লাইসেন্স বাতিল করা হবে না— তা জানতে চাওয়া হয়েছে। পাশাপাশি চিঠিতে এসব প্রতিষ্ঠানের বর্তমান আর্থিক অবস্থার ব্যাখ্যা ও ঘুরে দাঁড়ানোর কর্মপরিকল্পনাও চাওয়া হয়েছে। ১৫ দিনের মধ্যে চিঠির জবাব দিতে বলা হয়েছে। বাংলাদেশ ব্যাংকের আর্থিক প্রতিষ্ঠান ও বাজার বিভাগ থেকে সম্প্রতি এ চিঠি পাঠানো হয়। বাংলাদেশ ব্যাংক এখন পর্যন্ত কোনও ব্যাংকবহির্ভূত আর্থিক প্রতিষ্ঠানের (এনবিএফআই) লাইসেন্স বাতিলের সিদ্ধান্ত নেয়নি বলে জানিয়েছেন কেন্দ্রীয় ব্যাংকের নির্বাহী পরিচালক ও মুখপাত্র আরিফ হোসেন খান। বাংলা ট্রিবিউনকে তিনি বলেন, ‘বাংলাদেশ ব্যাংকের আর্থিক প্রতিষ্ঠান বিভাগ থেকে ২০টি এনবিএফআইকে চিঠি দেওয়া হয়েছে তাদের সার্বিক পারফরম্যান্স উন্নয়নের আহ্বান জানিয়ে। মূলত, এসব প্রতিষ্ঠান কীভাবে ঘুরে দাঁড়াতে পারে—সেই পরিকল্পনা জানতে চাওয়া হয়েছে।’ তিনি জানান, সংকটে থাকা এসব প্রতিষ্ঠানের বিরুদ্ধে আমানত পরিশোধে সম্পদের ঘাটতি, শ্রেণিকৃত ঋণের উচ্চ হার, মূলধন ঘাটতি ও ন্যূনতম মূলধন সংরক্ষণে ব্যর্থতার মতো বিভিন্ন অসঙ্গতি পরিলক্ষিত হয়েছে। এসব বিষয় বিবেচনায় নিয়ে বাংলাদেশ ব্যাংক চিঠিতে সংশ্লিষ্ট প্রতিষ্ঠানের ব্যাখ্যা ও ভবিষ্যৎ পরিকল্পনা জানতে চেয়েছে। এছাড়া, চিঠিতে আইনি বিধান অনুসারে উল্লেখ করা হয়েছে— কেন তাদের লাইসেন্স বাতিল করা হবে না, সে বিষয়ে ব্যাখ্যা দিতেও বলা হয়েছে। তবে এটিকে লাইসেন্স বাতিলের চূড়ান্ত পদক্ষেপ না বলে, বরং একটি সতর্কতা ও আত্মমূল্যায়নের সুযোগ হিসেবে দেখার আহ্বান জানিয়েছেন কেন্দ্রীয় ব্যাংকের মুখপাত্র। কেন্দ্রীয় ব্যাংকের মুখপাত্র আরও বলেন, হয়তো চিঠি পাওয়া এই ২০টি প্রতিষ্ঠানের মধ্যে কিছু প্রতিষ্ঠান সত্যি সত্যি ঘুরে দাঁড়াবে। আমরা তাদের পরিকল্পনা জানার অপেক্ষায় আছি। তাদের চিঠির ব্যাখ্যা পাওয়ার পর হয়তো কিছু কিছু প্রতিষ্ঠানকে কেন্দ্রীয় ব্যাংকের পক্ষ থেকে আরও সুযোগ দেওয়া হতে পারে বলেও জানান তিনি। এর আগে বাংলাদেশ ব্যাংক এক পর্যালোচনায় গ্রাহকের টাকা ফেরত দিতে না পারা, উচ্চ হারে শ্রেণিকৃত ঋণ, মূলধন ঘাটতি এবং সম্পদের অপর্যাপ্ততা বিবেচনায় ২০টি এনবিএফআইকে সংকটাপন্ন হিসেবে চিহ্নিত করে। এসব প্রতিষ্ঠানের বেশিরভাগ ঋণই খেলাপিতে পরিণত হয়েছে এবং জামানতের পরিমাণও অপ্রতুল। কেন্দ্রীয় ব্যাংকের নথিপত্র অনুযায়ী, দেশে মোট এনবিএফআই রয়েছে ৩৫টি। এর মধ্যে ২০টির অবস্থা অত্যন্ত দুর্বল। ২০২৪ সালের ডিসেম্বর পর্যন্ত এসব প্রতিষ্ঠানের আমানতের পরিমাণ ছিল ২২ হাজার ১২৭ কোটি টাকা এবং ঋণ ছিল ২৫ হাজার ৮০৮ কোটি টাকা, যার ৮৩ শতাংশই খেলাপি। এসব প্রতিষ্ঠানের ক্রম পুঞ্জিত ক্ষতি দাঁড়িয়েছে ২৩ হাজার ৪৪৮ কোটি টাকায়। তালিকাভুক্ত ২০টি প্রতিষ্ঠান হচ্ছে—সিভিসি ফাইন্যান্স, বে-লিজিং, ইসলামিক ফাইন্যান্স, মেরিডিয়ান ফাইন্যান্স, জিএসপি ফাইন্যান্স, হজ্জ ফাইন্যান্স, ন্যাশনাল ফাইন্যান্স, আইআইডিএফসি, প্রিমিয়ার লিজিং, প্রাইম ফাইন্যান্স, উত্তরা ফাইন্যান্স, আভিভা ফাইন্যান্স, ফিনিক্স ফাইন্যান্স, পিপলস লিজিং, ফার্স্ট ফাইন্যান্স, ইউনিয়ন ক্যাপিটাল, ইন্টারন্যাশনাল লিজিং, বিআইএফসি, ফারইস্ট ফাইন্যান্স ও এফএএস ফাইন্যান্স। চিঠি পাওয়ার বিষয়টি নিশ্চিত করে ইন্টারন্যাশনাল লিজিংয়ের ব্যবস্থাপনা পরিচালক কাজী আলমগীর বলেন, ‘আমরা বাংলাদেশ ব্যাংকের চিঠি পেয়েছি। আলোচনা করে কর্মপরিকল্পনা জমা দেবো। ঋণ আদায় করে গ্রাহকের টাকা ফেরতের চেষ্টা করছি।’ এদিকে, এসব দুর্বল প্রতিষ্ঠানের কারণে পুরো খাতেই আস্থার সংকট তৈরি হয়েছে বলে মনে করছে বাংলাদেশ ব্যাংক। তাদের মতে, ভালো অবস্থানে থাকা এনবিএফআইগুলোর ব্যবসাও এতে ব্যাহত হচ্ছে। এ অবস্থায় আর্থিক খাতকে স্থিতিশীল রাখতে প্রয়োজনীয় সংস্কার, তদারকি এবং আইনগত ব্যবস্থা নেওয়ার সময় এসেছে। এক প্রতিবেদনে কেন্দ্রীয় ব্যাংক বলেছে— সংকটাপন্ন এনবিএফআইগুলোর প্রকৃত কোনও সুদ আয় নেই। অথচ কর্মকর্তা-কর্মচারীদের বেতনসহ বার্ষিক ব্যয় প্রায় ২০৬ কোটি টাকা। ফলে পুনর্গঠন বা একীভূত করার বিকল্প নেই। একীভূত হলে ক্ষতিগ্রস্তদের অর্থ ফেরত দেওয়া হবে কীভাবে? নন-ব্যাংক আর্থিক প্রতিষ্ঠানগুলোর (এনবিএফআই) লাইসেন্স বাতিল বা একীভূত হলে ক্ষতিগ্রস্ত আমানতকারীদের অর্থ কীভাবে ফেরত দেওয়া হবে— এমন প্রশ্নের জবাবে কেন্দ্রীয় ব্যাংকের মুখপাত্র আরিফ হোসেন খান বলেন, ‘যদি কোনও এনবিএফআই বন্ধ হয়ে যায়, তবে আইন অনুযায়ী ক্ষুদ্র আমানতকারীরা সর্বোচ্চ ২ লাখ টাকা পর্যন্ত ফেরত পাবেন, যা ব্যাংক বন্ধের ক্ষেত্রেও প্রযোজ্য নিয়ম।’ তবে বড় অঙ্কের আমানতের ক্ষেত্রে অর্থ ফেরত দেওয়ার সিদ্ধান্ত সরকার নির্ধারণ করবে। প্রসঙ্গত, সম্প্রতি জারি করা এক অধ্যাদেশে বাংলাদেশ ব্যাংককে যেকোনও তফসিলি ব্যাংক বা আর্থিক প্রতিষ্ঠান সাময়িকভাবে সরকারি মালিকানায় নেওয়ার ক্ষমতা দেওয়া হয়েছে। প্রয়োজনে বাংলাদেশ ব্যাংক শেয়ার হস্তান্তরের আদেশও দিতে পারবে, তবে সেটি সরকারি মালিকানাধীন কোনও কোম্পানির কাছেই হতে হবে। এ লক্ষ্যে ৯ মে প্রকাশিত হয়েছে ‘ব্যাংক রেজুলেশন অধ্যাদেশ, ২০২৫’-এর সংশোধিত গেজেট, যা ১৭ এপ্রিল অন্তর্বর্তী সরকারের উপদেষ্টা পরিষদে অনুমোদন পেয়েছিল। আতঙ্কিত না হওয়ার আহ্বান গভর্নরের এনবিএফআইয়ের পাশাপাশি দুর্বল ছয়টি বেসরকারি ব্যাংককে একীভূত করার পরিকল্পনাও এগোচ্ছে। এ বিষয়ে বাংলাদেশ ব্যাংকের গভর্নর ড. আহসান এইচ মনসুর বলেন, ‘সরকার অস্থায়ীভাবে এসব ব্যাংকের নিয়ন্ত্রণ নিচ্ছে, যা একীভূতকরণের পূর্ব প্রস্তুতির অংশ। এতে আমানতকারীদের আতঙ্কিত হওয়ার কিছু নেই, বরং তারা আরও শক্তিশালী প্রতিষ্ঠানের অংশ হবেন।’ তিনি আরও বলেন, ‘আমি আমানতকারীদের প্রতি আহ্বান জানাচ্ছি—যেন তারা আতঙ্কিত হয়ে টাকা উত্তোলনের পথে না যান। সরকার যেহেতু এগুলোর নিয়ন্ত্রণ নিচ্ছে, তাদের আমানত সম্পূর্ণ নিরাপদ থাকবে। সব মিলিয়ে, কেন্দ্রীয় ব্যাংক ও সরকারের এই উদ্যোগ—চরম সংকটে থাকা আর্থিক প্রতিষ্ঠানগুলোকে পুনর্গঠন ও স্থিতিশীল করার জন্য, যাতে আর্থিক খাতের ওপর মানুষের আস্থা পুনঃপ্রতিষ্ঠা করা যায়।’",2025-05-29T22:00:00+06:00
https://www.banglatribune.com///www.banglatribune.com/business/news/900864/%E0%A6%9A%E0%A6%B2%E0%A6%A4%E0%A6%BF-%E0%A6%85%E0%A6%B0%E0%A7%8D%E0%A6%A5%E0%A6%AC%E0%A6%9B%E0%A6%B0%E0%A7%87%E0%A6%B0-%E0%A6%AA%E0%A7%8D%E0%A6%B0%E0%A6%A5%E0%A6%AE-%E0%A7%A7%E0%A7%A6-%E0%A6%AE%E0%A6%BE%E0%A6%B8%E0%A7%87-%E0%A6%8B%E0%A6%A3-%E0%A6%AA%E0%A6%B0%E0%A6%BF%E0%A6%B6%E0%A7%8B%E0%A6%A7-%E0%A7%A9%E0%A7%AB%E0%A7%A6-%E0%A6%95%E0%A7%8B%E0%A6%9F%E0%A6%BF,চলতি অর্থবছরের প্রথম ১০ মাসে ঋণ পরিশোধ ৩৫০ কোটি ডলার,"চলতি ২০২৪-২৫ অর্থবছরের প্রথম ১০ মাসে (জুলাই-এপ্রিল) বাংলাদেশ বৈদেশিক ঋণ পরিশোধে ব্যয় করেছে ৩৫০ কোটি মার্কিন ডলার, যা আগের পুরো অর্থবছরের মোট পরিশোধের পরিমাণকেও ছাড়িয়ে গেছে। বৃহস্পতিবার (২৯ মে) প্রকাশিত অর্থনৈতিক সম্পর্ক বিভাগের (ইআরডি) সর্বশেষ প্রতিবেদনে এ তথ্য উঠে এসেছে। এর আগে ২০২৩-২৪ অর্থবছরে বাংলাদেশ উন্নয়ন সহযোগীদের কাছে মোট ৩৩৭ কোটি ডলার পরিশোধ করেছিল। ইআরডির বিশ্লেষণে দেখা গেছে, চলতি অর্থবছরের প্রথম ১০ মাসে ঋণ পরিশোধের পরিমাণ আগের বছরের একই সময়ের তুলনায় ২৪ দশমিক ৭৩ শতাংশ বেড়েছে। এই সময়ের মধ্যে বাংলাদেশ আসল বাবদ পরিশোধ করেছে প্রায় ২০২ কোটি ডলার, যা গত অর্থবছরের একই সময়ে ছিল ১৬৬ কোটি ডলার— অর্থাৎ ৩২ দশমিক ৮৬ শতাংশ বেশি। সুদ পরিশোধেও উল্লেখযোগ্য বৃদ্ধি দেখা গেছে। জুলাই থেকে এপ্রিল পর্যন্ত সুদ পরিশোধ হয়েছে ১২৯ কোটি ডলার, যা আগের বছরের একই সময়ের ১১৪ কোটি ৮০ লাখ ডলারের তুলনায় ১২ দশমিক ৯৫ শতাংশ বেশি। ইআরডির কর্মকর্তারা জানিয়েছেন, বিগত এক দশকে নেওয়া মেগা প্রকল্প ও বাজেট সহায়তাভিত্তিক বড় অঙ্কের ঋণগুলোর গ্রেস পিরিয়ড শেষ হয়ে যাওয়ায় এ বছর পরিশোধের চাপ বেড়েছে। এর সঙ্গে যোগ হয়েছে বাজারভিত্তিক উচ্চ সুদের হার, যা বৈদেশিক ঋণ পরিশোধকে আরও ব্যয়বহুল করে তুলেছে। অর্থনীতিবিদদের মতে, ভবিষ্যতে এই চাপ আরও বাড়তে পারে। বিশেষ করে রূপপুর পারমাণবিক বিদ্যুৎকেন্দ্র প্রকল্পে রাশিয়ার কাছ থেকে নেওয়া ঋণগুলোর গ্রেস পিরিয়ড আগামী এক-দুই বছরের মধ্যেই শেষ হতে যাচ্ছে, যা পরিশোধের দায় আরও বাড়াবে। অর্থনৈতিক বিশ্লেষকরা মনে করছেন, ঋণ ব্যবস্থাপনায় আরও সতর্কতা অবলম্বন না করলে ভবিষ্যতে বৈদেশিক অর্থনৈতিক ভারসাম্যে চাপ বাড়তে পারে।",2025-05-29T20:06:33+06:00
https://www.banglatribune.com///www.banglatribune.com/business/900776/%E0%A7%A7-%E0%A6%9C%E0%A7%81%E0%A6%A8-%E0%A6%AC%E0%A6%BE%E0%A6%9C%E0%A6%BE%E0%A6%B0%E0%A7%87-%E0%A6%86%E0%A6%B8%E0%A6%9B%E0%A7%87-%E0%A6%A8%E0%A6%A4%E0%A7%81%E0%A6%A8-%E0%A6%A8%E0%A7%8B%E0%A6%9F,১ জুন বাজারে আসছে নতুন নোট,"বাংলাদেশ ব্যাংক আগামী ১ জুন থেকে বাজারে তিনটি নতুন মূল্যমানের ব্যাংক নোট চালু করতে যাচ্ছে। নতুন এই সিরিজের ১০০০, ৫০ ও ২০ টাকার নোটে দেশের ঐতিহাসিক ও প্রত্নতাত্ত্বিক স্থাপত্যের প্রতিফলন ঘটানো হয়েছে। পাশাপাশি, প্রতিটি নোটে যুক্ত করা হয়েছে উন্নতমানের নিরাপত্তা বৈশিষ্ট্য, যা জাল নোট শনাক্তে সহায়ক হবে। বাংলাদেশ ব্যাংকের গভর্নর ড. আহসান এইচ মনসুর স্বাক্ষরিত নতুন সিরিজের নোটগুলোতে থিম হিসেবে গ্রহণ করা হয়েছে “বাংলাদেশের ঐতিহাসিক এবং প্রত্নতাত্ত্বিক স্থাপত্য”। নোটগুলোর ডিজাইন ও ছাপায় আধুনিক প্রযুক্তি ও নিরাপত্তা ব্যবস্থা সংযোজন করা হয়েছে। ১০০০ টাকার নোটে জাতীয় স্মৃতিসৌধ ও সংসদ ভবন নতুন ১০০০ টাকার নোটে সামনে রয়েছে জাতীয় স্মৃতিসৌধ এবং পেছনে জাতীয় সংসদ ভবনের চিত্র। বেগুনি রঙের এ নোটে রয়েছে বিশেষ ধরনের জলছাপ, রঙ পরিবর্তনশীল নিরাপত্তা সুতা, ম্যাজেন্টা-থেকে-সবুজে পরিবর্তনশীল কালি, মাইক্রোপ্রিন্ট, দৃষ্টি প্রতিবন্ধীদের জন্য চিহ্নসহ মোট ১৩টি নিরাপত্তা বৈশিষ্ট্য। ৫০ টাকায় আহসান মঞ্জিল ও শিল্পাচার্যের চিত্রকর্ম গাঢ় বাদামী রঙের নতুন ৫০ টাকার নোটে সম্মুখভাগে রয়েছে ঐতিহাসিক আহসান মঞ্জিল এবং পেছনে শিল্পাচার্য জয়নুল আবেদিনের বিখ্যাত চিত্রকর্ম ‘সংগ্রাম’। এই নোটে রয়েছে ৮টি নিরাপত্তা বৈশিষ্ট্য, যার মধ্যে রয়েছে নিরাপত্তা সুতা, জলছাপ, ও মাইক্রোপ্রিন্ট। ২০ টাকার নোটেও ঐতিহ্য ও নিরাপত্তা নতুন ২০ টাকার নোটেও রয়েছে প্রত্নতাত্ত্বিক স্থাপনার চিত্র এবং উন্নত নিরাপত্তা বৈশিষ্ট্য। ২০ টাকার নোটের পেছন ভাগে, জলছাপ এলাকার ডানপাশে নওগাঁর পাহাড়পুর বৌদ্ধবিহারের ছবি মুদ্রিত রয়েছে। নোটটিরওপরের বাম কোণে বাংলা সংখ্যায় মূল্যমান ‘২০’ এবং ডান কোণে বাংলাদেশ ব্যাংকের মনোগ্রাম মুদ্রিত আছে। নোটটিও নতুন সিরিজের আওতায় ১ জুন থেকেই বাজারে আসবে বলে জানানো হয়েছে। বাংলাদেশ ব্যাংকের বিজ্ঞপ্তিতে জানানো হয়, নতুন সিরিজের নোটের পাশাপাশি বর্তমানে প্রচলিত কাগুজে নোট ও ধাতব মুদ্রাও সচল থাকবে। এছাড়া মুদ্রা সংগ্রাহকদের জন্য সীমিত সংখ্যক নমুনা নোট (specimen) ‘টাকা জাদুঘর’, মিরপুর থেকে সংগ্রহ করা যাবে নির্ধারিত মূল্যের বিনিময়ে। বাংলাদেশ ব্যাংক মনে করছে, এই নতুন সিরিজের মাধ্যমে একদিকে যেমন দেশের ইতিহাস ও ঐতিহ্য তুলে ধরা যাবে, অন্যদিকে আধুনিক নিরাপত্তা ব্যবস্থার মাধ্যমে জাল নোট প্রতিরোধে কার্যকর ভূমিকা রাখা যাবে।",2025-05-29T14:24:29+06:00
https://www.banglatribune.com///www.banglatribune.com/business/900765/%E0%A6%B8%E0%A6%BE%E0%A6%B0%E0%A6%BE%E0%A6%A6%E0%A7%87%E0%A6%B6%E0%A7%87-%E0%A6%9C%E0%A7%81%E0%A7%9F%E0%A7%87%E0%A6%B2%E0%A6%BE%E0%A6%B0%E0%A6%BF-%E0%A6%A6%E0%A7%8B%E0%A6%95%E0%A6%BE%E0%A6%A8-%E0%A6%85%E0%A6%A8%E0%A6%BF%E0%A6%B0%E0%A7%8D%E0%A6%A6%E0%A6%BF%E0%A6%B7%E0%A7%8D%E0%A6%9F%E0%A6%95%E0%A6%BE%E0%A6%B2%E0%A7%87%E0%A6%B0-%E0%A6%9C%E0%A6%A8%E0%A7%8D%E0%A6%AF-%E0%A6%AC%E0%A6%A8%E0%A7%8D%E0%A6%A7,সারাদেশে জুয়েলারি দোকান অনির্দিষ্টকালের জন্য বন্ধ,"বাংলাদেশ জুয়েলার্স সমিতির (বাজুস) সহ-সভাপতি রিপনুল হাসানকে ""মিথ্যা ও হয়রানিমূলক"" মামলায় গ্রেফতারের প্রতিবাদে অনির্দিষ্টকালের জন্য জুয়েলারি ব্যবসা প্রতিষ্ঠান বন্ধ ঘোষণা করেছে জুয়েলারি ব্যবসায়ীরা। এই কর্মসূচির আওতায় রাজধানী ঢাকাসহ দেশের সব জেলা ও উপজেলা পর্যায়ে সোনার দোকান বন্ধ রাখা হয়েছে। বৃহস্পতিবার (২৯ মে) সকাল থেকেই ঢাকার ঐতিহ্যবাহী স্বর্ণ ব্যবসাকেন্দ্র বায়তুল মোকাররম মার্কেট, টিপু সুলতান রোড, চাঁদনী চক, নিউমার্কেটসহ অসংখ্য স্বর্ণের দোকানে তালা ঝুলতে দেখা গেছে। একই চিত্র দেখা গেছে চট্টগ্রাম, রাজশাহী, খুলনা, বরিশাল, সিলেট, রংপুরসহ বিভাগীয় শহর ও জেলার প্রধান স্বর্ণ বাজারগুলোতেও। হঠাৎ এই অঘোষিত ধর্মঘটে ব্যবসায়ী ও ক্রেতা— উভয়েই বিপাকে পড়েছেন। বাজুস সূত্রে জানা গেছে, সংগঠনের শীর্ষ নেতাদের জরুরি বৈঠকের সিদ্ধান্ত অনুযায়ী, রিপনুল হাসানের নিঃশর্ত মুক্তি না দেওয়া পর্যন্ত জুয়েলারি ব্যবসা প্রতিষ্ঠান বন্ধ থাকবে। ব্যবসায়ীরা অভিযোগ করেছেন, পরিকল্পিতভাবে হয়রানি করার উদ্দেশ্যে এ মামলায় তাকে গ্রেফতার করা হয়েছে, যা দেশের স্বর্ণ ব্যবসার প্রতি একটি ‘হুমকিস্বরূপ বার্তা’ বহন করে। ঢাকার বায়তুল মোকাররম স্বর্ণ ব্যবসায়ী সমিতির এক সদস্য বলেন, “রিপনুল হাসান একজন পরিচ্ছন্ন ব্যবসায়ী ও সংগঠক। তার বিরুদ্ধে যে মামলা করা হয়েছে, তা ভিত্তিহীন এবং উদ্দেশ্যপ্রণোদিত। আমরা অবিলম্বে তার মুক্তি দাবি করছি।” জুয়েলারি ব্যবসায়ীরা জানিয়েছেন, এই কর্মসূচির কারণে দেশের স্বর্ণের বাজারে অচলাবস্থার সৃষ্টি হয়েছে। এতে ভোক্তা এবং ব্যবসায়ী— উভয় পক্ষই ক্ষতিগ্রস্ত হচ্ছেন। তবে দাবি আদায় না হওয়া পর্যন্ত তারা আন্দোলন চালিয়ে যাওয়ার ঘোষণা দিয়েছেন। এ বিষয়ে বাজুসের এক সিনিয়র কর্মকর্তা বলেন, “আমরা প্রশাসনের সঙ্গে সংলাপ চালিয়ে যাচ্ছি। আশা করছি, সরকার দ্রুত সঠিক পদক্ষেপ নেবে এবং আমাদের সহ-সভাপতিকে মুক্তি দেবে।”",2025-05-29T13:11:48+06:00
https://www.banglatribune.com///www.banglatribune.com/business/900717/%E0%A6%85%E0%A6%B0%E0%A7%8D%E0%A6%A5%E0%A6%A8%E0%A7%88%E0%A6%A4%E0%A6%BF%E0%A6%95-%E0%A6%B8%E0%A7%8D%E0%A6%A5%E0%A6%AC%E0%A6%BF%E0%A6%B0%E0%A6%A4%E0%A6%BE-%E0%A6%95%E0%A6%BE%E0%A6%9F%E0%A6%AC%E0%A7%87-%E0%A6%95%E0%A6%AC%E0%A7%87,অর্থনৈতিক স্থবিরতা কাটবে কবে?,"বর্তমান রাজনৈতিক ও অর্থনৈতিক প্রেক্ষাপটে বাংলাদেশের শিল্প খাত এক বহুমাত্রিক সংকটে পড়েছে। গ্যাস-বিদ্যুৎ সংকট, বিনিয়োগে ভাটা, প্রশাসনিক হয়রানি ও আন্তর্জাতিক বাণিজ্য চাপে থমকে গেছে শিল্পায়নের চাকা। উদ্যোক্তা ও ব্যবসায়ী নেতারা বলছেন, শিল্পের ওপর যেন ‘অঘোষিত যুদ্ধ’ চলছে। এর ফলে বিনিয়োগে স্থবিরতা এসেছে, উৎপাদন ব্যাহত হচ্ছে, কর্মসংস্থান হ্রাস পাচ্ছে এবং অর্থনৈতিক প্রবৃদ্ধি থমকে দাঁড়িয়েছে। এতে তৈরি হচ্ছে সম্ভাব্য সামাজিক অস্থিরতার আশঙ্কা। দেশের শিল্পপতি ও ব্যবসায়ীরাও নানা তদন্ত ও মামলার সম্মুখীন হচ্ছেন। ব্যাংক হিসাব জব্দ, দুর্নীতি দমন কমিশন (দুদক) ও অন্যান্য সংস্থার বারবার তলব, এমনকি অনেক সময় রাজনৈতিক হয়রানির অভিযোগ তুলে ব্যবসায়ীরা বলছেন—এটি ব্যবসাবান্ধব পরিবেশকে ধ্বংস করে দিচ্ছে। একাধিক উদ্যোক্তা অভিযোগ করেছেন, তাদের বিরুদ্ধে গুরুতর অপরাধের (যেমন হত্যা) অভিযোগে মামলা দায়ের হচ্ছে, যা বাস্তবতা বিবর্জিত। এতে তারা বিনিয়োগ পরিকল্পনা থেকে সরে দাঁড়াচ্ছেন, আতঙ্কে দিন কাটাচ্ছেন, ফলে নতুন কর্মসংস্থানও থমকে গেছে। আমদানি কমছে, থেমে যাচ্ছে শিল্পায়ন বাংলাদেশ ব্যাংকের তথ্য বলছে, ২০২৪-২৫ অর্থবছরের প্রথম ৯ মাসে (জুলাই-মার্চ) শিল্প পণ্যের আমদানিতে এলসি খোলা ও সেটেলমেন্ট—দুই ক্ষেত্রেই বড় ধরনের পতন দেখা গেছে। বিশেষভাবে উল্লেখযোগ্য তথ্য টেক্সটাইল যন্ত্রপাতি: এলসি খোলা কমেছে ১৬.০৭% এবং সেটেলমেন্ট কমেছে ২১.৬৬% চামড়াশিল্প: এলসি খোলা কমেছে ১৮.১৮%, তবে সেটেলমেন্ট সামান্য বেড়েছে (২.৪৬%)। ওষুধশিল্প: এলসি খোলা কমেছে ২১.৪৪%, সেটেলমেন্ট কমেছে ৪২.৫২%। প্যাকেজিং উপকরণ: এলসি খোলা কমেছে ৩৫.৫২%, সেটেলমেন্ট কমেছে ৩৭.৬৯%। কাঁচা তুলা: এলসি খোলা কমেছে ৯.২৯%, সেটেলমেন্ট কমেছে ২.৫৩%। সব মিলিয়ে শিল্প খাতের জন্য মূলধন যন্ত্রপাতি, কৃষি যন্ত্রপাতি, কম্পিউটার হার্ডওয়্যারসহ গুরুত্বপূর্ণ উপকরণ আমদানিও উল্লেখযোগ্য হারে কমেছে। শুধু পাট খাত কিছুটা ব্যতিক্রম, যেখানে এলসি খোলা বেড়েছে ৫৩.৮৪%। তবে সেটেলমেন্ট সেখানে কমেছে ১৪.৫৮%। পোশাক খাত তুলনামূলক স্থিতিশীল দেশের প্রধান রফতানি খাত তৈরি পোশাক শিল্পে কিছুটা ইতিবাচক প্রবণতা দেখা গেলেও তা সামগ্রিক শিল্প খাতকে টেনে তুলতে পারছে না। এই খাতে এলসি খোলা বেড়েছে ২০.৭৪% এবং নিষ্পত্তি বেড়েছে ৫.৬০%। মূলধন যন্ত্রপাতির আমদানি কমে যাচ্ছে ২০২৩-২৪ অর্থবছরের তুলনায় জুলাই থেকে মার্চ পর্যন্ত এলসি খোলার পরিমাণ ২৮.৬৮% কমে ১,৮০৪ মিলিয়ন ডলার থেকে ১,৩৩৫ মিলিয়ন ডলারে দাঁড়িয়েছে। একই সময়ে সেটেলমেন্ট কমেছে ২৩.৮৬%, যা ২,১৩৩ মিলিয়ন ডলার থেকে নেমে এসেছে ১,৫২১ মিলিয়ন ডলারে। পরিসংখ্যান বলছে, চলতি অর্থবছরের (জুলাই-এপ্রিল) প্রথম ১০ মাসে নিবন্ধিত দেশি-বিদেশি বিনিয়োগ প্রকল্পের সংখ্যা ৮১৪টি, যার প্রস্তাবিত বিনিয়োগ ২৭ হাজার ৯৩৬ কোটি টাকা। যা আগের বছরের তুলনায় কম, অর্থাৎ বিনিয়োগ পরিস্থিতিও নেতিবাচক। শিল্পমালিকরা বলছেন, গ্যাস ও বিদ্যুতের মূল্যবৃদ্ধি, ডলার সংকট, সুদের হার ১৮ শতাংশে পৌঁছানো, রফতানির ওপর যুক্তরাষ্ট্রের ৩৭ শতাংশ শুল্ক, নগদ প্রণোদনা হ্রাস এবং টাকার অবমূল্যায়নের ফলে উৎপাদন ও রফতানি উভয় খাতে বিপর্যয় চলছে। ব্যবসায়ীদের সতর্ক বার্তা ব্যবসায়ীরা বলছেন, গার্মেন্টস, চামড়া, ওষুধ এবং অন্যান্য রফতানিমুখী খাতে চলমান গ্যাস সংকটের কারণে ব্যবসায়ীরা নতুন করে বিনিয়োগে নিরুৎসাহিত হচ্ছেন। বিদ্যমান শিল্পও আর্থিক সংকটে পড়ছে, যার সরাসরি প্রভাব পড়ছে কর্মসংস্থানের ওপর। শিল্প মালিকরা বলছেন, চলতি মূলধন সংকুচিত হয়ে পড়ায় আসন্ন ঈদুল আজহার আগে শ্রমিক-কর্মচারীদের বেতন-বোনাস দেওয়া নিয়েও অনিশ্চয়তা তৈরি হয়েছে। উৎপাদন বন্ধ থাকায় নগদ প্রবাহ কমে গেছে, অথচ ব্যাংক ঋণের সুদহার এখন ১৩ শতাংশের কাছাকাছি, যা এই পরিস্থিতিতে বহন করা অসম্ভব হয়ে উঠেছে। বিভিন্ন ব্যবসায়ী সংগঠনের নেতারা বলছেন, এই সংকট যদি অব্যাহত থাকে, তবে ঈদের পর অনেক কারখানা স্থায়ীভাবে বন্ধ হয়ে যেতে পারে। বাংলাদেশ টেক্সটাইল মিলস অ্যাসোসিয়েশনের পরিচালক আবদুল্লাহ আল মামুন বলেছেন, ‘ব্যবসায়ীদের আর্তনাদ যদি শোনা না যায়, তাহলে ঈদের পর অনেক কারখানা বন্ধ হয়ে যেতে পারে।’ বাংলাদেশ-থাই চেম্বারের সভাপতি শামস মাহমুদ বলেন,  ব্যাংকগুলোকে শিল্প ঋণ না দিয়ে ট্রেজারি বন্ডে বিনিয়োগে উৎসাহিত করা হচ্ছে। বিকেএমইএ সভাপতি মোহাম্মদ হাতেম বলেন, জ্বালানি সংকট, ব্যাংক অর্থায়নের ঘাটতি ও নীতিগত অসঙ্গতির কারণে শিল্প খাত রীতিমতো শ্বাসরুদ্ধ হয়ে পড়েছে। ঢাকা চেম্বারের সাবেক সভাপতি রিজওয়ান রহমান বলেন, ‘যেখানে আইনশৃঙ্খলা অনিশ্চিত, সেখানে কেউ বিনিয়োগ করতে চায় না।’ তিনি সরকারকে দ্রুত নিরাপত্তা ও আস্থার পরিবেশ ফিরিয়ে আনার আহ্বান জানান। বাংলাদেশ ব্যাংকের সাবেক প্রধান অর্থনীতিবিদ এবং ইনস্টিটিউট ফর ইনক্লুসিভ ফাইন্যান্স অ্যান্ড ডেভেলপমেন্ট (আইএনএম)-এর নির্বাহী পরিচালক ড. মুস্তফা কে মুজেরি বলেন, ব্যবসার পরিবেশ দ্রুত অবনতির দিকে যাচ্ছে। ‘অপরাধ, চাঁদাবাজি, মিথ্যা মামলা ও রাষ্ট্রীয় হস্তক্ষেপের কারণে শুধু অর্থনীতি নয়, সমাজ ব্যবস্থাও চরম ঝুঁকির মুখে পড়ছে।’ ছোট উদ্যোক্তারা আরও পিছিয়ে ক্ষুদ্র ও মাঝারি উদ্যোক্তারা (CMSME) সবচেয়ে বেশি চাপে পড়েছেন। ব্যাংক ঋণ বিতরণে বড় উদ্যোক্তাদের অগ্রাধিকার দেওয়ায় ছোট উদ্যোক্তারা মূলধন সংকটে ভুগছেন। অথচ দেশের ৯৯% শিল্প ইউনিটই ক্ষুদ্র ও মাঝারি ধরনের। এসএমই ফাউন্ডেশনের চেয়ারম্যান মুসফিকুর রহমান বলেন, ‘‘অনেক ব্যাংক শুধু মাঝারি উদ্যোক্তাদের ঋণ দিচ্ছে, ক্ষুদ্রদের উপেক্ষা করছে।’’ ২০২৯ সালের মধ্যে CMSME খাতে ব্যাংক ঋণের অংশ ২৭ শতাংশে উন্নীত করার লক্ষ্যমাত্রা থাকলেও বর্তমানে তা ১৯ শতাংশের নিচে রয়েছে। রাজনৈতিক স্থিতিশীলতা ছাড়া প্রবৃদ্ধি অসম্ভব: সিপিডি ২৭ মে এক সংবাদ সম্মেলনে সিপিডি বলেছে, দেশে রাজনৈতিক স্থিতিশীলতা ফিরিয়ে আনতে না পারলে বিনিয়োগ, কর্মসংস্থান ও প্রবৃদ্ধি— সবকিছুই ঝুঁকির মধ্যে থাকবে। সংস্থাটি সতর্ক করেছে যে চলতি অর্থবছরে রাজস্ব ঘাটতি দাঁড়াতে পারে ১ লাখ ৫ হাজার কোটি টাকা। খেলাপি ঋণ পৌঁছাতে পারে ৩ লাখ ৪৫ হাজার কোটি টাকায়। মূল্যস্ফীতি ৬.৫% লক্ষ্যমাত্রায় নামিয়ে আনা কঠিন হবে। তারা অবিলম্বে নির্বাচন আয়োজনের নির্দিষ্ট রোডম্যাপ ঘোষণার আহ্বান জানিয়েছে। অর্থনীতি পুনরুদ্ধারে অগ্রগতি, তবে জিডিপি প্রবৃদ্ধিতে চাপ দেশের অর্থনীতি ধীরে ধীরে পুনরুদ্ধারের পথে থাকলেও জিডিপি প্রবৃদ্ধি এখনও চাপে রয়েছে বলে জানিয়েছে মেট্রোপলিটন চেম্বার অব কমার্স অ্যান্ড ইন্ডাস্ট্রি (এমসিসিআই)। ২০২৪-২৫ অর্থবছরের তৃতীয় প্রান্তিক (জানুয়ারি-মার্চ) প্রতিবেদন অনুযায়ী, রফতানি ও প্রবাসী আয় রিজার্ভ স্থিতিশীল রাখতে সহায়ক হলেও ব্যাংক খাতের অনিয়ম ও ঋণ কেলেঙ্কারি বড় চ্যালেঞ্জ হিসেবে রয়ে গেছে। প্রতিবেদনে বলা হয়, তৈরি পোশাকসহ রফতানি খাত কিছুটা স্থিতিশীল হয়েছে, তবে ব্যাংকিং খাতের সংস্কার ও আস্থা ফিরিয়ে আনা জরুরি। এছাড়া, বিশ্বব্যাপী ভূ-রাজনৈতিক অস্থিরতা বাংলাদেশের অর্থনীতির জন্য বাড়তি ঝুঁকি তৈরি করছে। ৯ মাসে এক বিলিয়ন ডলারের বিনিয়োগ প্রস্তাব বাংলাদেশ বিনিয়োগ উন্নয়ন কর্তৃপক্ষ (বিডা) জানিয়েছে, গত ৯ মাসে বাংলাদেশ এক বিলিয়ন ডলারের বেশি বিদেশি বিনিয়োগ প্রস্তাব পেয়েছে। একই সময়ে প্রায় ৯ হাজার কোটি টাকার বিনিয়োগ বাস্তবায়ন হয়েছে এবং ৭৩৯টি নতুন প্রকল্প নিবন্ধন করা হয়েছে, যার মধ্যে শতভাগ বিদেশি মালিকানাধীন প্রকল্প ৬৬টি ও যৌথ বিনিয়োগের প্রকল্প ৬১টি। রিজার্ভ ও রেমিট্যান্সে ইতিবাচক গতি বাংলাদেশের বৈদেশিক মুদ্রার রিজার্ভ বেড়ে বিপিএম৬ পদ্ধতিতে ২০.৫৬ বিলিয়ন ডলারে পৌঁছেছে। মে মাসের প্রথম ২৪ দিনে দেশে এসেছে ২.২৫ বিলিয়ন ডলারের রেমিট্যান্স, যা চলতি মাসে তিন বিলিয়ন ডলারের রেকর্ড ছোঁয়ার ইঙ্গিত দিচ্ছে। বিশেষজ্ঞদের মতে, রেমিট্যান্স ও আমদানি নিয়ন্ত্রণে রিজার্ভে চাপ কিছুটা কমলেও স্থায়ী স্থিতিশীলতার জন্য রফতানি ও বিদেশি বিনিয়োগ বাড়ানোর বিকল্প নেই।",2025-05-29T10:00:00+06:00
https://www.banglatribune.com///www.banglatribune.com/business/news/900727/%E0%A6%AD%E0%A7%81%E0%A7%9F%E0%A6%BE-%E0%A6%AA%E0%A6%B0%E0%A6%BF%E0%A6%9A%E0%A7%9F%E0%A7%87-%E0%A6%AC%E0%A6%BE%E0%A6%82%E0%A6%B2%E0%A6%BE%E0%A6%A6%E0%A7%87%E0%A6%B6-%E0%A6%AC%E0%A7%8D%E0%A6%AF%E0%A6%BE%E0%A6%82%E0%A6%95%E0%A7%87-%E0%A7%A7%E0%A7%A8-%E0%A6%AC%E0%A6%9B%E0%A6%B0-%E0%A6%9A%E0%A6%BE%E0%A6%95%E0%A6%B0%E0%A6%BF-%E0%A6%AC%E0%A6%B0%E0%A6%96%E0%A6%BE%E0%A6%B8%E0%A7%8D%E0%A6%A4,ভুয়া পরিচয়ে বাংলাদেশ ব্যাংকে ১২ বছর চাকরি: বরখাস্ত মামা-ভাগনে,"বাংলাদেশ ব্যাংকে ভুয়া পরিচয়ে টানা ১২ বছর চাকরি করেছেন এক ব্যক্তি। সম্প্রতি এক অভ্যন্তরীণ তদন্তে বিষয়টি ফাঁস হওয়ার পর নিয়োগ বাতিলসহ অভিযুক্ত কর্মকর্তা ও তাকে চাকরিতে ঢোকাতে সহযোগিতা করা মামাকে বরখাস্ত করেছে কেন্দ্রীয় ব্যাংক। তদন্তে উঠে এসেছে, ২০১৩ সালে বাংলাদেশ ব্যাংকের সহকারী পরিচালক (সাধারণ) পদে নিয়োগপ্রাপ্ত প্রকৃত প্রার্থী মো. আব্দুল ওয়ারেছ আনসারী ওই পদে যোগ না দিয়ে বেছে নেন বিসিএস প্রশাসন ক্যাডারকে। বর্তমানে তিনি নারায়ণগঞ্জের অতিরিক্ত জেলা প্রশাসক হিসেবে কর্মরত। তবে ঠিক এই শূন্য পদটিকেই কাজে লাগান তৎকালীন মানবসম্পদ বিভাগের উপপরিচালক মো. শাহজাহান মিঞা। তিনি নিজের ভাগনেকে ওই পদে নিয়োগ দেন প্রকৃত প্রার্থীর নাম, ছবি ও পরিচয় ব্যবহার করে। বাংলাদেশ ব্যাংকের কর্মকর্তারা জানান, ভুয়া পরিচয়ে চাকরি পাওয়া ওই ব্যক্তি নিয়োগের সময় ছবিসহ জাতীয় পরিচয়পত্রের তথ্য জাল করেন। এরপর সহকারী পরিচালক হিসেবে যোগ দিয়ে ১২ বছরে দুটি পদোন্নতি পেয়ে পৌঁছে যান যুগ্ম পরিচালক পদে। তিনি সর্বশেষ বাংলাদেশ ব্যাংকের রাজশাহী অফিসে কর্মরত ছিলেন। বাংলাদেশ ব্যাংকের মুখপাত্র ও নির্বাহী পরিচালক আরিফ হোসেন খান  বলেন, ‘বিষয়টি আমাদের নজরে আসার পর তদন্তে নিশ্চিত হওয়া গেছে যে ব্যক্তিটি প্রকৃত আব্দুল ওয়ারেছ আনসারী নন। এরপরই তার নিয়োগ বাতিল ও চাকরি থেকে বরখাস্ত করা হয়েছে। আরও কেউ এ ধরনের প্রতারণা করেছেন কিনা, তা খতিয়ে দেখা হচ্ছে। আইন প্রয়োগকারী সংস্থা বিষয়টি তদন্ত করছে।   তিনি বলেন, অভিযুক্ত শাহজাহান মিয়াকেও সাময়িক বরখাস্ত করা হয়েছে। তার বিরুদ্ধে আনুষ্ঠানিক তদন্ত প্রক্রিয়া শুরু হয়েছে। ঘটনার পর প্রতিক্রিয়ায় প্রকৃত আব্দুল ওয়ারেছ আনসারী বলেন, ‘২০১৩ সালে আমি বাংলাদেশ ব্যাংক ও প্রশাসন ক্যাডার—দুই জায়গায় নিয়োগ পাই। আমি সিভিল সার্ভিসে যোগ দিই। কয়েক দিন আগে জানতে পারি আমার পরিচয়ে কেউ কেন্দ্রীয় ব্যাংকে চাকরি করছেন। পরে শুনি তাকে বরখাস্ত করা হয়েছে। যদি বাংলাদেশ ব্যাংকে জাতীয় পরিচয়পত্রের ভিত্তিতে বেতন ব্যবস্থা সম্পূর্ণরূপে কার্যকর হতো, তাহলে বিষয়টি অনেক আগেই ধরা পড়তো। বাংলাদেশ ব্যাংকের সংশ্লিষ্ট সূত্র জানায়, নিয়োগের সময় পরিচয় যাচাই এবং ডকুমেন্ট ভেরিফিকেশনের ঘাটতির কারণেই এই ধরনের প্রতারণা সম্ভব হয়েছে। ব্যাংকের ইতিহাসে এমন ঘটনা নজিরবিহীন বলে মন্তব্য করেছেন কর্মকর্তারা। উল্লেখ্য, ভুয়া কর্মকর্তা ২০২৫ সালের ২৭ মে পর্যন্ত বাংলাদেশ ব্যাংকে কর্মরত ছিলেন। এরপর তার চাকরি বাতিল করা হয়। তাকে ফোনে যোগাযোগ করার চেষ্টা করা হলেও নম্বর বন্ধ পাওয়া যায়। বাংলাদেশ ব্যাংকের একজন জ্যেষ্ঠ কর্মকর্তা বলেন, এ ঘটনা ব্যাংকের নিয়োগ প্রক্রিয়ার স্বচ্ছতা ও জবাবদিহি নিয়ে প্রশ্ন দেখা দিয়েছে। যারা এই প্রতারণার সঙ্গে জড়িত, তাদের বিরুদ্ধে দৃষ্টান্তমূলক ব্যবস্থা গ্রহণ করাই এখন জরুরি। কেন্দ্রীয় ব্যাংক জানিয়েছে, চলমান তদন্ত শেষে দায়ী ব্যক্তিদের বিরুদ্ধে আইন অনুযায়ী কঠোর ব্যবস্থা নেওয়া হবে।",2025-05-28T22:54:28+06:00
https://www.banglatribune.com///www.banglatribune.com/business/news/900723/%E0%A6%B8%E0%A6%BE%E0%A6%B0%E0%A6%BE-%E0%A6%A6%E0%A7%87%E0%A6%B6%E0%A7%87-%E0%A6%85%E0%A6%A8%E0%A6%BF%E0%A6%B0%E0%A7%8D%E0%A6%A6%E0%A6%BF%E0%A6%B7%E0%A7%8D%E0%A6%9F%E0%A6%95%E0%A6%BE%E0%A6%B2%E0%A7%87%E0%A6%B0-%E0%A6%9C%E0%A6%A8%E0%A7%8D%E0%A6%AF-%E0%A6%9C%E0%A7%81%E0%A6%AF%E0%A6%BC%E0%A7%87%E0%A6%B2%E0%A6%BE%E0%A6%B0%E0%A6%BF-%E0%A6%AC%E0%A7%8D%E0%A6%AF%E0%A6%AC%E0%A6%B8%E0%A6%BE,সারা দেশে অনির্দিষ্টকালের জন্য জুয়েলারি ব্যবসা বন্ধ,"বাংলাদেশ জুয়েলার্স সমিতির (বাজুস) সহ-সভাপতি মো. রিপনুল হাসানকে মিথ্যা ও হয়রানিমূলক মামলায় গ্রেফতারের ঘটনায় গভীর উদ্বেগ ও ক্ষোভ প্রকাশ করেছে সংগঠনটি। একইসঙ্গে তার নিঃশর্ত মুক্তির দাবিতে অনির্দিষ্টকালের জন্য দেশের সব জুয়েলারি প্রতিষ্ঠান বন্ধ রাখার ঘোষণা দিয়েছে বাজুস। বুধবার (২৮ মে) বাংলাদেশ জুয়েলার্স সমিতির (বাজুস) বিবৃতিতে বাজুসের ভারপ্রাপ্ত সভাপতি গুলজার আহমেদ ও সাধারণ সম্পাদক বাদল চন্দ্র রায়সহ কেন্দ্রীয় নেতারা বলেন, সহ-সভাপতি মো. রিপনুল হাসানকে উদ্দেশ্যমূলক মিথ্যা মামলায় গ্রেফতার করা হয়েছে। এ ধরনের হয়রানি জুয়েলারি ব্যবসায়ীদের মধ্যে চরম উদ্বেগ ও আতঙ্ক সৃষ্টি করেছে। বিবৃতিতে আরও জানানো হয়, সহ-সভাপতির নিঃশর্ত মুক্তি না দেওয়া পর্যন্ত ঢাকাসহ সারা দেশে সব জুয়েলারি ব্যবসা বন্ধ থাকবে। প্রসঙ্গত, বুধবার (২৮ মে) সন্ধ্যা সাড়ে ৭টার দিকে রাজধানীর ঐতিহ্যবাহী স্বর্ণ ব্যবসা কেন্দ্র তাঁতীবাজারে নিজ প্রতিষ্ঠান থেকে মো. রিপনুল হাসানকে গ্রেফতার করে আইনশৃঙ্খলা বাহিনী।  ",2025-05-28T22:37:07+06:00
https://www.banglatribune.com///www.banglatribune.com/politics/other-politics/901009/%E0%A6%B0%E0%A6%BE%E0%A6%9C%E0%A6%B6%E0%A6%BE%E0%A6%B9%E0%A7%80-%E0%A6%93-%E0%A6%9A%E0%A6%9F%E0%A7%8D%E0%A6%9F%E0%A6%97%E0%A7%8D%E0%A6%B0%E0%A6%BE%E0%A6%AE%E0%A7%87-%E0%A6%97%E0%A6%A3%E0%A6%A4%E0%A6%BE%E0%A6%A8%E0%A7%8D%E0%A6%A4%E0%A7%8D%E0%A6%B0%E0%A6%BF%E0%A6%95-%E0%A6%9B%E0%A6%BE%E0%A6%A4%E0%A7%8D%E0%A6%B0-%E0%A6%9C%E0%A7%8B%E0%A6%9F%E0%A7%87%E0%A6%B0,রাজশাহী ও চট্টগ্রামে গণতান্ত্রিক ছাত্র জোটের মিছিলে হামলার প্রতিবাদে ঢাবিতে বিক্ষোভ ,"জামায়াত নেতা এটিএম আজহারুল ইসলামকে খালাস এবং রাজশাহী বিশ্ববিদ্যালয় ও চট্টগ্রামে গণতান্ত্রিক ছাত্র জোটের মশাল মিছিলে হামলার প্রতিবাদে ঢাকা বিশ্ববিদ্যালয়ে আবারও বিক্ষোভ করেছে বাম ছাত্র সংগঠনগুলো।  শুক্রবার (৩০ মে) বিকালে ঢাকা বিশ্ববিদ্যালয়ের (ঢাবি) সন্ত্রাসবিরোধী রাজু ভাস্কর্যের পাদদেশে এই বিক্ষোভ সমাবেশ অনুষ্ঠিত হয়। সমাবেশে ছাত্র ফেডারেশনের ঢাবি শাখার আহ্বায়ক আরমানুল হক বলেন, ৫ আগস্টের পর ঢাবিতে বিভিন্ন প্লাটফর্ম গড়ে উঠেছে। একতার মঞ্চ থেকে শুরু করে একাধিক প্লাটফর্ম। আমরা ৫ আগস্টের আগে এগুলো দেখতে পেতাম না। তাদের ফান্ডিং কোথা থেকে আসছে আমরা বুঝতে পারতাম না। কিন্তু এতটুকু বুঝতে পারি একটা শক্তিশালী দল কাজ করছে। তিনি বলেন, কয়েক মাস আগে শহীদ মিনারে গণঅধিকার পরিষদের ফারুক হাসানের ওপর হামলা চালায় বিপ্লবী ছাত্র পরিষদ নামে একটা সংগঠন। আবার ১৫ জানুয়ারি আদিবাসীদের ওপর করে হামলা অন্য একটি প্লাটফর্ম। এটি আসলে কারা করছে? আমরা ধারণা করেছিলাম, শিবিরের সঙ্গে যুক্ত। কিন্তু তারা আমাদের ওপর মব লেলিয়ে দেয়। এখন দেখা গেলো রাজশাহী ও চট্টগ্রামে তারা হামলা চালায়। এখন আমরা নিশ্চিত শিবিররাই এসব করেছে। আরমান বলেন, ৫ আগস্টের পর আমরা বার বার বলেছি শিবিরের পূর্ণাঙ্গ কমিটি প্রকাশ করতে। কিন্তু তারা তা করেনি। ৫ আগস্ট পরবর্তী সময়ে তাদের সঙ্গে ওপেন ডিবেট হয়। আমরা প্রশ্ন করেছিলাম যখন আবরারকে হামলা করা হয় তখন আপনাদের অবস্থান কী ছিল। তখন তারা কিছু বলতে পারে না‌‌। তিনি বলেন, শিবিরের নারীদের প্রতি বিশেষ ক্ষোভ রয়েছে‌। জানুয়ারিতে আদিবাসীদের আন্দোলনে তারা নারীদের লক্ষ্য করে মাথার আঘাত করেছিল। এখন রাজশাহী ও চট্রগ্রামেও তাই দেখতে পাই।  সমাজতান্ত্রিক ছাত্র ফ্রন্টের ঢাবি শাখার আহ্বায়ক মোজাম্মেল হক বলেন, বিগত আমলে আওয়ামী লীগ বিচার বিভাগের ওপর হস্তক্ষেপ করতো। ৫ আগস্ট পরবর্তী সময়ে আমরা আশা করি বিচার বিভাগ স্বাধীন হবে। কিন্তু আমরা দেখলাম বিচার বিভাগের ওপর এখনও রাজনৈতিক হস্তক্ষেপ চলছে। বিচার বিভাগের ওপর হস্তক্ষেপ করে এটিএম আজহারুল ইসলামকে মুক্তি দেওয়া হয়েছে। তিনি বলেন, ৫ আগস্ট পরবর্তী সময়ে আমরা চেয়েছিলাম গণতান্ত্রিক ক্যাম্পাস নিশ্চিত হবে। কিন্তু ছাত্রশিবিরের হাত ধরে পুনরায় ক্যাম্পাসগুলোতে সন্ত্রাসী রাজনৈতিক পরিস্থিতি তৈরি করছে।  অনতিবিলম্বে সন্ত্রাসী রাজনীতি বন্ধ এবং শিবিরের হামলার বিচারের দাবি জানান মোজাম্মেল হক। এছাড়াও সমাবেশ করেছে ছাত্র ইউনিয়ন ও সমাজতান্ত্রিক ছাত্র ফ্রন্ট। সমাবেশে ছাত্র ইউনিয়নের কেন্দ্রীয় সভাপতি মাহির শাহরিয়ার রেজা বলেন, আমরা এখানে দুটি কারণে দাঁড়িয়েছি। একটি হচ্ছে— রাজশাহী ও চট্টগ্রামে আমাদের বন্ধুদের ওপর হামলা চালানো হয়েছে। হামলা চালিয়েছে একাত্তরের পরাজিত শক্তি ছাত্রশিবির। আরেকটি হচ্ছে— যুদ্ধাপরাধী জামায়াত নেতা এটিএম আজহারকে যুদ্ধাপরাধের দায় থেকে খালাস করা হয়েছে। কোন প্রক্রিয়ায় খালাস দেওয়া হয়েছে, তা পরিষ্কার না করে সরকারের কর্তাব্যক্তিরা বিচারবিভাগের স্বাধীনতা হিসেবে বিবেচনা করছেন। তাকে বেকসুর খালাস দেওয়ার প্রতিবাদে আমরা সমাবেশ করছি।",2025-05-30T20:35:54+06:00
https://www.banglatribune.com///www.banglatribune.com/politics/other-politics/900979/%E0%A6%B8%E0%A6%AC-%E0%A6%A6%E0%A6%B2%E0%A6%87-%E0%A6%A1%E0%A6%BF%E0%A6%B8%E0%A7%87%E0%A6%AE%E0%A7%8D%E0%A6%AC%E0%A6%B0%E0%A7%87%E0%A6%B0-%E0%A6%AE%E0%A6%A7%E0%A7%8D%E0%A6%AF%E0%A7%87-%E0%A6%A8%E0%A6%BF%E0%A6%B0%E0%A7%8D%E0%A6%AC%E0%A6%BE%E0%A6%9A%E0%A6%A8-%E0%A6%9A%E0%A6%BE%E0%A7%9F-%E0%A6%8F%E0%A6%B2%E0%A6%A1%E0%A6%BF%E0%A6%AA%E0%A6%BF,সব দলই ডিসেম্বরের মধ্যে নির্বাচন চায়: এলডিপি মহাসচিব,"লিবারেল ডেমোক্রেটিক পার্টির (এলডিপি) মহাসচিব ড. রেদোয়ান আহমেদ বলেছেন, বাংলাদেশের সব দল নয়, মাত্র একটি রাজনৈতিক দল ডিসেম্বরে জাতীয় নির্বাচন চায় বলে দাবি করেছেন প্রধান উপদেষ্টা ড. মুহাম্মদ ইউনূস। আমি বলবো, তার বক্তব্য সঠিক নয়। বাংলাদেশে একটি দল নয়, কমপক্ষে ২০টি নিবন্ধিত দলসহ প্রায় সব দলই ডিসেম্বরের মধ্যে নির্বাচন চায়। এলডিপিসহ বিএনপি নেতৃত্বাধীন যুগপৎ আন্দোলনে শরীক সব দল চায়, ডিসেম্বরের মধ্যে নির্বাচন। ডিসেম্বরের মধ্যে নির্বাচন দিতে হবে। এ নিয়ে টালবাহানার কোনও সুযোগ নেই। শুক্রবার (৩০ মে) এক বিবৃতিতে তিনি এসব কথা বলেন। রেদোয়ান আহমেদ বলেন, নির্বাচন নিয়ে টালবাহানা শুরু হয়েছে। আমরা অন্য কোনও কথা শুনতে চাই না, জাতীয় নির্বাচন ডিসেম্বরের মধ্যেই হতে হবে। অন্তর্বর্তী সরকারের প্রধান কাজ ছিল দেশের বিশৃঙ্খল পরিস্থিতি থামিয়ে যত দ্রুত সম্ভব জনগণের নির্বাচিত প্রতিনিধিদের কাছে ক্ষমতা হস্তান্তর করা। ছাত্র-জনতার আকাঙ্ক্ষা ছিল, একটি বৈষম্যমুক্ত বাংলাদেশ প্রতিষ্ঠা। কিন্তু এই সরকার সেই পথে না হেঁটে ক্ষমতায় থাকার রাস্তা পাকাপোক্ত করার চেষ্টায় ব্যস্ত। তিনি জানতে চেয়ে বলেন, ৯ মাসে সরকার কী সংস্কার করেছে। গ্রামীণ ব্যাংকের ৬৬৬ কোটি টাকা সুদ মওকুফ। ৪ হাজার কোটি টাকা গ্রামীণ ফোনের মওকুফ। স্টার লিংকে গ্রামীণ ব্যাংক ও গ্রামীণ ফোনের অংশীদার। এটিকে কী আমরা সংস্কার বলবো। রেদোয়ান আহমেদ বলেন, বিএনপির ভারপ্রাপ্ত চেয়ারম্যান তারেক রহমান ৩১ দফা রাষ্ট্র সংস্কার প্রস্তাবনা দিয়েছেন। ধ্বংসপ্রাপ্ত রাষ্ট্র কাঠামো মেরামত করতে এর বিকল্প নেই। এই ৩১ দফার মধ্যেই রয়েছে রাষ্ট্র মেরামতের যাবতীয় উপাদান। ৩১ দফা শুধু বিএনপির নয়, এটা বিগত স্বৈরাচার আমলে রাজপথে থাকা সব গণতন্ত্রকামী রাজনৈতিক দলের। ৩১ দফা এই সরকার বাস্তবায়ন করলে আর কোনও সংস্কারের প্রয়োজন হবে না। এলডিপির মহাসচিব জোর দিয়ে বলেন, সাধারণ মানুষের দাবি এখন একটাই। সেটি হলো, দ্রুত সময়ের মধ্যে জাতীয় নির্বাচন। এত লড়াই-সংগ্রাম, মামলা-হামলা ও গুম-খুন সব কিন্তু নির্বাচনের জন্যই। নির্বাচন নিয়ে অন্তর্বর্তী সরকারের আর কোনও টালবাহানা চলবে না। ডিসেম্বরের মধ্যেই নির্বাচন দিতে হবে, এটাই শেষ কথা।",2025-05-30T16:43:03+06:00
https://www.banglatribune.com///www.banglatribune.com/politics/other-politics/900956/%E0%A6%A6%E0%A7%87%E0%A6%B6%E0%A7%87%E0%A6%B0-%E0%A6%B8%E0%A6%AC-%E0%A6%97%E0%A6%A3%E0%A6%A4%E0%A6%BE%E0%A6%A8%E0%A7%8D%E0%A6%A4%E0%A7%8D%E0%A6%B0%E0%A6%BF%E0%A6%95-%E0%A6%A6%E0%A6%B2-%E0%A6%A1%E0%A6%BF%E0%A6%B8%E0%A7%87%E0%A6%AE%E0%A7%8D%E0%A6%AC%E0%A6%B0%E0%A7%87-%E0%A6%A8%E0%A6%BF%E0%A6%B0%E0%A7%8D%E0%A6%AC%E0%A6%BE%E0%A6%9A%E0%A6%A8-%E0%A6%9A%E0%A6%BE%E0%A7%9F-%E0%A7%A7%E0%A7%A8,দেশের সব গণতান্ত্রিক দল ডিসেম্বরে নির্বাচন চায়: ১২ দলীয় জোট,"১২ দলীয় জোটের নেতারা বলেছেন, এ বছরের ডিসেম্বরে কেবল একটি দল নয়, দেশের সব গণতান্ত্রিক রাজনৈতিক দল নির্বাচন চায়। নির্বাচনই এই দেশের মুক্তি ও উন্নতির অভিমুখ নিশ্চিত করে। বারবার তা প্রমাণিত হয়েছে। শুক্রবার (৩০ মে) গণমাধ্যমে পাঠানো এক বিবৃতিতে ১২ দলীয় জোটের নেতারা এ কথা বলেন। জোটের মুখপাত্র শাহাদাত হোসেন সেলিম এদিন দুপুরে এ বিবৃতির কথা নিশ্চিত করেন। জাপান সফররত প্রধান উপদেষ্টা, নোবেলজয়ী ড. মুহাম্মদ ইউনূস নিক্কেই ফোরামে দেওয়া বক্তব্যে উল্লেখ করেছেন, ডিসেম্বরে মাত্র একটি দল নির্বাচন চায়। এই বক্তব্যের প্রতিবাদ জানিয়ে ১২ দলীয় জোটের নেতারা বলেন, এক কথায় নিরেট মিথ্যাচার করেছেন নোবেলজয়ী অধ্যাপক ইউনূস। কেবল একটি দলই নয়, দেশের সব গণতন্ত্রপন্থি দল স্পষ্টভাবে গত ৯ মাস ধরে ডিসেম্বরে নির্বাচন আয়োজনের কথা বলে এসেছে। বরং তিনি নিজেই কিছু মৌলবাদী, জনসমর্থনহীন, মুক্তিযুদ্ধবিরোধী রাজনৈতিক দলকে পাশে নিয়ে নির্বাচনের প্রশ্নটিকে বিলম্বিত করার চেষ্টা করেছেন, করছেন। ১২ দলীয় জোটের নেতারা বলেন, আমরা ১২ দলীয় জোটের পক্ষ থেকে দফায় দফায় এ বছরের জুনের মধ্যেই নির্বাচনের কথা বলেছি। দেশের প্রগতিশীল রাজনৈতিক দলগুলো বক্তব্য, বিবৃতি এবং প্রধান উপদেষ্টার সঙ্গে বৈঠকে বারবার এই কথা উচ্চারণ করেছে। ড. মুহাম্মদ ইউনূস হয়তো ভুলে যাচ্ছেন তিনি কথার মারপ্যাচ দিয়ে তার গতি রক্ষা করতে পারবেন না। পদত্যাগের নাটক করেও পারবেন না। বাংলাদেশের জনগণ তার নাটকবাজি বুঝে গেছে। বিবৃতিতে বলা হয়, সম্প্রতি ড. ইউনূস যেসব রাজনৈতিক দলের নেতাদের সঙ্গে বৈঠক করেছেন তাদের মধ্যে অনেকেই স্বৈরাচারী সরকারের পদলেহনকারী এবং স্বৈরাচারী হাসিনার আঁচলের নিচে আশ্রয় গ্রহণ করেছেন। আমি ও ডামি নির্বাচন প্রতিরোধে তাদের ন্যূনতম কোনও ভূমিকা ছিল না। ভোট বর্জনের বিষয়েও তারা ছিলেন নীরব। এমনকি জুলাই-আগস্টের ছাত্র-জনতার আন্দোলনে তাদের কোনও ভূমিকা ছিল না। নিজের পায়ে চলতে পারে না এমন অনেক জন সম্পর্ক বিহীন নেতৃত্বকে ডেকে তিনি গণতান্ত্রিক আন্দোলনে এবং গণঅভ্যুত্থনে সক্রিয়ভাবে অংশগ্রহণকারী দল ও নেতাকে অপমান করেছেন, অবজ্ঞা করেছেন। তার এই অশোভন আচরণে গণতান্ত্রিক আন্দোলনের সঙ্গে সম্পর্কিত দল এবং নেতারা ব্যথিত এবং দুঃখিত। বাংলাদেশের মানুষ ১৯৭১, ১৯৯০ সালে, এমনকি ফ্যাসিস্ট শেখ হাসিনার বিরুদ্ধে যে জীবনক্ষয়ী সংগ্রাম করেছে, তার মূলে ভোট ও নির্বাচন ছিল উল্লেখ করে ১২ দলীয় জোটের নেতারা বলেন, তিনি কূটকৌশলে ক্ষমতা প্রলম্বিত করার চেষ্টা করছেন। তার সঙ্গে রয়েছেন কয়েকজন উপদেষ্টা। তারা বলেন, আগামী ডিসেম্বরের আগেই নির্বাচন করা সম্ভব। সেনাবাহিনীর পক্ষ থেকেও নানাভাবে বিষয়টি সামনে এসেছে। আমরা চাই, দেশের জনগণের দীর্ঘদিনের চাওয়া অন্তবর্তী সরকার পূরণ করবে। ড. ইউনূসকে সরকারের দায়িত্ব দেওয়া হয়েছে অন্তবর্তী কাজ করার জন্য, স্থায়ী কোনও কাজ নয়। সংস্কার চলমান প্রক্রিয়া, ন্যূনতম সংস্কার করে নির্বাচন করতে হবে। আগে প্রয়োজন নির্বাচনের শিডিউল ঘোষণা। পাশাপাশি চলবে ফ্যাসিস্ট আওয়ামী লীগের বিচার। ইতোমধ্যে তাদের কার্যক্রম নিষিদ্ধ করার মধ্য দিয়ে এই প্রক্রিয়া চলমান হয়েছে। অবিলম্বে নির্বাচনের রোডম্যাপ ঘোষণা করে দেশ মহাসংকটের হাত থেকে রক্ষা করার জন্য প্রধান উপদেষ্টার প্রতি আহ্বান জানান ১২ দলীয় জোট নেতারা। তারা বলেন, না হলে দেশের মানুষই প্রতিরোধ গড়ে তুলবে। তখন তিনি মৌলবাদী ও জনবিচ্ছিন্ন রাজনৈতিক দলকে পাশে পাবেন না। তার পরিণতি যেন আফগানিস্তানের পালিয়ে যাওয়া প্রেসিডেন্ট মোহাম্মদ আশরাফ গনি আহমদজাইয়ের মতো না হয়। বিবৃতিতে সই করেন ১২ দলীয় জোট প্রধান ও জাতীয় পার্টির চেয়ারম্যান মোস্তফা জামাল হায়দার, জোটের মুখপাত্র বাংলাদেশ এলডিপির চেয়ারম্যান শাহাদাত হোসেন সেলিম, জোটের সমন্বয়ক বাংলাদেশ জাতীয় দলের চেয়ারম্যান সৈয়দ এহসানুল হুদা, জমিয়তে উলামায়ে ইসলাম বাংলাদেশের মহাসচিব ড. গোলাম মহিউদ্দিন ইকরাম, জাতীয় গণতান্ত্রিক পার্টি (জাগপার) সহ-সভাপতি রাশেদ প্রধান, লেবার পার্টি বাংলাদেশের চেয়ারম্যান লায়ন ফারুক রহমান, কল্যাণ পার্টি চেয়ারম্যান শামসুদ্দীন পারভেজ, ইসলামী ঐক্যজোটের চেয়ারম্যান মাওলানা আব্দুর রকিব, ইসলামিক পার্টির মহাসচিব আবুল কাশেম, নয়া গণতান্ত্রিক পার্টির সভাপতি এম এ মান্নান, প্রগতিশীল জাতীয়তাবাদী দল (পিএনপির) চেয়ারম্যান ফিরোজ মো. লিটন।",2025-05-30T13:51:52+06:00
https://www.banglatribune.com///www.banglatribune.com/politics/other-politics/900950/%E0%A7%A7%E0%A7%AD-%E0%A6%AC%E0%A6%9B%E0%A6%B0-%E0%A6%AC%E0%A6%BF%E0%A6%8F%E0%A6%A8%E0%A6%AA%E0%A6%BF-%E0%A6%97%E0%A6%A3%E0%A6%A4%E0%A6%A8%E0%A7%8D%E0%A6%A4%E0%A7%8D%E0%A6%B0-%E0%A6%AA%E0%A7%81%E0%A6%A8%E0%A6%B0%E0%A7%81%E0%A6%A6%E0%A7%8D%E0%A6%A7%E0%A6%BE%E0%A6%B0%E0%A7%87-%E0%A6%A8%E0%A7%87%E0%A6%A4%E0%A7%83%E0%A6%A4%E0%A7%8D%E0%A6%AC-%E0%A6%A6%E0%A6%BF%E0%A6%A4%E0%A7%87,১৭ বছর বিএনপি গণতন্ত্র পুনরুদ্ধারে নেতৃত্ব দিতে পারেনি,"বিএনপির প্রতিষ্ঠাতা ও সাবেক রাষ্ট্রপতি জিয়াউর রহমানের মৃত্যুবার্ষিকী উপলক্ষে গণমাধ্যমে পাঠানো এক বিবৃতিতে তার প্রতি গভীর শ্রদ্ধা জানিয়েছেন আমার বাংলাদেশ পার্টির (এবি পার্টি) চেয়ারম্যান মজিবুর রহমান মঞ্জু ও সদস্য সচিব ব্যারিস্টার আসাদুজ্জামান ফুয়াদ। শুক্রবার (৩০ মে) দুপুরে গণমাধ্যমে পাঠানো বিবৃতিতে তারা বলেন, বিএনপি বিগত ১৭ বছর নিপীড়িত মানুষের অধিকার ও গুম হয়ে যাওয়া গণতন্ত্র পুনরুদ্ধারে জাতিকে সঠিক নেতৃত্ব উপহার দিতে পারেনি। দলের নেতা আনোয়ার সাদাত টুটুল জানান, প্রতি বছর জিয়াউর রহমানের মৃত্যুবার্ষিকীতে শ্রদ্ধা জানিয়ে সামাজিক যোগাযোগমাধ্যমে পোস্ট দেয় এবি পার্টি। এবি পার্টির চেয়ারম্যান মজিবুর রহমান মঞ্জু ও সদস্য সচিব ব্যারিস্টার আসাদুজ্জামান ফুয়াদ বলেন, দেশের প্রতিষ্ঠাতাদের অন্যতম একজন ছিলেন জিয়াউর রহমান। তিনি তার নতুন দলের মতাদর্শ হিসেবে বাংলাদেশি জাতীয়তাবাদকে গ্রহণ করেছিলেন। ভেবেছিলেন, এই মতবাদের ভিত্তিতে শোষণমুক্ত সমাজ গড়বেন। তার মৃত্যুর পর দুইবার ক্ষমতায় ছিল তার প্রতিষ্ঠিত দল বিএনপি। শোষণহীন সমাজের স্বপ্ন আজও বাস্তবায়িত হয়নি। এর প্রধানতম একটি কারণ হলো রাজনীতিবিদদের সীমাহীন দুর্নীতি ও লুটপাট। এবি পার্টির দুই নেতা বলেন, আজ শহীদ জিয়ার মৃত্যুর ৪৪ বছর পর যে বাংলাদেশ দেখছি সেখানে ঐক্য নেই, বহুদলীয় গণতন্ত্র নেই। আছে মতাদর্শ ও মতবাদের ভিত্তিতে বিভক্তি। দল হিসেবে বিএনপি বিগত ১৭ বছর নিপীড়িত মানুষের অধিকার ও গুম হয়ে যাওয়া গণতন্ত্র পুনরুদ্ধারে জাতিকে সঠিক নেতৃত্ব উপহার দিতে পারেনি। এমন অবস্থায় বর্তমান প্রজন্মের বাংলাদেশিদের বাধ্য হয়েই নতুন রাজনীতির কথা বলতে হচ্ছে, নতুন রাজনৈতিক দল গঠন করতে হচ্ছে। এবি পার্টি সে রকমই একটি উদ্যোগ।",2025-05-30T13:10:53+06:00
https://www.banglatribune.com///www.banglatribune.com/educations/900858/%E0%A6%B8%E0%A6%B0%E0%A6%95%E0%A6%BE%E0%A6%B0%E0%A7%87%E0%A6%B0-%E0%A6%86%E0%A6%B6%E0%A7%8D%E0%A6%AC%E0%A6%BE%E0%A6%B8%E0%A7%87-%E0%A6%AA%E0%A7%8D%E0%A6%B0%E0%A6%BE%E0%A6%A5%E0%A6%AE%E0%A6%BF%E0%A6%95-%E0%A6%B6%E0%A6%BF%E0%A6%95%E0%A7%8D%E0%A6%B7%E0%A6%95%E0%A6%A6%E0%A7%87%E0%A6%B0-%E0%A6%95%E0%A6%B0%E0%A7%8D%E0%A6%AE%E0%A6%AC%E0%A6%BF%E0%A6%B0%E0%A6%A4%E0%A6%BF,সরকারের আশ্বাসে প্রাথমিক শিক্ষকদের কর্মবিরতি স্থগিত,"দেশের বেসরকারি প্রাথমিক বিদ্যালয়ের সহকারী শিক্ষকরা চতুর্থ দিনের পূর্ণদিবস কর্মবিরতি পালন করছেন। লাগাতার কর্মসূচি চলাকালে বৃহস্পতিবার (২৯ মে) প্রাথমিক ও গণশিক্ষা মন্ত্রণালয় থেকে শিক্ষক নেতাদের ডেকে নিয়ে বৈঠক করা হয়। বৈঠকে দাবি মেনে নেওয়ার আশ্বাস পেয়ে লাগাতার কর্মসূচি আগামী ২৫ জুন পর্যন্ত স্থগিত করে করেছে শিক্ষকরা। এ সময়ের মধ্যে দাবি মেনে নেওয়ার ব্যবস্থা না করা হলে আবারও আন্দোলন করা হবে জানান শিক্ষক নেতারা। বৃহস্পতিবার (২৯ মে) বাংলাদেশ প্রাথমিক বিদ্যালয় সহকারী শিক্ষক সমিতি এবং সহকারী শিক্ষকদের সংগঠন ঐক্য পরিষদের আহ্বায়ক মোহাম্মদ শামছুদ্দীন মাসুদ এ তথ্য জানান। তিনি বলেন, ১২ সদস্যের প্রতিনিধি দল নিয়ে প্রাথমিক ও গণশিক্ষা মন্ত্রণালয়ের উপদেষ্টা অধ্যাপক ডা. বিধান রঞ্জন রায় পোদ্দারের সঙ্গে বৈঠক অনুষ্ঠিত হয়েছে।   বুধবার (২৮ মে) পূর্ণদিবস কর্মবিরতিতে অচলাবস্থা নিরসনে মন্ত্রণালয়ের পক্ষ থেকে শিক্ষক নেতাদের সঙ্গে আলোচনার জন্য তালিকা চাওয়া হয়েছিল। বৈঠকে প্রাথমিক ও গণশিক্ষা মন্ত্রণালয়ের উপদেষ্টা ছাড়াও মন্ত্রণালয়ের অতিরিক্ত সচিব প্রাথমিক শিক্ষা অধিদফতরের মহাপরিচালক, মন্ত্রণালয়ের যুগ্মসচিবসহ ঊর্ধ্বতন কর্মকর্তারা উপস্থিতি ছিলেন। শিক্ষকদের পক্ষে বৈঠকে উপস্থিত ছিলেন, কোতোয়ালির সুরিটোলা মডেল সরকারি প্রাথমিক বিদ্যালয়ের সহকারী শিক্ষক মো. আনিসুর রহমান, মাদারিপুরের শিবচর উপজেলার ভান্ডারিকান্দি সরকারি প্রাথমিক বিদ্যালয়ের সহকারী শিক্ষক নুরে আলম সিদ্দিকী রবিউল, কেরানীগঞ্জের আমিনবাগ সরকারি প্রাথমিক বিদ্যালয়ের সহকারী শিক্ষক শাহীনুর আক্তার, রাজধানীর বকশিবাজার সরকারি প্রাথমিক বিদ্যালয়ের সহকারী শিক্ষক শিরীন সুলতানা, নোয়াখালী সদরের কৃপাল সরকারি প্রাথমিক বিদ্যালয়ের সরকারি শিক্ষক মোহাম্মদ শাসছুদ্দীন মাসুদ, নারয়নগঞ্জের লক্ষণখোলা সরকারি প্রাথমিক বিদ্যালয়ের সহকারী শিক্ষক শিক্ষক সাবেরা বেগম, কেরানীগঞ্জের চুনকুটিয়া সরকারি প্রাথমিক বিদ্যালয়ের সহকারী শিক্ষক শাহিনুর আল-আমীন, ঢাকার লালবাগের নবাববাগিচা সরকারি প্রাথমিক দ্যিালয়ের সহকারী শিক্ষক মুহাম্মদ ইলিয়াছ হোসাইন, খুলনা সদরের টুটপাড়া বয়েজ সরকারি প্রাথমিক বিদ্যালয়ের সহকারী শিক্ষক মো. মুনির হোসেন, সিলেটের হরিনগর সরকারি সরকারি প্রাথমিক বিদ্যালয়ের সহকারী শিক্ষক আজিত পাল, যশোরের অভয়নগরের আড়পাড়া সরকারি প্রাথমিক বিদ্যালয়ের সহকারী শিক্ষক তপন কুমার মন্ডল এবং বরিশাল সদরের মাকড়কাঠি সরকারি প্রাথমিক বিদ্যালয়ের সহকারী শিক্ষক হজিরুল ইসলাম জাফর। বৈঠকের শেষে মোহাম্মদ শামছুদ্দীন মাসুদ জানান, চলমান আন্দোলন কর্মসূচি নিয়ে সহকারী শিক্ষক সংগঠন ঐক্য  পরিষদের তিন দফা দাবির প্রতিটি দফা নিয়ে সুস্পষ্ট বক্তব্য দেওয়া হয়েছে। সহকারী শিক্ষক এন্টিপদে ১১তম গ্রেডের প্রস্তাবনা নিয়ে খুব শিগগিরই শিক্ষক নেতাদের সমন্বয় করে অর্থ মন্ত্রণালয়ের সঙ্গে আন্তঃমন্ত্রণালয় বৈঠক করবে প্রাথমিক ও গণশিক্ষা মন্ত্রণালয়। চলমান কর্মসূচি কর্মবিরতির স্থগিত করে শ্রেণিকক্ষে ফিরে যেতে অনুরোধ জানানো হয়। চলমান কর্মসূচি আগামী ২৫ জুন পর্যন্ত স্থগিত করে সহকারী সংগঠন ঐক্য পরিষদ নেতারা। শিগগিরই দাবি বাস্তবায়ন না হলে আরও কঠোর কর্মসূচি দিয়ে দাবি আদায় নিশ্চিত করা হবে বলে জানান মোহাম্মদ শামছুদ্দীন মাসুদ। শিক্ষক সহকর্মীদের কেন্দ্রীয় নির্দেশনা মেনে চলার আহ্বান মোহাম্মদ শামছুদ্দীন মাসুদসহ অন্যান্য নেতারা। এর আগে ৩ দফা দাবিতে ৫ মে থেকে ১৫ পর্যন্ত ১ ঘণ্টা, ১৬ মে থেকে ২০ মে পর্যন্ত ২ ঘণ্টা, ২১ মে থেকে ২৫ মে পর্যন্ত অর্ধদিবস কর্মবিরতি পালন করেছেন প্রাথমিক বিদ্যালয়ের সহকারী শিক্ষকরা। গত ২৬ মে থেকে লাগাতার পূর্ণদিবস কর্মবিরতি পালন শুরু হবে। পূর্ণদিবস কর্মবিরতির চতুর্থ দিন বৃহস্পতিবার (২৯ মে) পর্যন্ত লাগাতার কর্মসূচি পালন করে। শিক্ষকদের তিন দফা দাবি ১। কনসালটেশন কমিটির সুপারিশের যৌক্তিক সংস্কার করে সহকারী শিক্ষক পদকে এন্ট্রি পদ ধরে ১১তম গ্রেডে বেতন নির্ধারণ। ২। ১০ বছর ও ১৬ বছর পূর্তিতে উচ্চতর গ্রেড প্রাপ্তির জটিলতা নিরসন। ৩। প্রধান শিক্ষক পদে শতভাগ পদোন্নতিসহ দ্রুত পদোন্নতি প্রয়োজন।",2025-05-29T19:44:09+06:00
https://www.banglatribune.com///www.banglatribune.com/educations/900821/%E0%A7%AA%E0%A7%AE%E0%A6%A4%E0%A6%AE-%E0%A6%AC%E0%A6%BF%E0%A6%B8%E0%A6%BF%E0%A6%8F%E0%A6%B8%E0%A7%87%E0%A6%B0-%E0%A6%AC%E0%A6%BF%E0%A6%9C%E0%A7%8D%E0%A6%9E%E0%A6%AA%E0%A7%8D%E0%A6%A4%E0%A6%BF-%E0%A6%AA%E0%A7%8D%E0%A6%B0%E0%A6%95%E0%A6%BE%E0%A6%B6,৪৮তম বিসিএসের বিজ্ঞপ্তি প্রকাশ,"৪৮তম বিসিএস (বিশেষ) পরীক্ষায় সহকারী সার্জন পদে ২ হাজার ৭০০টি এবং সহকারী ডেন্টাল সার্জন পদে ৩০০টিসহ মোট ৩ হাজার স্বাস্থ্য ক্যাডার পদে নিয়োগের জন্য বিজ্ঞপ্তি প্রকাশ করেছে সরকারি কর্ম কমিশন (পিএসসি)। বৃহস্পতিবার (২৯ মে) এই বিজ্ঞপ্তি প্রকাশ করা হয়। বিজ্ঞপ্তিতে জানানো হয়, পরীক্ষার অনলাইন আবেদন এবং ফি জমাদান শুরু হবে ১ জুন সকাল ১০টা থেকে। আবেদন শেষ হবে ২৫ জুন সন্ধ্যা ৬টায়। অনলাইনে আবেদনপত্র জমাদানের শেষ তারিখ অর্থাৎ ২৫ জুন সন্ধ্যা ৬টার মধ্যে সিস্টেম থেকে স্বয়ংক্রিয়ভাবে ইউজার আইডি পাওয়া প্রার্থীরাই কেবল ওই সময়ের পরবর্তী ৭২ ঘণ্টা অর্থাৎ ২৮ জুন সন্ধ্যা ৬টা পর্যন্ত সময়ের মধ্যে ফি জমা দিতে পারবেন। বিজ্ঞপ্তিটি বাংলাদেশ সরকারি কর্ম কমিশনের ওয়েবসাইট (www.bpsc.gov.bd)-এ অথবা টেলিটক বাংলাদেশ লিমিটেডের ওয়েবসাইট (http://bpsc.teletalk.com.bd)-এ পাওয়া যাবে।    ",2025-05-29T17:48:30+06:00
https://www.banglatribune.com///www.banglatribune.com/educations/900780/%E0%A6%AA%E0%A7%8D%E0%A6%B0%E0%A6%BE%E0%A6%A5%E0%A6%AE%E0%A6%BF%E0%A6%95-%E0%A6%B6%E0%A6%BF%E0%A6%95%E0%A7%8D%E0%A6%B7%E0%A6%95%E0%A6%A6%E0%A7%87%E0%A6%B0-%E0%A6%B8%E0%A6%99%E0%A7%8D%E0%A6%97%E0%A7%87-%E0%A6%AC%E0%A6%BF%E0%A6%95%E0%A6%BE%E0%A6%B2%E0%A7%87-%E0%A6%86%E0%A6%B2%E0%A7%8B%E0%A6%9A%E0%A6%A8%E0%A6%BE%E0%A7%9F-%E0%A6%AC%E0%A6%B8%E0%A6%9B%E0%A7%87,প্রাথমিক শিক্ষকদের সঙ্গে বিকালে আলোচনায় বসছে মন্ত্রণালয়,"দেশের বেসরকারি প্রাথমিক বিদ্যালয়ের সহকারী শিক্ষকরা বৃহস্পতিবার (২৯ মে) চতুর্থ দিনের মতো পূর্ণদিবস কর্মবিরতি পালন করছেন। লাগাতার এই কর্মসূচির চতুর্থ দিনে প্রাথমিক ও গণশিক্ষা মন্ত্রণালয় থেকে শিক্ষক নেতাদের সঙ্গে বৈঠকে অনুষ্ঠিত হবে বেলা ৩টায়। বাংলাদেশ প্রাথমিক বিদ্যালয় সহকারী শিক্ষক সমিতি এবং সহকারী শিক্ষক সংগঠন ঐক্য পরিষদের আহ্বায়ক মোহাম্মদ শামছুদ্দীন মাসুদ এ তথ্য জানান। তিনি বলেন, ১২ সদস্যের প্রতিনিধিদের সঙ্গে বেলা ৩টায় বৈঠক অনুষ্ঠিত হবে। এর আগে, বুধবার (২৮ মে) পূর্ণদিবস কর্মবিরতিতে অচলাবস্থা নিরসনে মন্ত্রণালয়ের পক্ষ থেকে শিক্ষক নেতাদের সঙ্গে আলোচনার জন্য তালিকা চাওয়া হয়েছে। লাগাতার কর্মবিরতির চতুর্থ দিনে দেশের প্রায় সব বিদ্যালয়েই ক্লাসে যাননি শিক্ষকরা। শিক্ষার্থীরা বিদ্যালয়ে থাকলেও লেখাপড়া বন্ধ রয়েছে। শিক্ষক নেতা মোহাম্মদ শামছুদ্দীন মাসুদ বলেন, আলোচনা সফল হলে শিক্ষকরা ক্লাসে ফিরবেন। দ্রুত এই অচলাবস্থা দূর করে শ্রেণিকক্ষে যেতে চান শিক্ষকরা। তবে তার আগে অবশ্য তাদের তিন দফা দাবি মেনে নিতে হবে। দাবি বাস্তবায়ন না হলে কর্মবিরতি চলতে থাকবে। এর আগে তিন দফা দাবিতে ৫ মে থেকে ১৫ পর্যন্ত এক ঘণ্টা, ১৬ মে থেকে ২০ মে পর্যন্ত দুই ঘণ্টা, ২১ মে থেকে ২৫ মে পর্যন্ত অর্ধদিবস কর্মবিরতি পালন করেছেন প্রাথমিক বিদ্যালয়ের সহকারী শিক্ষকরা। এদিকে বর্তমান নিয়ম অনুযায়ী শুক্র ও শনিবার বিদ্যালয় বন্ধ রাখা এবং প্রাথমিক বৃত্তি পরীক্ষা শুধু সরকারি প্রাথমিক বিদ্যালয়ে অধ্যয়নরত শিক্ষার্থীদের নিয়ে যেন অনুষ্ঠিত হয় সে দাবিও করেছেন শিক্ষকরা। তিন দফা দাবি ১. কনসালটেশন কমিটির সুপারিশের যৌক্তিক সংস্কার করে সহকারী শিক্ষক পদকে এন্ট্রি পদ ধরে ১১তম গ্রেডে বেতন নির্ধারণ। ২. ১০ বছর ও ১৬ বছর পূর্তিতে উচ্চতর গ্রেড প্রাপ্তির জটিলতা নিরসন। ৩. প্রধান শিক্ষক পদে শতভাগ পদোন্নতিসহ দ্রুত পদোন্নতি প্রদান।",2025-05-29T14:46:27+06:00
https://www.banglatribune.com///www.banglatribune.com/health/900846/%E0%A6%97%E0%A6%A3%E0%A6%AD%E0%A7%8D%E0%A6%AF%E0%A7%81%E0%A6%A4%E0%A7%8D%E0%A6%A5%E0%A6%BE%E0%A6%A8%E0%A7%87-%E0%A6%86%E0%A6%B9%E0%A6%A4%E0%A6%A6%E0%A7%87%E0%A6%B0-%E0%A6%AB%E0%A6%BE%E0%A6%B8%E0%A7%8D%E0%A6%9F-%E0%A6%9F%E0%A7%8D%E0%A6%B0%E0%A7%8D%E0%A6%AF%E0%A6%BE%E0%A6%95-%E0%A6%9A%E0%A6%BF%E0%A6%95%E0%A6%BF%E0%A7%8E%E0%A6%B8%E0%A6%BE-%E0%A6%93-%E0%A6%93%E0%A6%B7%E0%A7%81%E0%A6%A7,গণঅভ্যুত্থানে আহতদের ফাস্ট ট্র্যাক চিকিৎসা ও ওষুধ সরবরাহের নির্দেশ,"জুলাই গণঅভ্যুত্থানে আহতদের ফাস্ট ট্র্যাক চিকিৎসার পাশাপাশি নিয়মিত ওষুধ সরবরাহের নির্দেশ দিয়েছে স্বাস্থ্য ও পরিবার কল্যাণ মন্ত্রণালয়। বুধবার (২৮ মে) দেশের সব হাসপাতালের পরিচালক, সিভিল সার্জন, তত্ত্বাবধায়কদের পাঠানো এক চিঠিতে এই নির্দেশনা দেওয়া হয়। এছাড়া চিকিৎসার মাসিক প্রতিবেদন মন্ত্রণালয়ে পাঠানোর জন্য বলা হয়েছে। চিঠিতে সই করেছেন স্বাস্থ্য সেবা বিভাগের উপ-সচিব মো. শাহাদাত হোসেন কবির।  চিঠিতে বলা হয়েছে, জুলাই গণঅভ্যুত্থানে আহত ছাত্র-জনতাকে ফার্স্ট ট্র্যাক চিকিৎসা দেওয়ার জন্য সারা দেশের হাসপাতালের পরিচালক বা তত্ত্বাবধায়কদের বলা হয়েছিল। কিন্তু বিভিন্ন সূত্রে জানা গেছে, আহতদের যথাযথভাবে ফার্স্ট ট্র্যাক চিকিৎসা সুবিধা দেওয়া হচ্ছে না। চিকিৎসা সেবার পাশাপাশি ওষুধ সরবরাহের নির্দেশনা থাকলেও অনেক সময় ওষুধ না দিয়ে স্লিপ ধরিয়ে দেওয়া হচ্ছে। তাদের বাইরে থেকে ওষুধ কিনে নিতে হচ্ছে। কোনও কোনও ক্ষেত্রে হাসপাতালগুলোতে পরীক্ষা-নিরীক্ষা বা রোগনির্ণয়ের সুবিধাও তারা পাচ্ছেন না বলে অভিযোগ পাওয়া যায়। এ বিষয়গুলো সুষ্ঠুভাবে সমাধান করে আহতদের জন্য ফার্স্ট ট্র্যাক চিকিৎসা নিশ্চিত করতে দ্রুত ও কার্যকর ব্যবস্থা নেওয়া প্রয়োজন। চিঠিতে ফাস্ট ট্র্যাক চিকিৎসা নিশ্চিত করতে কয়েকটি নির্দেশনা দেওয়া হয়। এর মধ্যে আছে– আহতদের যথাযথভাবে ফার্স্ট ট্র্যাক চিকিৎসা সেবা নিশ্চিত করতে হবে এবং এ বিষয়ে সংযুক্ত ছক অনুযায়ী মাসিক প্রতিবেদন দাখিল করতে হবে; প্রয়োজনমাফিক সব ওষুধ সরবরাহ নিশ্চিত করতে হবে; সরকারি হাসপাতালে বিদ্যমান পরীক্ষা-নিরীক্ষা বা রোগনির্ণয় সেবা দিতে হবে; যন্ত্রপাতির ঘাটতি বা অন্য কোনও কারণে হাসপাতালে পরীক্ষা-নিরীক্ষা করা সম্ভব না হলে সংশ্লিষ্ট হাসপাতাল কর্তৃপক্ষ নিকটবর্তী বেসরকারি হাসপাতাল বা ক্লিনিক থেকে তা করিয়ে এনে বিল দাখিল করবে।",2025-05-29T18:58:32+06:00
https://www.banglatribune.com///www.banglatribune.com/health/900734/%E0%A6%B0%E0%A7%8B%E0%A6%97-%E0%A6%AA%E0%A7%8D%E0%A6%B0%E0%A6%A4%E0%A6%BF%E0%A6%B0%E0%A7%8B%E0%A6%A7%E0%A7%87-%E0%A6%AE%E0%A6%A8%E0%A7%8B%E0%A6%AF%E0%A7%8B%E0%A6%97-%E0%A6%A8%E0%A6%BE-%E0%A6%A6%E0%A6%BF%E0%A6%B2%E0%A7%87-%E0%A6%B9%E0%A6%BE%E0%A6%B8%E0%A6%AA%E0%A6%BE%E0%A6%A4%E0%A6%BE%E0%A6%B2-%E0%A6%AC%E0%A6%BE%E0%A6%A8%E0%A6%BF%E0%A7%9F%E0%A7%87-%E0%A6%B2%E0%A6%BE%E0%A6%AD,রোগ প্রতিরোধে মনোযোগ না দিলে হাসপাতাল বানিয়ে লাভ নেই : স্বাস্থ্য উপদেষ্টা,"সুস্থ জাতি গঠনে রোগ প্রতিরোধই সবচেয়ে গুরুত্বপূর্ণ বলে মন্তব্য করেছেন স্বাস্থ্য উপদেষ্টা নুরজাহান বেগম। তিনি বলেন, ‘সারাদেশকে হাসপাতাল বানালেও লাভ নেই, যদি রোগ প্রতিরোধে মনোযোগ না দেওয়া হয়।’ আজ বুধবার (২৮ মে) রাজধানীর মহাখালীতে জাতীয় প্রতিষেধক ও সামাজিক চিকিৎসা প্রতিষ্ঠান (নিপসম) মিলনায়তনে জনস্বাস্থ্য পুষ্টি প্রতিষ্ঠান (আইপিএইচএন) আয়োজিত এক অনুষ্ঠানে প্রধান অতিথির বক্তব্যে তিনি এ মন্তব্য করেন। স্বাস্থ্য উপদেষ্টা বলেন, ‘পুষ্টিহীনতা থাকলে মস্তিষ্ক সঠিকভাবে বিকশিত হয় না। এতে মনোযোগ কমে যায়, কর্মক্ষমতা হ্রাস পায় এবং রোগ প্রতিরোধ ক্ষমতা দুর্বল হয়ে পড়ে ‘ তার মতে, পুষ্টি শুধু খাদ্যের পরিমাণে নয়, খাদ্য তৈরির প্রক্রিয়াতেও গুরুত্ব দেওয়া জরুরি। নুরজাহান বেগম আরও বলেন, ‘পুষ্টিকর তরকারি ভুল প্রক্রিয়ায় রান্না করলে তার গুণাগুণ থাকে না। শুধু তাই নয়, খাদ্যের উৎস কৃষিতেও সচেতনতা জরুরি। সেখানে অতিমাত্রায় রাসায়নিক ব্যবহার হচ্ছে, যা আমাদের শরীরে প্রবেশ করে নানা সমস্যা সৃষ্টি করছে।’ ‘ডেঙ্গুর মতো প্রতিরোধযোগ্য রোগে কেন মানুষ মারা যাবে বলে প্রশ্ন তোলেন তিনি। একইসঙ্গে শিশুদের বেড়ে ওঠার অনুকূল পরিবেশ না থাকায় উদ্বেগ প্রকাশ করেন উপদেষ্টা। নুরজাহান বেগম বলেন, ‘এখন মাঠ নেই, উঠান নেই। শিশুরা তাই মোবাইল, ইন্টারনেট আর ফাস্টফুডে আসক্ত হচ্ছে। খেলাধুলা ও দূষণমুক্ত পরিবেশ ছাড়া এই অবস্থা থেকে বের হওয়া সম্ভব নয়।’ দুঃখ প্রকাশ করে তিনি বলেন, ‘অনেক আন্দোলন দেখি, কিন্তু আজ পর্যন্ত খেলার মাঠ বা দূষণমুক্ত শহরের জন্য কেউ আন্দোলন করেনি।’ অনুষ্ঠানে সভাপতির বক্তব্যে স্বাস্থ্যসেবা বিভাগের অতিরিক্ত সচিব (সচিবের রুটিন দায়িত্বে) মো. খোরশেদ আলম বলেন, ‘সরকারের ২৩টি মন্ত্রণালয় পুষ্টি কার্যক্রমের সঙ্গে সরাসরি যুক্ত। অথচ শহর ও গ্রাম মিলিয়ে মানুষের মধ্যে সচেতনতার অভাব রয়েছে। হাঁটার অভ্যাস কমে যাচ্ছে, শিশু-কিশোররা স্থূলতায় ভুগছে, এমনকি প্রবীণ শিক্ষিতদের মধ্যেও সচেতনতার ঘাটতি রয়েছে।’ তিনি বলেন, ‘জীবনাচারে পরিবর্তন আনা ছাড়া কোনো পথ নেই। গ্রামে-গঞ্জেও এখন ফাস্টফুডের দোকান। তাই সারা বছরব্যাপী পুষ্টি ও সচেতনতার ক্যাম্পেইন চালাতে হবে।’",2025-05-28T23:38:09+06:00
https://www.banglatribune.com///www.banglatribune.com/others/900667/%E0%A6%AA%E0%A6%A5%E0%A6%9A%E0%A6%BE%E0%A6%B0%E0%A7%80-%E0%A6%B8%E0%A6%BE%E0%A6%87%E0%A6%95%E0%A7%87%E0%A6%B2-%E0%A6%86%E0%A6%B0%E0%A7%8B%E0%A6%B9%E0%A7%80%E0%A6%A6%E0%A7%87%E0%A6%B0-%E0%A6%A8%E0%A6%BF%E0%A6%B0%E0%A6%BE%E0%A6%AA%E0%A6%A4%E0%A7%8D%E0%A6%A4%E0%A6%BE-%E0%A6%A8%E0%A6%BF%E0%A6%B6%E0%A7%8D%E0%A6%9A%E0%A6%BF%E0%A6%A4%E0%A7%87-%E2%80%98%E0%A6%B8%E0%A7%9C%E0%A6%95,পথচারী-সাইকেল আরোহীদের নিরাপত্তা নিশ্চিতে ‘সড়ক নিরাপত্তা আইন’ প্রণয়নের দাবি,"স্বাস্থ্য খাতে সড়ক দুর্ঘটনার প্রভাব অত্যন্ত গুরুতর। সম্প্রতি পরিচালিত এক গবেষণা অনুসারে, সড়ক দুর্ঘটনায় আহত হয়ে হাসপাতালে ভর্তি হওয়া রোগীদের মধ্যে ২২ দশমিক ৮ শতাংশই পথচারী এবং ৪ দশমিক ২ শতাংশ সাইকেল আরোহী। গড়ে তারা যথাক্রমে ১১ ও ৯ দিন হাসপাতালে চিকিৎসা নেন এবং প্রতি রোগীর জন্য চিকিৎসা ব্যয় হয় গড়ে ২৭ হাজার ৫৩২ টাকা ও ১৮ হাজার ৯৫২ টাকা। তাই পথচারী ও সাইকেল আরোহীদের নিরাপত্তা নিশ্চিতে ‘সড়ক নিরাপত্তা আইন’ প্রণয়নের দাবি জানিয়েছেন বক্তারা। বুধবার (২৮ মে) রাজধানীর বিআরটিএ সদর দফতরের সম্মেলন কক্ষে ‘জাতিসংঘের বৈশ্বিক নিরাপদ সড়ক সপ্তাহ ২০২৫’ উপলক্ষে আয়োজিত মতবিনিময় সভায় এই দাবি জানানো হয়।  ন্যাশনাল হার্ট ফাউন্ডেশন হাসপাতাল ও রিসার্চ ইনস্টিটিউটের সহযোগিতায় মতবিনিময় সভাটির আয়োজন করে বাংলাদেশ রোড ট্রান্সপোর্ট অথরিটি (বিআরটিএ)। সভায় সভাপতিত্ব করেন বিআরটিএ চেয়ারম্যান (গ্রেড-১) মো. ইয়াসীন। স্বাগত বক্তব্য দেন বিআরটিএ’র রোড সেফটি উইংয়ের পরিচালক শীতাংশু শেখর বিশ্বাস। মূল প্রবন্ধ উপস্থাপন করেন ন্যাশনাল হার্ট ফাউন্ডেশন পরিচালিত রোড সেফটি অ্যান্ড ইনজুরি প্রিভেনশন প্রোগ্রামের প্রকল্প ব্যবস্থাপক মোহাম্মদ ওয়ালী নোমান। প্রবন্ধে উল্লেখ করা হয়, বিশ্বব্যাপী রোডক্র্যাশ মৃত্যুর অন্যতম প্রধান কারণ। প্রতি বছর প্রায় ১২ লাখ মানুষ সড়কে প্রাণ হারান এবং প্রায় ৫ কোটি মানুষ আহত হন। ৫ থেকে ২৯ বছর বয়সী তরুণদের মৃত্যুর প্রধান কারণও এটি। বিশ্ব স্বাস্থ্য সংস্থার তথ্য অনুযায়ী, ২০১০ থেকে ২০২১ সালের মধ্যে বিশ্বে পথচারী মৃত্যুর হার বেড়েছে ৩ শতাংশ এবং সাইকেল আরোহীদের ক্ষেত্রে এ হার বেড়েছে ২০ শতাংশ। অথচ বিশ্বের ৮০ শতাংশ সড়কে পথচারীদের জন্য কোনও নিরাপদ অবকাঠামো নেই এবং মাত্র ০.২ শতাংশ রাস্তায় রয়েছে সাইকেল লেন। এ পরিস্থিতিতে, জীবন বাঁচাতে ও সড়কে নিরাপত্তা নিশ্চিত করতে ‘সেফ সিস্টেম অ্যাপ্রোচ’ একটি কার্যকর পদ্ধতি হিসেবে বিবেচিত হচ্ছে। ইউরোপে এ পদ্ধতির বাস্তবায়নে মৃত্যুহার ৩৬ শতাংশ হ্রাস পেয়েছে। সুইডেনে প্রতি লাখে মৃত্যুহার মাত্র ২.৮। সভায় ন্যাশনাল হার্ট ফাউন্ডেশনের সভাপতি অধ্যাপক খন্দকার আব্দুল আউয়াল রিজভী বলেন, ‘শহরে দুর্ঘটনা কমাতে যানবাহনের গতিসীমা নির্ধারণ অত্যন্ত জরুরি। অবকাঠামোগত উন্নয়ন, গতিসীমা নিয়ন্ত্রণ, জনসচেতনতা বৃদ্ধি ও যথাযথ আইন প্রণয়নের মাধ্যমেই ঝুঁকিপূর্ণ সড়ক ব্যবহারকারীদের সুরক্ষা নিশ্চিত করা সম্ভব।’ সভাপতির বক্তব্যে বিআরটিএ চেয়ারম্যান বলেন, ‘‘সড়ক নিরাপত্তা নিশ্চিত করতে সংশ্লিষ্ট সব পক্ষকে একযোগে কাজ করতে হবে। বিআরটিএ ইতোমধ্যে ‘মোটরযান গতিসীমা নির্দেশিকা ২০২৪’ জারি করেছে এবং সড়ক নিরাপত্তা আইন প্রণয়নে কার্যকর উদ্যোগ নেওয়া হবে।” সভায় আরও উপস্থিত ছিলেন— গ্লোবাল হেলথ অ্যাডভোকেসি ইনকিউবেটরের কান্ট্রি কোঅর্ডিনেটর ড. মো. শরিফুল আলম, ন্যাশনাল হার্ট ফাউন্ডেশন হাসপাতাল অ্যান্ড রিসার্চ ইনস্টিটিউটের রোগতত্ত্ব ও গবেষণা বিভাগের প্রধান অধ্যাপক ডা. সোহেল রেজা চৌধুরী, হাইওয়ে পুলিশের ডিআইজি শরিফুল ইসলামসহ বিভিন্ন সংস্থা ও প্রতিষ্ঠানের প্রতিনিধিরা।",2025-05-28T19:07:52+06:00
https://www.banglatribune.com///www.banglatribune.com/others/900598/%E0%A6%A8%E0%A6%BF%E0%A6%B0%E0%A6%BE%E0%A6%AA%E0%A6%A4%E0%A7%8D%E0%A6%A4%E0%A6%BE%E0%A6%B9%E0%A7%80%E0%A6%A8%E0%A6%A4%E0%A6%BE%E0%A7%9F-%E0%A6%95%E0%A6%B0%E0%A7%8D%E0%A6%AE%E0%A6%AC%E0%A6%BF%E0%A6%B0%E0%A6%A4%E0%A6%BF%E0%A6%A4%E0%A7%87-%E0%A6%9A%E0%A6%95%E0%A7%8D%E0%A6%B7%E0%A7%81-%E0%A6%AC%E0%A6%BF%E0%A6%9C%E0%A7%8D%E0%A6%9E%E0%A6%BE%E0%A6%A8,নিরাপত্তাহীনতায় কর্মবিরতিতে চক্ষু বিজ্ঞান ইনস্টিটিউটের ডাক্তার-নার্স ও কর্মচারীরা,"নিরাপত্তাহীনতার অভিযোগ তুলে কর্মবিরতিতে গেছেন জাতীয় চক্ষু বিজ্ঞান ইনস্টিটিউট ও হাসপাতালের চিকিৎসক, নার্স এবং অন্যান্য কর্মচারীরা। বুধবার (২৮ মে) সকাল থেকে তারা হঠাৎ কর্মবিরতি শুরু করেন, যার ফলে চিকিৎসাসেবা ব্যাহত হচ্ছে। বর্তমানে শুধু জরুরি বিভাগ চালু থাকলেও অন্যান্য সব নিয়মিত সেবা বন্ধ রয়েছে। হাসপাতালের কর্মীদের দাবি, সেখানে চিকিৎসাধীন কিছু ‘জুলাই যোদ্ধা’র দুর্ব্যবহার, হামলা ও ভাঙচুরের কারণে তারা চরম নিরাপত্তাহীনতায় ভুগছেন। সকাল থেকে বহির্বিভাগের সেবা বন্ধ থাকায় বিপাকে পড়েছেন আগত রোগীরা। কেউ কেউ দীর্ঘ সময় অপেক্ষা করেও চিকিৎসা না পেয়ে ফিরে যাচ্ছেন। নির্ধারিত অপারেশনও বাতিল করতে হয়েছে। রোগীরা চিকিৎসকদের কক্ষে অপেক্ষা করলেও চিকিৎসা দেওয়ার মতো কেউ উপস্থিত ছিলেন না। হাসপাতালের কর্মচারীরা জানান, বেশ কিছুদিন ধরে হাসপাতালে চিকিৎসাধীন কিছু ‘জুলাই যোদ্ধা’র সঙ্গে নার্স ও কর্মচারীদের বাগবিতণ্ডা, এমনকি হাতাহাতির ঘটনা ঘটছে। দুই দিন আগে চার জনের আত্মহত্যার চেষ্টা ও তা ঘিরে উত্তেজনার পর হাসপাতালের পরিবেশ আরও অস্থির হয়ে ওঠে। সবশেষ গত মঙ্গলবার (২৭ মে) কয়েকজন ‘জুলাই যোদ্ধা’ দাহ্য পদার্থসহ হাসপাতালের পরিচালকের কক্ষে প্রবেশ করে তাকে অবরুদ্ধ করে রাখেন। হাসপাতালের পরিচালক ডা. খায়ের আহমেদ চৌধুরী বলেন, ‘‘গতকাল কয়েকজন ‘জুলাই যোদ্ধা’ আমার রুমে প্রবেশ করে নিজেদের মধ্যে তর্কে জড়িয়ে পড়ে এবং একপর্যায়ে হাতাহাতি করে। তাদের একজন পেট্রোল জাতীয় দাহ্য পদার্থ নিয়ে আসে। তারা আত্মহত্যা করতে চাচ্ছিল, নাকি হাসপাতাল জ্বালিয়ে দিতে চাইছিল, তা পরিষ্কার নয়। এদের মধ্যে নানা গ্রুপিং রয়েছে। এক গ্রুপ আমাকে প্রায় দুই ঘণ্টা অবরুদ্ধ করে রাখে। পরে অন্য একটি গ্রুপ, আইনশৃঙ্খলা রক্ষাকারী বাহিনী ও সেনাবাহিনীর সহায়তায় পরিস্থিতি নিয়ন্ত্রণে আসে।” তিনি আরও বলেন, “এই অনভিপ্রেত ঘটনায় স্টাফরা চরম ক্ষুব্ধ ও আতঙ্কিত হয়ে পড়েছে। ফলে তারা কর্মবিরতিতে যেতে বাধ্য হয়েছে।”",2025-05-28T13:41:59+06:00
https://www.banglatribune.com///www.banglatribune.com/sport/cricket/900991/%E0%A6%AC%E0%A6%BF%E0%A6%B8%E0%A6%BF%E0%A6%AC%E0%A6%BF%E0%A6%B0-%E0%A6%A8%E0%A6%A4%E0%A7%81%E0%A6%A8-%E0%A6%B8%E0%A6%AD%E0%A6%BE%E0%A6%AA%E0%A6%A4%E0%A6%BF-%E0%A6%86%E0%A6%AE%E0%A6%BF%E0%A6%A8%E0%A7%81%E0%A6%B2-%E0%A6%87%E0%A6%B8%E0%A6%B2%E0%A6%BE%E0%A6%AE,বিসিবির নতুন সভাপতি বুলবুল,"মাত্র ৯ মাসের মধ্যে বাংলাদেশ ক্রিকেট বোর্ডের সভাপতি পদে বদল এলো। নতুন করে এই বড় দায়িত্বে বসেছেন জাতীয় ক্রিকেট দলের সাবেক অধিনায়ক আমিনুল ইসলাম বুলবুল। শুক্রবার বিকালে বোর্ড পরিচালকদের ভোটে ক্রিকেট বোর্ডের ১৬তম প্রধান হলেন তিনি। গত বছরের ৫ আগস্ট সরকারের পতনের পর পরিবর্তনের স্রোত বিসিবিতেও লাগে। ২১ আগস্ট জাতীয় ক্রীড়া পরিষদের মনোনয়নে প্রথমে বোর্ড পরিচালক হয়ে পরে সভাপতি নির্বাচিত হন ফারুক আহমেদ। তবে এক বছরও না হতেই তার জায়গায় নতুন সভাপতি এলেন। বুলবুল জাতীয় দলের হয়ে ওয়ানডে ও টেস্ট খেলেছেন, করেছেন অধিনায়কত্বও। ১৯৮৮ থেকে ২০০২ সাল পর্যন্ত ১৪ বছর আন্তর্জাতিক ক্রিকেট খেলেছেন তিনি। ওয়ানডে দিয়ে আন্তর্জাতিক ক্রিকেটে অভিষেকের পর ৩৯টি ওয়ানডে খেলে তিন হাফ সেঞ্চুরিতে তার রান ৭৯৪। টেস্ট খেলেছেন ১৩টি। ভারতের বিপক্ষে বাংলাদেশের অভিষেক টেস্টের সেঞ্চুরিয়ান সাবেক এই ব্যাটার। ২০০২ সালে শেষ টেস্ট খেলার আগে ২৬ ইনিংসে করেন ৫৩০ রান। একটি সেঞ্চুরির পাশাপাশি আছে দুটি হাফ সেঞ্চুরিও। ১৯৯৮ থেকে ২০০০ সাল পর্যন্ত ওয়ানডে দলকে নেতৃত্ব দিয়েছেন বুলবুল। তার নেতৃত্বে ১৬ ম্যাচ খেলে বাংলাদেশ জিতেছে দুটি।",2025-05-30T17:57:52+06:00
https://www.banglatribune.com///www.banglatribune.com/sport/football/900996/%E0%A6%B6%E0%A6%95%E0%A7%8D%E0%A6%A4%E0%A6%BF%E0%A6%B6%E0%A6%BE%E0%A6%B2%E0%A7%80-%E0%A6%87%E0%A6%A8%E0%A7%8D%E0%A6%A6%E0%A7%8B%E0%A6%A8%E0%A7%87%E0%A6%B6%E0%A6%BF%E0%A7%9F%E0%A6%BE%E0%A6%B0-%E0%A6%AC%E0%A6%BF%E0%A6%AA%E0%A6%95%E0%A7%8D%E0%A6%B7%E0%A7%87-%E0%A6%A4%E0%A6%BF%E0%A6%A8-%E0%A6%AA%E0%A7%9F%E0%A7%87%E0%A6%A8%E0%A7%8D%E0%A6%9F-%E0%A6%9A%E0%A6%BE%E0%A7%9F,শক্তিশালী ইন্দোনেশিয়ার বিপক্ষে তিন পয়েন্ট চায় বাংলাদেশ,"জর্ডানের রাজধানী আম্মানে দিন কয়েক হলো বাংলাদেশ নারী দল অনুশীলন করে যাচ্ছে। লক্ষ্য সেখানে স্বাগতিক দল ছাড়াও ইন্দোনেশিয়ার বিপক্ষে ফিফা প্রীতি ম্যাচে খেলা। যার প্রথমটি শনিবার রাতে হতে যাচ্ছে। বাংলাদেশ সময় রাত ৮টায় প্রথমবারের মতো ইন্দোনেশিয়ার বিপক্ষে কিং আব্দুল্লাহ ২ স্টেডিয়ামে মুখোমুখি হতে যাচ্ছে পিটার বাটলারের দল। শক্তিশালী প্রতিপক্ষ হলেও মনিকা-আফঈদা-ঋতুপর্ণারা তিন পয়েন্টের স্বপ্ন দেখছেন। মূলত মিয়ানমারে উইমেন্স এশিয়ান কাপের বাছাইয়ের আগে নিজেদের ঝালিয়ে নিতে দুটি ম্যাচ খেলছে বাংলাদেশ। ফিফা র‌্যাঙ্কিংয়ে ইন্দোনেশিয়া (৯৪তম) ও জর্ডান (৭৪তম) অনেক এগিয়ে আছে। আর বাংলাদেশ রয়েছে ১৩৩তম স্থানে। র‌্যাঙ্কিংয়ে যে অবস্থানই থাকুক না কেন, বাংলাদেশ দলের সহকারী কোচ মাহমুদা আক্তার অনন্যা আশাবাদী, ‘আশা করছি, কাল ভালো একটা ম্যাচ খেলে তিন পয়েন্ট নিয়ে মাঠ ছাড়বো। এই আশা নিয়েই আমরা এগুচ্ছি। টিমের বন্ধনটাও ভালো। গতবার দুবাইয়ে যখন খেলেছি, তখন অল্প কয়েকজন সিনিয়র ছিল দলে। এবার সিনিয়রদের অনেককে পেয়েছি, জুনিয়রও আছে। টিম কম্বিনেশন ভালো।’ বিদ্রোহের পর বর্তমান দলে ফিরেছেন ঋতুপর্ণা, মনিকা, মারিয়া, শামসুন্নাহার জুনিয়র, মারিয়া মান্দা, শিউলি আজিমসহ নয় জন। অভিজ্ঞ ও নতুনের মিশেলে দলে ভারসাম্য ফেরায় ইতিবাচক ফলের স্বপ্ন দেখছেন অধিনায়ক আফঈদা খন্দকারও, ‘আমরা অনেক দিন আগে এখানে এসেছি, যাতে আমরা এখানকার আবহাওয়া ও কন্ডিশনের সঙ্গে মানিয়ে নিতে পারি। কোচ আমাদের সেভাবেই প্র্যাকটিস করিয়েছেন। কাল আমাদের প্রথম ম্যাচ। এ ম্যাচের জন্য আমরা এতদিন পরিশ্রম করেছি, ইনশাআল্লাহ ভালো কিছু হবে। দুবাই সফর থেকে আমাদের (বর্তমান) দল ভালো। সিনিয়র-জুনিয়র মিলিয়ে ভালো এবং শক্ত একটা দল আমাদের।’",2025-05-30T19:10:06+06:00
https://www.banglatribune.com///www.banglatribune.com/sport/football/900999/%E0%A7%A7%E0%A7%A7-%E0%A6%AC%E0%A6%9B%E0%A6%B0-%E0%A6%AA%E0%A6%B0-%E0%A6%86%E0%A6%AC%E0%A6%BE%E0%A6%B0-%E0%A6%AE%E0%A6%BF%E0%A6%B2%E0%A6%BE%E0%A6%A8%E0%A7%87%E0%A6%B0-%E0%A6%95%E0%A7%8B%E0%A6%9A-%E0%A6%85%E0%A7%8D%E0%A6%AF%E0%A6%BE%E0%A6%B2%E0%A7%8D%E0%A6%B2%E0%A7%87%E0%A6%97%E0%A7%8D%E0%A6%B0%E0%A6%BF,১১ বছর পর আবার মিলানের কোচ অ্যাল্লেগ্রি,"১১ বছর পর আবার এসি মিলানে ফিরলেন ম্যাসিমিলিয়ানো অ্যাল্লেগ্রি। ক্লাবের নতুন কোচ তিনি। বৃহস্পতিবার সার্জিও কনসেইসাওকে বরখাস্ত করার পর সাফল্য ফিরে পাবার আশায় অ্যাল্লেগ্রিকে দ্বিতীয়বার নিয়োগ দিলো মিলান। ২০১০ থেকে ২০১৪ সাল পর্যন্ত মিলানের কোচ ছিলেন অ্যাল্লেগ্রি। কোচিংয়ের দ্বিতীয় বছরেই তিনি দলটিকে সিরি আ জেতান। সবশেষ মৌসুমে ছয়বারের ইতালিয়ান চ্যাম্পিয়নরা টেবিলের অষ্টম স্থানে থেকে শেষ করেছে। চ্যাম্পিয়ন নাপোলির চেয়ে ১৯ পয়েন্ট পেছনে ছিল তারা। মিলান ছাড়ার পর অ্যাল্লেগ্রি দুটি ভিন্ন স্পেলে জুভেন্টাসের কোচ ছিলেন। সেখানে পাঁচটি ইতালিয়ান চ্যাম্পিয়নশিপ ও পাঁচবার কোপা ইতালি জেতেন তিনি। দুইবার তার অধীনে চ্যাম্পিয়ন্স লিগ ফাইনালও খেলে জুভেন্টাস। ২০২৩-২৪ মৌসুমে কোপা ইতালিয়া ফাইনালে আতালান্তাকে হারানোর দুই দিন পর বিতর্কিত পরিস্থিতিতে জুভেন্টাস ছাড়তে হয়েছিল অ্যাল্লেগ্রিকে। ফাইনালের শেষ দিকে মেজাজ হারিয়ে লাল কার্ড দেখেন অ্যাল্লেগ্রি। নিজের জ্যাকেট খুলে ব্যঙ্গ করে রেফারির উদ্দেশ্যে হাততালি দেন। পরে জুভেন্টাস জানায়, অ্যাল্লেগ্রির আচরণ তাদের মূল্যবোধের সঙ্গে যায় না।",2025-05-30T19:37:27+06:00
https://www.banglatribune.com///www.banglatribune.com/sport/cricket/900984/%E0%A6%AC%E0%A6%BF%E0%A6%B8%E0%A6%BF%E0%A6%AC%E0%A6%BF%E0%A6%A4%E0%A7%87-%E0%A6%AC%E0%A7%81%E0%A6%B2%E0%A6%AC%E0%A7%81%E0%A6%B2,বিসিবিতে বুলবুল,"জাতীয় ক্রীড়া পরিষদ ফারুক আহমেদের মনোনয়ন বাতিল ঘোষণা করে বৃহস্পতিবার রাতে। এর ফলে বোর্ড সভাপতি হিসেবে পদটা শূন্য হয়ে পড়েছে। অপর দিকে, জাতীয় ক্রীড়া পরিষদ আজ শুক্রবারই আমিনুল ইসলাম বুলবুলকে বোর্ড পরিচালক মনোনীত করে প্রজ্ঞাপন জারি করেছে। শুক্রবার বিকাল বিসিবিতে বোর্ড সভা ডাকা হয়েছে। সেই সভাতে সাবেক অধিনায়ক আমিনুল ইসলাম বুলবুল বিসিবি পরিচালক হিসেবে প্রবেশ করেছেন। এই সভাতেই বুলবুলকে সভাপতি হিসেবে ঘোষণা করা হতে পারে! বুলবুল মিরপুরে বিসিবি কার্যালয়ে আসেন বিকেল পাঁচটার সময়। জাতীয় ক্রীড়া পরিষদের পরিচালক মনোনীত হয়েছেন তিনি, পরিচালক হয়েই এসেছে বোর্ডে। এসেই সোজা চলে যান বোর্ড মিটিংয়ের রুমে।  বুলবুলের আগে মাহবুব আনাম, কাজী ইনাম আহমেদ, ফাহিম সিনহা, আকরাম খানসহ বিসিবির অন্য পরিচালকরা কার্যালয়ে আসেন। এ সময় বুলবুল আসার পর স্টেডিয়ামের সাসনে বেশ কিছু লোক স্লোগান দিতে থাকেন।  গতকাল বিসিবি সভাপতি হওয়া নিয়ে বুলবুল ক্রিকইনফোকে বলেছিলেন, ‘আমাকে অন্তর্বর্তী সরকারের পক্ষ থেকে অনুরোধ করা হয়েছিল, আমি তাতে রাজি হয়েছি। এখন কেবল প্রক্রিয়া অনুসরণ করার বিষয়। যেহেতু সুযোগ এসেছে, আমি কাজ করবো। আপাতত আমার মনোযোগ নির্বাচনের আগ পর্যন্ত দায়িত্ব পালনে। এরপর আমাকে কোনও কাজ দেওয়া হবে কি না, আমি আইসিসিতে ফিরে যাবো কি না, ভবিষ্যৎ নিয়ে কিছু বলতে পারি না। তবে এখন পর্যন্ত নির্বাচনে অংশ নেওয়ার কোনও পরিকল্পনা আমার নেই। দীর্ঘমেয়াদে এই ভূমিকায় থাকার ইচ্ছাও নেই।’  ১৯৮৮ সাল থেকে ২০০২ সাল পর্যন্ত ১৪ বছর আন্তর্জাতিক ক্রিকেট খেলেছেন আমিনুল ইসলাম বুলবুল। যার ওয়ানডে ক্রিকেটে অভিষেক ১৯৮৮ সালে। ৩৯টি ওয়ানডে খেলে তিন হাফ সেঞ্চুরিতে তার রান ৭৯৪। টেস্টও খেলেছেন ১৩টি। ভারতের বিপক্ষে বাংলাদেশের অভিষেক টেস্টের সেঞ্চুরিয়ান বুলবুল। ২০০২ সালে শেষ টেস্ট খেলার আগে ২৬ ইনিংসে করেছেন ৫৩০ রান। একটি সেঞ্চুরির পাশাপাশি আছে দুটি হাফ সেঞ্চুরিও। ১৯৯৮ থেকে ২০০০ সাল পর্যন্ত তিনি ওয়ানডে দলকেও নেতৃত্ব দিয়েছেন। তার নেতৃত্বে ১৬ ম্যাচ খেলে বাংলাদেশ জিতেছে দুটি ম্যাচ।",2025-05-30T17:00:00+06:00
https://www.banglatribune.com///www.banglatribune.com/country/chitagong/899790/%E0%A6%9A%E0%A6%9F%E0%A7%8D%E0%A6%9F%E0%A6%97%E0%A7%8D%E0%A6%B0%E0%A6%BE%E0%A6%AE-%E0%A6%AC%E0%A6%BF%E0%A6%AE%E0%A6%BE%E0%A6%A8%E0%A6%AC%E0%A6%A8%E0%A7%8D%E0%A6%A6%E0%A6%B0%E0%A7%87-%E0%A6%AA%E0%A7%8D%E0%A6%B0%E0%A6%B8%E0%A7%8D%E0%A6%A4%E0%A7%81%E0%A6%A4-%E0%A6%95%E0%A6%BE%E0%A6%B0%E0%A7%8D%E0%A6%97%E0%A7%8B-%E0%A6%B8%E0%A7%8D%E0%A6%9F%E0%A7%87%E0%A6%B6%E0%A6%A8,"চট্টগ্রাম বিমানবন্দরে প্রস্তুত কার্গো স্টেশন, অপেক্ষা ফ্লাইট চালুর","চট্টগ্রাম শাহ আমানত আন্তর্জাতিক বিমানবন্দর থেকে চীন, ইউরোপ ও আমেরিকার বাজারে সরাসরি তৈরি পোশাক রফতানির নতুন পথ খুলতে চলেছে। ভারতকে এড়িয়ে আকাশপথে পণ্য পরিবহনের জন্য প্রয়োজনীয় সব ধরনের অবকাঠামো প্রস্তুত করেছে বিমানবন্দর কর্তৃপক্ষ। সরকারের অনুমোদন পেলে চালু হবে বহুল প্রতীক্ষিত আকাশপথে পণ্য পরিবহন। এ লক্ষ্যে বিমানবন্দরে ২৭০ টন ধারণক্ষমতার একটি কার্গো স্টেশন প্রস্তুত করা হয়েছে। পাশাপাশি দুটি আধুনিক স্ক্যানিং এবং একটি ওজন মাপার যন্ত্র সচল করা হয়েছে। বৃহস্পতিবার (২২ মে) বিকালে বাংলা ট্রিবিউনকে এসব তথ্য জানিয়েছেন শাহ আমানত আন্তর্জাতিক বিমানবন্দরের জনসংযোগ কর্মকর্তা প্রকৌশলী মোহাম্মদ ইব্রাহীম খলিল। তিনি বলেন, ‘বর্তমানে শাহ আমানত বিমানবন্দরের কার্গো শেডে ২৫০ টন আমদানি এবং ২০ টন রফতানি পণ্যের ধারণক্ষমতা আছে। ২০২২ সাল থেকে বিমানবন্দরে আমদানি কার্গো ফ্লাইট বন্ধ রয়েছে। তবে যাত্রী ফ্লাইটে সীমিত আকারে পণ্য আমদানি-রফতারি হচ্ছে। বিমানবন্দরের কার্গো স্টেশনটি অনেকটাই অব্যবহৃত অবস্থায় পড়েছিল। সম্প্রতি নতুন করে সংস্কারকাজ সম্পন্ন হয়েছে। তবে এখন সপ্তাহে বড় দুটি কার্গো ফ্লাইট এলেও তার পণ্য হ্যান্ডলিং করতে সক্ষম হবে স্টেশনটি। শিগগিরই চীন, ইউরোপ ও আমেরিকায় পণ্য আমদানি-রফতানির জন্য কার্গো ফ্লাইট চালু হবে। তবে কখন থেকে ফ্লাইট চালু হবে, সে বিষয়ে এখনও চিঠি পাইনি আমরা।’ বিমানবন্দর সূত্রে জানা যায়, একসময় চট্টগ্রাম বিমানবন্দর থেকে থাই এয়ার এশিয়া, সিল্ক এয়ার, কুয়েত এয়ার, ইতিহাদ এয়ারওয়েজ, এমিরেটস এয়ারলাইনসের কার্গো ফ্লাইট চলাচল করতো। সবশেষ ২০২২ সাল পর্যন্ত দুটি কার্গো ফ্লাইট চালু ছিল। চাহিদা অনুযায়ী পণ্য না পাওয়ায় ওই বছর ফ্লাইট চলাচল বন্ধ করে দেওয়া হয়। এরপর থেকে যাত্রী ফ্লাইটে সীমিত আকারে পণ্য আমদানি-রফতারি হচ্ছে। এর মধ্যে ২০২১ সাল থেকে চলতি বছরের এপ্রিল পর্যন্ত বিমানবন্দর দিয়ে প্রচুর পরিমাণ আমদানি-রফতানি পণ্য পরিবহন হয়েছে। ২০২১ সালে ৫৭ লাখ ৫২ হাজার ৬৩৪ কেজি আমদানি পণ্য থেকে চার কোটি ৫৪ লাখ ৮৮ হাজার ৩২৬ টাকা রাজস্ব আদায় হয়। ২০২২ সালে ৭৫ লাখ ৪৯ হাজার ৭৮৫ কেজি আমদানি পণ্য থেকে চার কোটি ৫৭ লাখ ৪৩ হাজার ১৩০ টাকা রাজস্ব আসে। ২০২৩ সালে আমদানি কমে দাঁড়ায় দুই লাখ ৩২ হাজার সাত কেজিতে, যেখান থেকে রাজস্ব আদায় হয় ২৫ লাখ ৫১ হাজার ১৪৫ টাকা। ২০২৪ সালে তিন লাখ ৬৭ হাজার ৯৫৮ কেজি পণ্যের আমদানি থেকে রাজস্ব আসে ২৪ লাখ ৬০ হাজার ৬২৭ টাকা। চলতি বছরের এপ্রিল পর্যন্ত এক লাখ ৯৮ হাজার ৩০৫ কেজি পণ্যের আমদানি থেকে সাত লাখ নয় হাজার ৪৮০ টাকা রাজস্ব আদায় হয়েছে।’                                     											jwARI.fetch( $( ""#ari-image-jw6839d90c8b221"" ) );
             একই সময়ে পণ্য রফতানি ছিল তুলনামূলক ইতিবাচক। ২০২১ সালে ১৫ লাখ ৯১ হাজার ২৬৬ কেজি রফতানি পণ্য থেকে রাজস্ব আসে ৫২ লাখ ৬১ হাজার ৭৪৩ টাকা। ২০২২ সালে রফতানি বেড়ে দাঁড়ায় ৪৪ লাখ ৩১ হাজার ৯৭১ কেজিতে, রাজস্ব আদায় হয় দুই কোটি ২৭ লাখ ৫৯ হাজার ৯০১ টাকা। ২০২৩ সালে ৩০ লাখ ৫১ হাজার ৯২৪ কেজি রফতানি পণ্য থেকে এক কোটি ৯৩ লাখ ৯৩ হাজার ২৫৩, ২০২৪ সালে ৪৩ লাখ ১২ হাজার ৩৮৯ কেজি পণ্য রফতানি থেকে দুই কোটি ৬৩ লাখ ৭২ হাজার ৫১১ এবং চলতি বছরের এপ্রিল পর্যন্ত সাত লাখ ৩২ হাজার ৬৩৬ কেজি রফতানি থেকে ৫১ লাখ ১৯ হাজার ৩৪৫ টাকা রাজস্ব আদায় হয়। শাহ আমানত আন্তর্জাতিক বিমানবন্দরের পরিচালক গ্রুপ ক্যাপ্টেন শেখ আব্দুল্লাহ আলমগীর বাংলা ট্রিবিউনকে বলেন, ‘ভারতের ট্রান্সশিপমেন্ট সুবিধা বাতিল হওয়ার বিষয়টি আমাদের জন্য ইতিবাচক। এতে আমরা আত্মনির্ভরশীল হয়ে উঠতে পারবো। সিভিল এভিয়েশনের চেয়ারম্যান আমাদের নির্দেশনা দিয়েছেন। মন্ত্রণালয় থেকে সব ধরনের সহযোগিতা করা হচ্ছে। শিগগিরই চীন, ইউরোপ ও আমেরিকায় পণ্য আমদানি-রফতানির জন্য কার্গো ফ্লাইট চালু করতে পারবো আমরা।’ এজন্য বিমানবন্দরে কোল্ডস্টোরেজ নির্মাণ, কার্গো উইং মেশিন কেনা এবং আধুনিক প্রযুক্তির সংযোজনের মাধ্যমে কার্গো কার্যক্রমে গতি আনার চেষ্টা চলছে জানিয়ে শেখ আব্দুল্লাহ আলমগীর আরও বলেন, ‘পাশাপাশি জার্মানির এয়ারপোর্ট কনসাল্টিং পার্টনার জিএমবিএইচ কর্তৃক বিমানবন্দরের জন্য একটি আধুনিক মাস্টারপ্ল্যান প্রণয়নের কাজ এগিয়ে চলছে।’   স্থানীয় ব্যবসায়ীরা বলছেন, চট্টগ্রামে চার শতাধিক পোশাক কারখানা এবং ইপিজেডগুলো এতদিন আকাশপথে পণ্য পরিবহনের সুবিধা থেকে বঞ্চিত ছিল। ফলে রফতানির জন্য পণ্য ঢাকা বিমানবন্দরে পাঠাতে হতো। যা ছিল সময়, ব্যয়বহুল ও জটিলতাযুক্ত। আন্তর্জাতিক বিজনেস ফোরামের চেয়ারম্যান এস এম আবু তৈয়ব বাংলা ট্রিবিউনকে বলেন, ‘চট্টগ্রাম থেকে যদি সরাসরি ইউরোপ বা আমেরিকায় আকাশপথে পণ্য পরিবহন সম্ভব হয়, তবে ব্যবসায় গতি বাড়বে। সময় ও অর্থ দুটোই সাশ্রয় হবে। কার্গো ফ্লাইট চালু করার জন্য এখনই গুরুত্বপূর্ণ সময়।’ বাংলাদেশ ফ্রেইট ফরোয়ার্ডার্স অ্যাসোসিয়েশনের ভাইস প্রেসিডেন্ট খায়রুল আলম সুজন বাংলা ট্রিবিউনকে বলেন, ‌‘চট্টগ্রাম থেকে কার্গো ফ্লাইট চালুর উদ্যোগ অবশ্যই ইতিবাচক। এতদিন যেসব ব্যবসায়ী ঢাকা থেকে পণ্য আমদানি-রফতানি করতেন, তারা এখন চট্টগ্রামে এই সুবিধা পাবেন। এতে সময় অর্থ দুটোই সাশ্রয় হবে।’",2025-05-23T08:01:00+06:00
https://www.banglatribune.com///www.banglatribune.com/country/chitagong/899620/%E0%A6%9A%E0%A6%9F%E0%A7%8D%E0%A6%9F%E0%A6%97%E0%A7%8D%E0%A6%B0%E0%A6%BE%E0%A6%AE-%E0%A6%AC%E0%A6%A8%E0%A7%8D%E0%A6%A6%E0%A6%B0%E0%A7%87-%E0%A6%AA%E0%A7%9C%E0%A7%87-%E0%A6%A5%E0%A6%BE%E0%A6%95%E0%A6%BE-%E0%A6%AA%E0%A6%A3%E0%A7%8D%E0%A6%AF%E0%A6%AC%E0%A6%BE%E0%A6%B9%E0%A7%80-%E0%A6%B8%E0%A6%BE%E0%A7%9C%E0%A7%87-%E0%A7%AB-%E0%A6%B9%E0%A6%BE%E0%A6%9C%E0%A6%BE%E0%A6%B0,চট্টগ্রাম বন্দরে পড়ে থাকা পণ্যবাহী সাড়ে ৫ হাজার কনটেইনার নিলামে,"৫৩ হাজার ৫১৮ কনটেইনার ধারণক্ষমতার চট্টগ্রাম বন্দরে বর্তমানে কনটেইনার আছে ৪০ হাজার ৭০০টি। এর মধ্যে পণ্যভর্তি প্রায় ১০ হাজার কনটেইনার বছরের পর বছর পড়ে আছে। গত ১০ বছরের পুরোনো (২০১৩ সালের ১ জানুয়ারি থেকে ২০২৩ সালের ৩১ ডিসেম্বর পর্যন্ত) সাড়ে পাঁচ হাজার কনটেইনার নিলামে তোলার প্রক্রিয়া শুরু করেছে কাস্টমস কর্তৃপক্ষ। ধারাবাহিকভাবে এগুলো নিলামে তোলা হবে।  কাস্টমস কর্তৃপক্ষ বলছে, দীর্ঘদিন ধরে মামলা ও প্রশাসনিক জটিলতার কারণে এসব কনটেইনার নিলামে তোলা সম্ভব হয়নি। ফলে বন্দরের নিরাপত্তা কার্যক্রম এবং অবকাঠামোর ওপর চাপ তৈরি হয়েছে। বন্দর সূত্র জানিয়েছে, চট্টগ্রাম বন্দরে নিলামযোগ্য কনটেইনার আছে ১০ হাজার। এর মধ্যে ২০ ফুট দৈর্ঘ্যের রয়েছে এক হাজার ৮৩৫টি এবং ৪০ ফুট দৈর্ঘ্যের আছে তিন হাজার ৮০৬টি। এ ছাড়া বিভিন্ন শেড ও ইয়ার্ডে পড়ে আছে ৪০০টির বেশি কেমিক্যালবাহী কনটেইনার। বাকিগুলো অন্যান্য পণ্যভর্তি। যেগুলোর প্রায় সবই মেয়াদোত্তীর্ণ। এগুলোর কারণে বন্দরের জন্য তৈরি হয়েছে ভয়াবহ ঝুঁকি। এজন্য নিলামে তোলা হচ্ছে। বন্দরের নিয়ম অনুযায়ী, কার্যক্রম নির্বিঘ্ন রাখতে কমপক্ষে ৩০ শতাংশ জায়গা খালি রাখা আবশ্যক। যাতে কনটেইনারবাহী লরি ও কাভার্ডভ্যান চলাচলে বিঘ্ন না ঘটে। কিন্তু বর্তমানে বন্দরের প্রায় প্রতিটি অংশেই জায়গার সংকট। যা আমদানি-রফতানি কার্যক্রমে ব্যাঘাত সৃষ্টি করছে। এমন পরিস্থিতিতে গত ১৪ মে পণ্যজট নিরসন ও খালাস প্রক্রিয়া সহজ করতে বন্দরে দ্রুত নিলাম, বিলিবন্দেজ ও ধ্বংস কার্যক্রম সংক্রান্ত বিশেষ আদেশ জারি করেছে জাতীয় রাজস্ব বোর্ড (এনবিআর)। গত ১৫ মে এ তথ্য জানিয়েছেন এনবিআরের জনসংযোগ কর্মকর্তা মো. আল আমিন। আদেশে এনবিআর জানায়, দ্রুত পণ্য খালাস, শ্রম, অর্থ ও কর্মঘণ্টা সাশ্রয়, রাষ্ট্রীয় সম্পদের অপচয়রোধ, নিরাপত্তা ঝুঁকি নিরসন, ভৌত অবকাঠামো, জানমালের নিরাপত্তা নিশ্চিতকরণ এবং কনটেইনার জট হ্রাসসহ বন্দরের সামগ্রিক সক্ষমতা বৃদ্ধিতে এ আদেশ জারি করা হলো। ২০১৩ সালের ১ জানুয়ারি থেকে ২০২৩ সালের ৩১ ডিসেম্বর পর্যন্ত অখালাসকৃত কনটেইনার জট বন্দরের স্বাভাবিক কার্যক্রম ব্যাহত করছে। দীর্ঘদিনের পুরোনো কেমিক্যাল ও বিপজ্জনক পণ্য বিস্ফোরণ ঝুঁকিসহ বন্দরের সামগ্রিক নিরাপত্তা হুমকি তৈরি করেছে। ঝুঁকি নিরসনে বিদ্যমান নিলাম প্রক্রিয়ায় সময়ক্ষেপণ এড়ানো সম্ভব হয় না। শর্তযুক্ত বা নিয়ন্ত্রিত পণ্য খালাসে জটিলতা, অনিষ্পন্ন মামলা, নিলামের দরদাতা কর্তৃক পণ্য খালাস না করা, লজিস্টিকসের অভাবসহ নানা কারণে কর্তৃপক্ষ দ্রুত সময়ে নিলাম প্রক্রিয়া সম্পন্ন করতে পারছে না। এমন পরিস্থিতিতে ২০২৩ সালের ৩১ ডিসেম্বর পর্যন্ত নিলাম ও নিষ্পত্তিযোগ্য পণ্যের (যানবাহন ব্যতীত) বিক্রয়, ব্যবস্থাপনা ও ধ্বংস কার্যক্রম প্রক্রিয়া সহজীকরণে নিম্নবর্ণিত নির্দেশনা সংবলিত বিশেষ আদেশ জারি করা হয়। আদেশের নির্দেশনার মধ্যে রয়েছে- নিষ্পত্তিযোগ্য পণ্যসমূহের সংরক্ষিত মূল্য নির্ধারণ ব্যতীত প্রথম নিলামে (বিশেষ ক্ষেত্র ব্যতীত) প্রাপ্ত সর্বোচ্চ মূল্যে বিক্রয় করা যাবে। আমদানি নীতি বা রফতানি নীতি অনুযায়ী শর্তসাপেক্ষে, নিয়ন্ত্রিত বা নিষিদ্ধ অথবা পণ্যের গুণগতমান নষ্ট হওয়ার কারণে বা অন্য কোনও কারণে নিলামের মাধ্যমে নিষ্পত্তি করা সম্ভব নয়। অথবা সম্ভব হয়নি তা ধ্বংস বা নিষ্ক্রিয়করণের লক্ষ্যে নিলাম ব্যতীত বিশেষায়িত সংস্থা বা প্রযুক্তিগত সক্ষমতা সম্পন্ন প্রতিষ্ঠানের কাছে বিনামূল্যে হস্তান্তর করা যাবে। দুটি নিলামের মাধ্যমেও কোনও পণ্য বিক্রি করা সম্ভব না হলে অথবা দরপত্র পাওয়া না গেলে তৃতীয় নিলাম ব্যতীরেকে প্রচারণাপূর্বক পণ্য গ্রহণে আগ্রহী প্রতিষ্ঠানের কাছে সর্বোচ্চ প্রস্তাব মূল্যে বিক্রয় এবং পরীক্ষণ কর্তৃপক্ষ কর্তৃক ব্যবহার উপযোগিতা রয়েছে। প্রত্যয়নকৃত মেয়াদোত্তীর্ণ বিপজ্জনক পণ্য বা কেমিক্যাল জাতীয় পণ্যসমূহ প্রকৃত ব্যবহারকারী বা বিশেষায়িত সংস্থা বা প্রযুক্তিগত সক্ষমতা সম্পন্ন প্রতিষ্ঠানের কাছে সর্বোচ্চ মূল্যে বিক্রির বিধান রাখা হয়েছে। নিলাম প্রক্রিয়া সহজীকরণে জারিকৃত এ আদেশ বাস্তবায়িত হলে বন্দরে দীর্ঘদিন পড়ে থাকা কনটেইনার জট কমবে। বন্দরের কার্যক্রম নির্বিঘ্ন, সহজ, সময় সাশ্রয়ী, আমদানি-রফতানিকারকদের খরচ কমাসহ সার্বিকভাবে দেশের অর্থনীতিতে ইতিবাচক ভূমিকা রাখবে। এতে বন্দরের সুবিধাভোগীরা সুফল ভোগ করবে বলে আশা করছে এনবিআর। এ বিষয়ে বাংলাদেশ ফ্রেইট ফরোয়ার্ডার্স অ্যাসোসিয়েশনের ভাইস প্রেসিডেন্ট খায়রুল আলম সুজন বাংলা ট্রিবিউনকে বলেন, ‌‘নিলাম প্রক্রিয়া সহজ করার জন্য আমাদের দীর্ঘদিনের দাবি ছিল। সম্প্রতি এনবিআর এ বিষয়ে একটি বিশেষ আদেশ জারি করেছে। এনবিআরের এই প্রক্রিয়াকে আমরা সাধুবাদ জানাই। কোনও জটিলতার কারণে কোনও পণ্য আমদানিকারক যদি ছাড় না নেন, তাহলে দ্রুত নিলামে তোলা প্রয়োজন। তা না হলে কনটেইনারে থাকা পণ্য নষ্ট হয়। আবার নিলাম দেরিতে হলে ক্রেতা পাওয়া যায় না। একইভাবে দামও ভালো যায় না। দ্রুত নিলাম সম্পন্ন করলে ক্রেতাদের চাহিদা যেমন থাকবে পাশাপাশি শিপিং লাইনগুলো দ্রুত তাদের কনটেইনারগুলো বুঝে পাবেন। তখন তারা অন্য কাজে ব্যবহার করতে পারবেন।’   এ প্রসঙ্গে চট্টগ্রাম কাস্টমস হাউসের নিলাম শাখার সহকারী কমিশনার মো. সাকিব হোসেন বাংলা ট্রিবিউনকে বলেন, ‘এনবিআরের বিশেষ আদেশ অনুযায়ী ২০১৩ সালের ১ জানুয়ারি থেকে ২০২৩ সালের ৩১ ডিসেম্বর পর্যন্ত পুরোনো কনটেইনারগুলো নিলামে তোলার কাজ শুরু হয়েছে। গত ১০ বছরে পণ্যভর্তি সাড়ে পাঁচ হাজার কনটেইনার রয়েছে নিলামযোগ্য। এগুলো শিগগিরই নিলামে তোলা হবে। যেগুলোতে মেশিনারিজ পণ্য, ফেব্রিক্স, সুতাসহ বিভিন্ন পণ্য আছে। নিলামে সর্বোচ্চ দরদাতাকে আমরা এগুলো দিতে পারবো।’ চট্টগ্রাম বন্দর কর্তৃপক্ষের সচিব মো. ওমর ফারুক বাংলা ট্রিবিউনকে বলেন, ‘এটি ভালো প্রক্রিয়া। এতে করে বন্দরে বছরের পর বছর পড়ে থাকা পণ্যভর্তি কনটেইনার সরানোর কাজে গতি আসবে।’",2025-05-22T08:01:00+06:00
https://www.banglatribune.com///www.banglatribune.com/country/chitagong/898978/%E0%A6%A8%E0%A6%BF%E0%A6%89%E0%A6%AE%E0%A7%81%E0%A6%B0%E0%A6%BF%E0%A6%82-%E0%A6%9F%E0%A6%BE%E0%A6%B0%E0%A7%8D%E0%A6%AE%E0%A6%BF%E0%A6%A8%E0%A6%BE%E0%A6%B2-%E0%A6%AC%E0%A7%87%E0%A6%B8%E0%A6%B0%E0%A6%95%E0%A6%BE%E0%A6%B0%E0%A6%BF-%E0%A6%AE%E0%A6%BE%E0%A6%B2%E0%A6%BF%E0%A6%95%E0%A6%BE%E0%A6%A8%E0%A6%BE%E0%A6%AF%E0%A6%BC-%E0%A6%A8%E0%A6%BE-%E0%A6%A6%E0%A6%BF%E0%A6%A4%E0%A7%87,"নিউমুরিং টার্মিনাল বেসরকারি মালিকানায় না দিতে চিঠির পর বরখাস্ত, পরে প্রত্যাহার","চট্টগ্রাম বন্দরের নিউমুরিং কনটেইনার টার্মিনাল (এনসিটি) পরিচালনার দায়িত্ব বেসরকারি মালিকানায় ছেড়ে না দেওয়ার আহ্বান জানিয়ে নিজ স্বাক্ষরে পত্রিকায় খোলা চিঠি দেওয়ায় বন্দরের যান্ত্রিক বিভাগের সিনিয়র অপারেটর মো. ইয়াছিনকে সাময়িক বরখাস্ত করা হয়েছে। তিন দিন পর সেটি প্রত্যাহার করা হয়। গত ২৯ এপ্রিল চট্টগ্রাম বন্দর কর্তৃপক্ষের প্রধান প্রকৌশলী (যান্ত্রিক) এস এম হাবিবুল্লাহ আজিম স্বাক্ষরিত এক  আদেশে তাকে সাময়িক বরখাস্ত করা হয়। বরখাস্তের আদেশে বলা হয়, এনসিটি বেসরকারি মালিকানায় ছেড়ে না দেওয়ার আহ্বান জানিয়ে প্রধান উপদেষ্টা মহোদয় বরাবরে গত ২৮ এপ্রিল দৈনিক পূর্বকোণ পত্রিকায় নিজ স্বাক্ষরে একটি খোলা চিঠি প্রকাশ করা হয়। আপনি চট্টগ্রাম বন্দর কর্তৃপক্ষের অভ্যন্তরীণ বিষয় নিয়ে কর্তৃপক্ষের পূর্ব অনুমতি না নিয়ে ব্যক্তিগতভাবে এনসিটি বেসরকারি মালিকানায় না দেওয়ার জন্য উদ্যোগ নিয়েছেন; আপনার এমন কার্যকলাপে বন্দর কর্তৃপক্ষের ভাবমূর্তি ও সুনাম ক্ষুণ্ন হয়েছে। এ অবস্থায় বন্দর কর্তৃপক্ষ কর্মচারী প্রবিধানমালা-১১-এর ৪৫ বিধি মোতাবেক আপনাকে সাময়িক বরখাস্ত করা হলো। বরখাস্তকালীন সময়ে আপনি বিধি মোতাবেক খোরাকি ভাতা প্রাপ্য হবেন। যথাযথ কর্তৃপক্ষ কর্তৃক অনুমোদিত এই আদেশ অনতিবিলম্বে কার্যকর হবে। তিন দিন এই আদেশ প্রত্যাহার করা হয়েছে। এ বিষয়ে জানতে চাইলে চট্টগ্রাম বন্দর কর্তৃপক্ষের সচিব মো. ওমর ফারুক বাংলা ট্রিবিউনকে বলেন, ‘চাকরি বিধিমালা লঙ্ঘন করায় চট্টগ্রাম বন্দরের যান্ত্রিক বিভাগের সিনিয়র অপারেটর মো. ইয়াছিনকে সাময়িক বরখাস্ত করা হয়েছিল। তবে তিন দিন পর সাময়িক বরখাস্তের আদেশ পুনরায় প্রত্যাহার করা হয়েছে।’ এ ব্যাপারে জানতে বন্দরের যান্ত্রিক বিভাগের সিনিয়র অপারেটর মো. ইয়াছিনকে একাধিকবার কল দিলেও রিসিভ করেননি।",2025-05-17T20:32:58+06:00
https://www.banglatribune.com///www.banglatribune.com/country/chitagong/898270/%E0%A6%95%E0%A6%BE%E0%A6%B2%E0%A7%81%E0%A6%B0%E0%A6%98%E0%A6%BE%E0%A6%9F%E0%A7%87-%E0%A6%B9%E0%A6%9A%E0%A7%8D%E0%A6%9B%E0%A7%87-%E0%A6%A8%E0%A6%A4%E0%A7%81%E0%A6%A8-%E0%A6%B8%E0%A7%87%E0%A6%A4%E0%A7%81-%E0%A6%AD%E0%A6%BF%E0%A6%A4%E0%A7%8D%E0%A6%A4%E0%A6%BF%E0%A6%AA%E0%A7%8D%E0%A6%B0%E0%A6%B8%E0%A7%8D%E0%A6%A4%E0%A6%B0%E0%A7%87-%E0%A6%A5%E0%A6%BE%E0%A6%95%E0%A6%9B%E0%A7%87-%E0%A6%A8%E0%A6%BE,"কালুরঘাটে হচ্ছে নতুন সেতু, ভিত্তিপ্রস্তরে থাকছে না প্রধান উপদেষ্টার নাম","দক্ষিণ চট্টগ্রামের মানুষের দীর্ঘদিনের দাবি কর্ণফুলী নদীর ওপর নতুন একটি কালুরঘাট সেতু নির্মাণ। অবশেষে তাদের দাবি পূরণ হতে যাচ্ছে। আগামী বুধবার (১৪ মে) কালুরঘাট রেল ও সড়ক সেতু নির্মাণকাজের আনুষ্ঠানিক উদ্বোধন হতে যাচ্ছে। প্রকল্পের ভিত্তিপ্রস্তর স্থাপন করবেন প্রধান উপদেষ্টা অধ্যাপক ড. মুহাম্মদ ইউনূস। তবে প্রথমবারের মতো এই ভিত্তিপ্রস্তরের স্মারক ফলকে নাম থাকছে না উদ্বোধনকারীর। যেকোনো ভিত্তিপ্রস্তরের স্মারক ফলকে উদ্বোধনকারীর নাম উল্লেখ করা যেন প্রচলিত নিয়ম। প্রচলিত সেই নিয়মের পরিবর্তন হয়েছে এবার। চট্টগ্রামে এই প্রথম কোনও স্মারক ফলকে উদ্বোধনকারীর নাম রাখা হয়নি। এ বিষয়ে জানতে চাইলে রেলওয়ে পূর্বাঞ্চলের মহাব্যবস্থাপক মোহাম্মদ সুবক্তগীন বাংলা ট্রিবিউনকে বলেন, ‘আগামী বুধবার কালুরঘাট রেল ও সড়ক সেতুর ভিত্তিপ্রস্তর স্থাপন করবেন প্রধান উপদেষ্টা। তার নির্দেশনায় স্মারক ফলকে উদ্বোধনকারী হিসেবে তার নাম রাখা হয়নি। এটি ভিত্তিপ্রস্তরের স্মারক ফলকের ইতিহাসে ব্যতিক্রম। এর আগে এমনটি হয়নি। উদ্বোধনকারীর নাম রাখা ছিল প্রচলিত নিয়ম। প্রথমবার কোনও নতুন প্রকল্পের স্মারক ফলকে নাম উল্লেখ করা হয়নি। আমদের ওভাবেই নির্দেশনা দেওয়া হয়েছে। সে অনুযায়ী সব প্রস্তুতি নিয়েছি আমরা।’ রেলওয়ে সূত্র জানিয়েছে, নতুন কালুরঘাট রেল ও সড়ক সেতুর অনুষ্ঠান হবে চট্টগ্রাম সার্কিট হাউজ চত্বরে। অনুষ্ঠান আয়োজন চলবে বেলা ১১টা ৪৫ মিনিট থেকে দুপুর ১টা ১৫ মিনিট পর্যন্ত। খোঁজ নিয়ে জানা গেছে, ভিত্তিপ্রস্তর ফলক তৈরি করেছেন চট্টগ্রাম নগরের কাজির দেউরি এলাকায় অবস্থিত ‘চিটাগাং মার্বেল হাউজ’ নামের একটি প্রতিষ্ঠান। প্রতিষ্ঠানটির স্বত্বাধিকারী লুৎফুর রহমান বাংলা ট্রিবিউনকে বলেন, ‘কয়েকদিন আগে ভিত্তিপ্রস্তরের ফলকটি নির্মাণের জন্য রেলওয়ের কর্মকর্তারা অর্ডার দিয়েছেন। তারা বলেছেন, ফলকটিতে ভিত্তিপ্রস্তর স্থাপনকারীর নাম থাকবে না। আমরা বছরের পর বছর ধরে ফলক নির্মাণের কাজ করে আসছি। সবসময় উদ্বোধন বা ভিত্তিপ্রস্তর যিনি করেন, তার নামই ফলকে থাকে। এবারই প্রথম কোনও ফলক তৈরি করলাম, যেটিতে ভিত্তিপ্রস্তরকারীর নাম নেই। আসলেই ব্যতিক্রম ঘটনার সাক্ষী হলাম। টাইলস দিয়ে তৈরি ফলকটির আকার আড়াই ফুট প্রস্থ এবং চার ফুট দৈর্ঘ্য। এটি খোদাই করে তৈরি করতে দুদিন সময় লেগেছে আমার।’ রেলওয়ে জানিয়েছে, বর্তমানে কর্ণফুলী নদীর ওপর কালুরঘাটে একটি সেতু রয়েছে। এটি ১৯৩১ সালে  নির্মাণ করেছিল ব্রুনিক অ্যান্ড কোম্পানি নামের একটি প্রতিষ্ঠান। প্রথম বিশ্বযুদ্ধের পর মিয়ানমারের সঙ্গে সরাসরি রেল যোগাযোগের জন্য এটি নির্মাণ করা হয়েছিল। ৬৩৮ মিটার দীর্ঘ সেতুটি ২০০১ সালে ঝুঁকিপূর্ণ ঘোষণা করা হয়েছিল। ২০০৪ ও ২০১২ সালে দুই দফায় সংস্কার করেছিল রেলওয়ে। কক্সবাজার পর্যন্ত রেললাইন নির্মাণের পর ২০২৩ সালে ৫৫ কোটি টাকা ব্যয়ে সেতুটি আরেক দফা সংস্কার করা হয়। এরপরও অবস্থা জরাজীর্ণ। ভারী যানবাহন চলতে দেওয়া হচ্ছে না। এসব যানবাহন চলছে ফেরি দিয়ে। এ ছাড়া সেতুটি একমুখী। একদিক থেকে যানবাহন এলে অপর প্রান্তের যানবাহনগুলোকে অপেক্ষায় থাকতে হয়। এসব কারণে যাত্রী ও চালকদের ভোগান্তি পোহাতে হচ্ছে। ফলে নতুন সেতুর উদ্যোগ নেয় বর্তমান সরকার। দীর্ঘদিনের দাবি পূরণ হওয়ায় বোয়ালখালীসহ দক্ষিণ চট্টগ্রামবাসী উৎফুল্ল। ভিত্তিপ্রস্তর স্থাপনের পরদিন বৃহস্পতিবার সকাল ৯টায় কালুরঘাট সেতুর পশ্চিম প্রান্ত থেকে বোয়ালখালীর সর্বস্তরের নাগরিক সমাজ ও বোয়ালখালী কালুরঘাট সেতু বাস্তবায়ন পরিষদের যৌথ উদ্যোগে একটি আনন্দ মিছিল বের করা হবে। মিছিলটি সেতুর পশ্চিম প্রান্ত থেকে শুরু হয়ে পূর্ব প্রান্তে গিয়ে সংক্ষিপ্ত সমাবেশের মাধ্যমে শেষ হবে। প্রকল্প সংশ্লিষ্ট ও রেলওয়ের কর্মকর্তারা জানিয়েছেন, অন্তর্বর্তী সরকার ক্ষমতা গ্রহণের পর ২০২৪ সালের ৭ অক্টোবর জাতীয় অর্থনৈতিক পরিষদের নির্বাহী কমিটির (একনেক) সভায় কালুরঘাটে কর্ণফুলী নদীর ওপর রেল-কাম-রোড সেতু নির্মাণ প্রকল্পের অনুমোদন দেওয়া হয়। এতে ব্যয় ধরা হয় ১১ হাজার ৫৬০ কোটি টাকা। প্রকল্প বাস্তবায়ন করবে রেলওয়ে। ২০২৬ সালের শুরুর দিকে নতুন সেতুর কাজ শুরু হয়ে ২০৩০ সালে সেতু দিয়ে যান চলাচল শুরুর কথা আছে। প্রকল্প বাস্তবায়নের জন্য গত ফেব্রুয়ারি মাসে প্রকৌশলী আবুল কালাম চৌধুরীকে প্রকল্প পরিচালক হিসেবে নিয়োগ দেওয়া হয়। এর আগে তিনি দোহাজারী-কক্সবাজার রেললাইন প্রকল্পের অতিরিক্ত প্রকল্প পরিচালক হিসেবে দায়িত্ব পালন করেছেন। রেলওয়ে সূত্র জানিয়েছে, সেতু নির্মাণের জন্য দক্ষিণ কোরিয়ার কাছ থেকে সহজ শর্তে ৮১ কোটি ৪৯ লাখ ১০ হাজার ডলার ঋণ পাচ্ছে বাংলাদেশ। যা বাংলাদেশি নয় হাজার ৫৩৪ কোটি ৪৪ লাখ ৭০ হাজার টাকা (প্রতি ডলার ১১৭ টাকা হিসাবে)। এর মধ্যে দক্ষিণ কোরিয়ার ইকোনমিক ডেভেলপমেন্ট কোঅপারেশন ফান্ড (ইডিসিএফ) থেকে ৭২ কোটি ৪৭ লাখ ৩০ হাজার ডলার এবং ইকোনমিক ডেভেলপমেন্ট প্রমোশন ফ্যাসিলিটি (ইডিপিএস) তহবিল থেকে নয় কোটি এক লাখ ৮০ হাজার ডলার দেওয়া হবে। সেতুর প্রস্তাবিত নকশা অনুযায়ী, কর্ণফুলী নদীর ওপর বিদ্যমান রেল সেতুর ৭০ মিটার উজানে নতুন সেতু নির্মিত হবে। দুই পাশে দুই লেন করে চার লেনের সেতু তৈরি হবে। এক পাশে চলবে ট্রেন, অপর পাশে বাস-ট্রাকসহ সাধারণ যানবাহন চলবে। মূল সেতুর দৈর্ঘ্য ৭০০ মিটার। পানি থেকে সেতুর উচ্চতা ১২ দশমিক ২ মিটার। ভায়াডাক্টসহ সেতুর দৈর্ঘ্য হবে প্রায় ছয় কিলোমিটার। সমীক্ষা প্রতিবেদন অনুযায়ী, সেতু দিয়ে চট্টগ্রাম-কক্সবাজার রুটে প্রতিদিন ২০ জোড়া ট্রেন এবং দিনে প্রায় ১৫ হাজার যানবাহন চলাচল করবে। এর মাধ্যমে আনুমানিক ১০ মিলিয়ন মানুষ সরাসরি উপকৃত হবেন। সাড়ে তিন দশকের বেশি সময় ধরে দক্ষিণ চট্টগ্রামের কোটি মানুষ কালুরঘাটে নতুন সেতুর অপেক্ষায় আছেন।    এ বিষয়ে প্রকল্প পরিচালক প্রকৌশলী আবুল কালাম চৌধুরী বাংলা ট্রিবিউনকে বলেন, ‘ইতিমধ্যে সেতু নির্মাণের জন্য পরামর্শক নিয়োগ প্রক্রিয়া শুরু হয়েছে। এরপর ডিজাইন চূড়ান্ত করা হবে। সব ঠিক থাকলে ২০৩০ সালে সেতু দিয়ে যানবাহন ও ট্রেন চলাচল করবে বলে আশা করা যায়।’ তিনি আরও বলেন, ‘বুধবার সেতুর ভিত্তিপ্রস্তর স্থাপন করবেন মাননীয় প্রধান উপদেষ্টা। তার নির্দেশনা মেনে ভিত্তিপ্রস্তরের ফলকে প্রধান উপদেষ্টার নাম রাখা হয়নি। এটি আমার দেখা প্রথম কোনও ব্যতিক্রমী নামফলক।’ রেলওয়ের কর্মকর্তাদের সঙ্গে কথা বলে জানা যায়, সংস্কারকাজ শেষে প্রায় ১৫ মাস পর গত ২৭ অক্টোবর যান চলাচলের জন্য খুলে দেওয়া হয় চট্টগ্রামের পুরাতন কালুরঘাট সেতু। বহু বছরের পুরোনো হওয়ায় সেতুটি দিয়ে ৮ ফুট উচ্চতার বেশি গাড়ি চলাচল করতে দেওয়া হয় না। সংস্কারকাজের জন্য ২০২৩ সালের ১ আগস্ট সেতু দিয়ে সব ধরনের যান চলাচল বন্ধ করে দিয়েছিল রেলওয়ে কর্তৃপক্ষ। ঠিকাদারি প্রতিষ্ঠান ম্যাক্স ইনফ্রাস্ট্রাকচার লিমিটেডকে ৪৩ কোটি টাকার সংস্কারকাজের জন্য কার্যাদেশ দেওয়া হয়। কাজের জন্য সময় বেঁধে দেওয়া হয়েছিল ছয় মাস। কিন্তু এই সময়ের মধ্যে কাজ শেষ করতে ব্যর্থ হয় ঠিকাদারি প্রতিষ্ঠান। আর্থিক সংকট, দেশের রাজনৈতিক পরিস্থিতি এবং প্রাকৃতিক কারণে সংস্কারকাজ বিলম্ব হয় বলে দাবি করে রেলওয়ে ও ঠিকাদারি প্রতিষ্ঠান। কর্ণফুলী নদীর ওপর নির্মিত এই সেতু দিয়ে চট্টগ্রামের বোয়ালখালী এবং পটিয়া ও রাঙ্গুনিয়ার একটি অংশের মানুষ চট্টগ্রাম নগরে আসা-যাওয়া করে থাকেন।  এরই মধ্যে চট্টগ্রামের দোহাজারী থেকে কক্সবাজার পর্যন্ত নতুন রেললাইন নির্মাণ করে রেলওয়ে। ঢাকাসহ দেশের বিভিন্ন অঞ্চলের সঙ্গে ট্রেন চলাচল নির্বিঘ্ন করতে ৯৩ বছরের পুরোনো এই সেতু সংস্কারের উদ্যোগ নেওয়া হয়। সংস্কারকাজ শুরুর তিন মাসের মধ্যে ট্রেন চলাচলের উপযোগী হয়। ২০২৩ সালের নভেম্বরে পরীক্ষামূলক ট্রেন চালানো হয়। আর ১ ডিসেম্বর থেকে এই লাইনে বাণিজ্যিক ট্রেন চলাচল শুরু হয়। মাঝেমধ্যে সেতুটি ঝুঁকিপূর্ণ হয়ে উঠায় এবং সংস্কারের প্রয়োজন পড়ায় দুর্ভোগের সৃষ্টি হওয়ার কারণে নতুন একটি সেতুর দাবি জানিয়ে আসছিল স্থানীয়রা। অবশেষে তাদের দাবি পূরণ হতে চলছে।",2025-05-13T08:01:00+06:00
https://www.banglatribune.com///www.banglatribune.com/entertainment/900978/%E0%A6%8F%E0%A6%87-%E0%A6%88%E0%A6%A6%E0%A7%87-%E0%A6%86%E0%A6%AC%E0%A6%BE%E0%A6%B0-%E0%A6%AC%E0%A6%B8%E0%A6%9B%E0%A7%87-%E2%80%98%E0%A6%9A%E0%A6%BE%E0%A6%81%E0%A6%A6%E0%A7%87%E0%A6%B0-%E0%A6%B9%E0%A6%BE%E0%A6%9F%E2%80%99,এই ঈদে আবার বসছে ‘চাঁদের হাট’!,"২০২৪ সালের ঈদুল আজহায় মুক্তিপ্রাপ্ত ‘চাঁদের হাট’ নাটকটি ইউটিউব ট্রেন্ডিংয়ে শীর্ষে ছিল বেশ কিছুদিন। এটি দেখা হয়েছে প্রায় ২ কোটি বার। আসন্ন ঈদুল আজহায় আসছে এর সিক্যুয়েল ‘চাঁদের হাট ২’। এবারও চাঁদ চরিত্রে অভিনয় করেছেন তৌসিফ মাহবুব। পূর্ণিমা চরিত্রে দেখা যাবে যথারীতি কেয়া পায়েলকে। ‘চাঁদের হাট’ নাটকটি রচনা ও পরিচালনা করেন কে এম সোহাগ রানা। এবারও তিনিই লিখেছেন ও পরিচালনা করেছেন। তার কথায়, ‘গরুর হাটকে কেন্দ্র করে কমেডি, প্রেম ও মানবিকতার সম্মিলনে দারুণ একটি গল্প থাকছে। হাস্যরসের মোড়কে কিছু বার্তা রয়েছে এতে।’ চাঁদের মায়ের চরিত্রে মনিরা আক্তার মিঠু ও পূর্ণিমার মামার ভূমিকায় ফিরছেন ডা. এজাজুল ইসলাম। এতে আরও অভিনয় করেছেন এমএনইউ রাজু, এবি রোকনসহ অনেকে। সম্প্রতি নাটকটির শুটিং হয়েছে। চিত্রগ্রহণে আদিত্য মনির। ‘চাঁদের হাট ২’ প্রযোজনা করেছেন নির্মাতা মুহাম্মদ মোস্তফা কামাল রাজ। এবারের পর্ব নিয়েও তিনি আশাবাদী। তার বিশ্বাস, ‘দর্শকরা একইসঙ্গে আনন্দ ও শিক্ষণীয় কিছু খুঁজে পাবেন এই নাটকে।’ ইউটিউবে সিনেমাওয়ালা চ্যানেলে আগামী ৭ জুন ঈদের দিন মুক্তি পাবে ‘চাঁদের হাট ২’।",2025-05-30T16:29:11+06:00
https://www.banglatribune.com///www.banglatribune.com/entertainment/900976/%E0%A7%A7-%E0%A6%AE%E0%A6%BF%E0%A6%A8%E0%A6%BF%E0%A6%9F%E0%A7%87%E0%A6%B0-%E2%80%98%E0%A6%9F%E0%A6%97%E0%A6%B0%E2%80%99,১ মিনিটের ‘টগর’,"মাত্র এক মিনিট দৈর্ঘ্যেই ধরা দিয়েছে প্রেম, সংগ্রাম, সম্পর্ক, টানাপোড়েন, রাজনীতি এবং প্রতিশোধের পূর্ণদৈর্ঘ্য রূপরেখা। আলোক হাসান পরিচালিত ও এআর মুভি নেটওয়ার্ক প্রযোজিত ‘টগর’-এর টিজার প্রকাশের পর থেকেই আলোচনার কেন্দ্রে।   শুরুতেই সংলাপ—‘জয়িতা কোনও রক্ষিতা নয়, জয়িতা আমার বউ’—দর্শকদের আবেগে ঝাঁকুনি দিয়েছে। এতে বোঝা যায়, টগর কোনও একক চরিত্রের গল্প নয়, বরং বহুস্তর বিশিষ্ট কাহিনি। পূজা চেরী অভিনীত জয়িতা চরিত্রটি যেমন চোখে লেগে থাকে, তেমনি সুমন আনোয়ার, আজাদ আবুল কালাম ও রোজি সিদ্দিকীর সংক্ষিপ্ত ঝলকেও বোঝা যায়, তাদের উপস্থিতি গল্পে গুরুত্বপূর্ণ।  ভাইরাল হওয়ার মতো আরেকটি সংলাপ—‘আচ্ছা টগর, আমগো বাপ মা নাই ক্যান?’—গভীর শ্রেণিচেতনামূলক বাস্তবতা তুলে ধরে। টিজারের ব্যাকগ্রাউন্ড মিউজিক ও সংলাপ নিখুঁত, যা আবহ তৈরিতে বড় ভূমিকা রেখেছে। এটি নিছক একটি অ্যাকশন বাণিজ্যিক ছবি নয়, বরং গল্পনির্ভর একটি কনটেন্ট-ড্রিভেন সিনেমার ইঙ্গিত দিয়েছে টিজারটি।  সিনেমাটি প্রযোজনা করেছেন রণক ইকরাম। পরিবেশনা করছে এআর মুভি নেটওয়ার্ক। সিনেমাটি ঈদুল আজহায় মুক্তি পেতে যাচ্ছে সারাদেশে।    ",2025-05-30T16:13:56+06:00
https://www.banglatribune.com///www.banglatribune.com/entertainment/900954/%E0%A6%B8%E0%A6%BF%E0%A6%8F%E0%A6%AE%E0%A6%AD%E0%A6%BF-%E0%A6%9B%E0%A7%81%E0%A6%81%E0%A7%9F%E0%A7%87%E0%A6%9B%E0%A7%87-%E0%A7%A7%E0%A7%A6-%E0%A6%AE%E0%A6%BF%E0%A6%B2%E0%A6%BF%E0%A7%9F%E0%A6%A8%E0%A7%87%E0%A6%B0-%E0%A6%AE%E0%A6%BE%E0%A6%87%E0%A6%B2%E0%A6%AB%E0%A6%B2%E0%A6%95,১০ মিলিয়নের মাইলফলক!,"নাটক ও গান প্রকাশে অনেক দিন ধরেই দেশের শীর্ষ প্রযোজনা-পরিবেশনা প্রতিষ্ঠান হিসেবে কাজ করে চলেছে সিএমভি (সেন্ট্রাল মিউজিক অ্যান্ড ভিডিও)। শুরু থেকেই প্রতিষ্ঠানটি গুণগত মানের কনটেন্ট তৈরি ও প্রকাশের বিষয়ে সচেতন। যাদের লক্ষ্য বৈশ্বিক বাজারে বাংলাদেশের নাটক ও গান ছড়িয়ে দেওয়া। তারই প্রতিধ্বনি হিসেবে প্রতিষ্ঠানটির ভেরিফায়েড ফেসবুক পেজ ‘সিএমভি মিউজিক’ সম্প্রতি অতিক্রম করেছে ১০ মিলিয়ন ফলোয়ারের বিশাল মাইলফলক। যে মাইলফলক সচরাচর ছোঁয়ার ঘটনা ঘটে না নাটক ও মিউজিক ইন্ডাস্ট্রিতে। খোঁজ নিয়ে জানা গেছে, সিএমভি’র বাইরে এর আগে একমাত্র প্রযোজনা প্রতিষ্ঠান হিসেবে এই মাইলফলক অতিক্রম করেছিলো ঈগল মিউজিক। সে হিসেবে সিএমভি’র এই অর্জন ইন্ডাস্ট্রির জন্য দ্বিতীয় সর্বোচ্চ ঘটনা। সিএমভি’র প্রধান এসকে সাহেদ আলী পাপ্পু এমন অর্জনে দারুণ স্বস্তি প্রকাশ করেছেন। তিনি বলেন, ‘দর্শক-শ্রোতারাই আমাদের সম্পদ। বিশেষ করে ফেসবুক ও ইউটিউবের ফলোয়ারদের নিরন্তর সাপোর্টের কারণেই এই ইন্ডাস্ট্রি টিকে আছে। আমি মনে করি, ফেসবুকের এই ১০ মিলিয়ন ফলোয়ারই আমাদের মূল শক্তি। তাদের কথা ভেবে আমরা প্রতিনিয়ত ভালো ভালো কনটেন্ট তৈরির উৎসাহ পাই। ধন্যবাদ জানাই প্রিয় ফলোয়ারদের।’ জানা গেছে, বরাবরের মতো এই ঈদেও সিএমভি’র ব্যানারে মুক্তি পাচ্ছে অন্তত একডজন বিশেষ কনটেন্ট। যা চাঁদরাত থেকে উন্মুক্ত হতে থাকবে প্রতিষ্ঠানটির ইউটিউব চ্যানেলে।",2025-05-30T13:43:04+06:00
https://www.banglatribune.com///www.banglatribune.com/entertainment/900939/%E0%A6%AA%E0%A7%8D%E0%A6%B0%E0%A6%A5%E0%A6%AE-%E2%80%98%E0%A6%8F%E0%A6%95%E0%A7%8D%E0%A6%B8%E0%A6%BF%E0%A6%B2%E0%A7%87%E0%A6%A8%E0%A7%8D%E0%A6%B8-%E0%A6%87%E0%A6%A8-%E0%A6%B8%E0%A6%BE%E0%A6%95%E0%A6%B8%E0%A7%87%E0%A6%B8-%E0%A6%85%E0%A7%8D%E0%A6%AF%E0%A6%BE%E0%A6%93%E0%A7%9F%E0%A6%BE%E0%A6%B0%E0%A7%8D%E0%A6%A1%E2%80%99-%E0%A6%AA%E0%A7%87%E0%A6%B2%E0%A7%87%E0%A6%A8-%E0%A6%AF%E0%A6%BE%E0%A6%B0%E0%A6%BE,প্রথম ‘এক্সিলেন্স ইন সাকসেস অ্যাওয়ার্ড’ পেলেন যারা,"দেশের বিভিন্ন অঙ্গনের সফল মানুষদের স্বীকৃতি জানাতে যাত্রা হলো ‘এক্সিলেন্স ইন সাকসেস অ্যাওয়ার্ড’-এর। প্রথম আসরেই যার ঝলমলে প্রতিচ্ছবি মিলেছে। এতে অংশ নিয়েছেন দেশের নন্দিত ও গুণী শিল্পী-কুশলী-সাংবাদিক ও উদ্যোক্তারা। ওয়ার্ল্ড অব ইউনিটি আয়োজিত ঊর্মি ইসলামের উদ্যোগে অনুষ্ঠানটি গত ২৬ মে রাজধানীর একটি চার তারকা হোটেলে সফলভাবে সম্পন্ন হয়। এতে বিভিন্ন পেশাজীবী সফল ব্যক্তিদের পাশাপাশি শোবিজের একঝাঁক তারকা শিল্পী পুরস্কৃত হয়েছেন।                                    											jwARI.fetch( $( ""#ari-image-jw6839d916eae77"" ) );
            ‘এক্সিলেন্স ইন সাকসেস অ্যাওয়ার্ড ২০২৫’-এ আজীবন সম্মাননা প্রদান করা হয়েছে বর্ষীয়ান অভিনেত্রী দিলারা জামানকে। এছাড়া চলচ্চিত্রশিল্পে বিশেষ অবদানের জন্য পুরস্কার পেয়েছেন প্রখ্যাত অভিনেত্রী রোজিনা ও নূতন।                                    											jwARI.fetch( $( ""#ari-image-jw6839d916eaeb3"" ) );
            অভিনয়ের জন্য ‘এক্সিলেন্স ইন সাকসেস অ্যাওয়ার্ড ২০২৫’ পেয়েছেন জনপ্রিয় অভিনেত্রী রুনা খান (ওটিটি), কাজী নওশাবা আহমেদ ও শিরিন শিলা (চলচ্চিত্র), আশনা হাবিব ভাবনা ও স্বর্ণলতা দেবনাথ (টিভি নাটক) এবং সুষমা সরকার (থিয়েটার)। তারা প্রত্যেকে অনুষ্ঠানে এসে পুরস্কার গ্রহণ করেছেন এবং উচ্ছ্বসিত প্রশংসা করেছেন এই উদ্যোগের।                                     											jwARI.fetch( $( ""#ari-image-jw6839d916eaedf"" ) );
            এদিকে ‘এক্সিলেন্স ইন সাকসেস অ্যাওয়ার্ড ২০২৫’ আয়োজনে শ্রেষ্ঠ গীতিকবির স্বীকৃতি পেয়েছেন মাহমুদ মানজুর। শ্রেষ্ঠ সংগীতশিল্পীর পুরস্কার পেয়েছেন মনির খান ও আঁখি আলমগীর। সংগীত পরিচালক হিসেবে ক্যারিয়ারের প্রথম পুরস্কারটি পেলেন সাজিয়া সুলতানা পুতুল                                    											jwARI.fetch( $( ""#ari-image-jw6839d916eaf0b"" ) );
            আয়োজনে দেওয়া হয়েছে সেরা বিনোদন সাংবাদিকের পুরস্কারও। যাতে পুরস্কৃত হয়েছেন দৈনিক পত্রিকা থেকে অনিন্দ্য মামুন (সমকাল) ও জাহিদুল ইসলাম (ডেইলি সান)। টেলিভিশন সাংবাদিকতায় আলী আফতাব ভূঁইয়া (চ্যানেল ২৪) এবং স্টাইলিশ সাংবাদিক হিসেবে পুরস্কার পেয়েছেন আল মাসিদ রণ (বার্তা২৪.কম)।                                     											jwARI.fetch( $( ""#ari-image-jw6839d916eaf37"" ) );
            এর বাইরে সেরা মডেল হিসেবে পুরস্কার পেয়েছেন জেবা জান্নাত। সেরা নৃত্যপরিচালকের পুরস্কার গেছে জনপ্রিয় নৃত্যশিল্পী সোহেল রহমানের হাতে।    এই পুরস্কার প্রদানের ফাঁকে ফাঁকে ছিলো জমকালো ফ্যাশন শো এবং নৃত্য পরিবেশনা।                                    											jwARI.fetch( $( ""#ari-image-jw6839d916eaf60"" ) );
            ",2025-05-30T11:56:09+06:00
https://www.banglatribune.com///www.banglatribune.com/entertainment/900841/%E0%A6%A6%E0%A7%87%E0%A6%B6%E0%A7%87%E0%A6%B0-%E0%A6%AA%E0%A6%B0%E0%A7%8D%E0%A6%A6%E0%A6%BE%E0%A7%9F-%E0%A6%B2%E0%A6%BF%E0%A6%B2%E0%A7%8B-%E0%A6%93-%E0%A6%B8%E0%A7%8D%E0%A6%9F%E0%A6%BF%E0%A6%9A%E0%A7%87%E0%A6%B0-%E0%A6%97%E0%A6%B2%E0%A7%8D%E0%A6%AA,দেশের পর্দায় লিলো ও স্টিচের গল্প,"দেশের পর্দায় দেখা যাবে বিশ্বখ্যাত ডিজনির লাইভ-অ্যাকশন সায়েন্স ফিকশন কমেডি সিনেমা ‘লিলো অ্যান্ড স্টিচ’। আজ, ৩০ মে স্টার সিনেপ্লেক্সের সবগুলো শাখায় সিনেমাটি মুক্তি পেতে যাচ্ছে।  নিশ্চিত করেছেন স্টারের গণমাধ্যম মুখপাত্র মেসবাহ উদ্দিন আহমেদ।  ২০০২ সালের অ্যানিমেটেড ক্লাসিকের পুনঃনির্মাণ এটি। নতুন এই সংস্করণটি মূল গল্পের আবেগ ও বার্তা বজায় রেখে আরও আধুনিক রূপে উপস্থাপন করা হয়েছে। মার্কিন নির্মাতা ডিন ফ্লেইশার ক্যাম্প ছবিটি পরিচালনা করেছেন। গত ২৩ মে আন্তর্জাতিকভাবে মুক্তি পেয়েছে ছবিটি।  মুক্তির প্রথম সপ্তাহেই ছবিটি যুক্তরাষ্ট্রে ১৮৩ মিলিয়ন এবং বিশ্বব্যাপী ৩৪১ মিলিয়ন ডলার আয় করেছে। তবে, কিছু সমালোচক মূল অ্যানিমেটেড সংস্করণের গভীরতা ও আবেগঘন মুহূর্তগুলোর অভাব অনুভব করেছেন। বিশেষ করে, স্টিচের চরিত্রকে কমিক রিলিফে পরিণত করা এবং মূল গল্পের কিছু গুরুত্বপূর্ণ অংশ পরিবর্তন করায় ভক্তদের মধ্যে মিশ্র প্রতিক্রিয়া দেখা যাচ্ছে।  মূল চলচ্চিত্রের প্রধান ভিলেন ক্যাপ্টেন গ্যান্টুকে এই সংস্করণে অন্তর্ভুক্ত করা হয়নি। পরিবর্তে, ড. জুম্বাকে ভিলেন চরিত্রে উপস্থাপন করা হয়েছে, যিনি স্টিচকে পুনরুদ্ধার করতে চান। নতুন চরিত্র হিসেবে টুটু নামের এক বৃদ্ধা প্রতিবেশীকে যুক্ত করা হয়েছে, যিনি লিলো ও নানির জীবনে গুরুত্বপূর্ণ ভূমিকা পালন করেন। সিনেমার কেন্দ্রীয় চরিত্র ছয় বছর বয়সী হাওয়াইয়ান মেয়ে লিলো পেলেকাই, যিনি হুলা নৃত্য ও সার্ফিং ভালোবাসেন। গল্পে দেখা যাবে, গ্যালাক্সির এক দূরবর্তী গ্রহে, বিজ্ঞানী ড. জুম্বা জুকিবা অবৈধ জেনেটিক পরীক্ষার মাধ্যমে একটি শক্তিশালী ও ধ্বংসাত্মক প্রাণী এক্সপেরিমেন্ট ৬২৬ (পরবর্তীতে স্টিচ নামে পরিচিত) তৈরি করেন। ৬২৬ পালিয়ে গিয়ে হাওয়াইয়ের কাউআই দ্বীপে অবতরণ করে। সেখানে, একাকী ও বিদ্রোহী স্বভাবের হাওয়াইয়ান মেয়ে লিলো পেলেকাই তাকে একটি কুকুর ভেবে দত্তক নেয় এবং নাম দেয় ‘স্টিচ’। লিলো ও তার বড় বোন নানি তাদের পরিবার হারানোর পর একসাথে বসবাস করে। নানি লিলোর দেখাশোনা করে, তবে সামাজিক কর্মী মিসেস কেকোয়া তাদের পারিবারিক পরিস্থিতি নিয়ে উদ্বিগ্ন। স্টিচের উপস্থিতি তাদের জীবনে অপ্রত্যাশিত পরিবর্তন আনে। স্টিচের নির্মাতা ড. জুম্বা ও তার সঙ্গী প্লিকলি তাকে পুনরুদ্ধার করতে পৃথিবীতে আসে, যা লিলো ও নানির জীবনে আরও জটিলতা সৃষ্টি করে। ছবির শেষভাগে, স্টিচ নিজের আত্মত্যাগের মাধ্যমে লিলোকে বাঁচায় এবং তার পরিবর্তনের প্রমাণ দেয়। গ্র্যান্ড কাউন্সিলওম্যান স্টিচের এই পরিবর্তন দেখে তাকে পৃথিবীতে থাকার অনুমতি দেয় এবং জুম্বাকে পুনরায় গ্রেফতার করে।",2025-05-30T00:36:00+06:00
https://www.banglatribune.com///www.banglatribune.com/entertainment/bollywood/900854/%E0%A6%B2%E0%A6%BF%E0%A6%93%E0%A6%B0-%E0%A6%9A%E0%A7%8B%E0%A6%96%E0%A7%87-%E2%80%98%E0%A6%95%E0%A6%BE%E0%A6%A8%E0%A7%87%E0%A6%B0-%E0%A6%B0%E0%A6%BE%E0%A6%A8%E0%A7%80%E2%80%99-%E0%A6%A4%E0%A6%AC%E0%A7%81-%E0%A6%95%E0%A6%9F%E0%A6%BE%E0%A6%95%E0%A7%8D%E0%A6%B7%E0%A7%87%E0%A6%B0-%E0%A6%B6%E0%A6%BF%E0%A6%95%E0%A6%BE%E0%A6%B0-%E0%A6%89%E0%A6%B0%E0%A7%8D%E0%A6%AC%E0%A6%B6%E0%A7%80,"লিওর চোখে ‘কানের রানী’, তবু কটাক্ষের শিকার উর্বশী","৭৮তম কান চলচ্চিত্র উৎসব খুব একটা সুখকর হয়নি উর্বশী রাউতেলার জন্য। কারণ, তিনি যাই করেছেন, যে পোশাকই পরেছেন, তার জন্য সমালোচিত হয়েছেন। একদিন তো কানের লালগালিচায় ছেঁড়া পোশাক পরেও উপস্থিত হন তিনি! এসব নিয়ে কম কথা শুনতে হয়নি তাকে। তবে উর্বশী এবার দিলেন চমকে যাওয়ার মতো খবর। তাকে নাকি ‘টাইটানিক’ অভিনেতা লিওনার্দো ডিক্যাপ্রিও বলেছেন, ‘কানের রানী’। অন্তত উর্বশী এমনটাই দাবি করছেন।    A post shared by URVASHI RAUTELA (@urvashirautela) বৃহস্পতিবার (২৯ মে) ইনস্টাগ্রামে হলিউড সুপারস্টারের সাথে দু’টি সেলফি শেয়ার করেছেন এই বলি তারকা। ছবিতে উর্বশীকে হাসতে দেখা যাচ্ছে। অন্যদিকে লিওনার্দো থাম্বস আপ দেখাচ্ছেন। ছবির ক্যাপশনে উর্বশী লিখেছেন, ‘যখন লিওনার্দো ডিক্যাপ্রিও তোমাকে কানের রানী বলে ডাকে! ধন্যবাদ, লিও... এটি একটি টাইটানিক প্রশংসা!’                                    											jwARI.fetch( $( ""#ari-image-jw6839d919c91f4"" ) );
            এই পোস্ট মুহূর্তের মধ্যেই ভাইরাল হয়ে গেছে। আর যায় কোথায়! পোস্ট দেখে এই বলি তারকার সমালোচনা করার সুযোগ হাতছাড়া করেননি নেটিজেনরা। একজন লিখেছেন, ‘লিও কি জানে যে, সে তোমাকে কানের রানী বলেছে?!’ আরেকজন মন্তব্য করেছেন, ‘সবসময় অতি আত্ম-আবেগে ভাসে!’ অন্য আরেকজন মন্তব্য করেছেন, ‘কী দেখে তোমাকে সে রানী বললেন!’                                    											jwARI.fetch( $( ""#ari-image-jw6839d919c923b"" ) );
            বলা প্রয়োজন, গত সপ্তাহে মর্যাদাপূর্ণ কান চলচ্চিত্র উৎসবে উর্বশী রাউতেলা অংশ নেন। দ্বিতীয়দিনের জন্য তিনি যখন লালগালিচায় হাজির হন, তার পোশাকটি নিয়ে সমালোচনার ঝড় ওঠে। তার আন্ডারআর্মের কাছে একটি ছিদ্র নজরে পড়ে সবার। এতেই সমালোচিত হন উর্বশী। সুত্র: এনডিটিভি",2025-05-29T19:39:07+06:00
https://www.banglatribune.com///www.banglatribune.com/entertainment/900828/%E0%A6%B8%E0%A6%99%E0%A7%8D%E0%A6%97%E0%A7%87-%E0%A6%AE%E0%A7%8B%E0%A6%B6%E0%A6%BE%E0%A6%B0%E0%A6%B0%E0%A6%AB-%E0%A6%B9%E0%A6%BF%E0%A6%AE%E0%A6%BF-%E0%A6%93-%E0%A6%A4%E0%A7%8C%E0%A6%B8%E0%A6%BF%E0%A6%AB-%E0%A6%AA%E0%A6%BE%E0%A7%9F%E0%A7%87%E0%A6%B2,সঙ্গে মোশাররফ-হিমি ও তৌসিফ-পায়েল,"উৎসব ঘিরে বিভিন্ন টেলিভিশনের পাশাপাশি নানা আয়োজন থাকে ইউটিউব চ্যানেলগুলোতেও। সেই ধারাবাহিকতায় আসন্ন ঈদুল আজহায় বিশেষ নাটক নিয়ে দর্শকদের সামনে আসছে ব্লুবেল ফিল্মস নামের নতুন একটি প্রতিষ্ঠান। এই নতুন পথচলায় প্রতিষ্ঠানটি সঙ্গে পেয়েছে মোশাররফ করিমের মতো অভিনেতা আর তৌসিফ মাহবুবের উদীয়মান টিভি নায়কদের।   তাদের দুজনকে নিয়ে ‘জামাই বেশি বুঝে’ ও ‘চিড়িয়াঘর’ নামে দুটি নাটকের শুটিং শেষ হয়েছে ইতিমধ্যে। কমেডি গল্পে ‘জামাই বেশি বুঝে’ নাটকটিতে জুটি বেঁধে অভিনয় করেছেন মোশাররফ করিম ও জান্নাতুল সুমাইয়া হিমি। এটি পরিচালনা করেছেন সোহেল হাসান। অন্যদিকে, পারিবারিক গল্পে সাজ্জাদ হোসেন বাপ্পি পরিচালিত ‘চিড়িয়াঘর’-এ অভিনয় করেছেন তৌসিফ মাহবুব ও কেয়া পায়েল।  ব্লুবেল ফিল্মসের কর্ণধার বলেন, ‘আমাদের প্রোডাকশন হাউজটি মাত্রই যাত্রা করেছে। এরমধ্যে পাঁচটি নাটক প্রচার হয়েছে। এবার ঈদে থাকছে তিনটি নাটক। প্রতিটা গল্পে দর্শক ভিন্ন কিছু পাবে। চেষ্টা থাকবে দর্শকদের ভালো ভালো নাটক উপহার দেওয়ার।’  জানা গেছে, নাটকগুলো ঈদুল আজহায় ব্লুবেল ফিল্মসের ইউটিউব চ্যানেলে উন্মুক্ত হবে।",2025-05-29T18:14:17+06:00
https://www.banglatribune.com///www.banglatribune.com/country/901020/%E2%80%98%E0%A6%A8%E0%A6%BF%E0%A6%B0%E0%A7%8D%E0%A6%AC%E0%A6%BE%E0%A6%9A%E0%A6%A8%E0%A7%87%E0%A6%B0-%E0%A6%B0%E0%A7%8B%E0%A6%A1%E0%A6%AE%E0%A7%8D%E0%A6%AF%E0%A6%BE%E0%A6%AA-%E0%A6%98%E0%A7%8B%E0%A6%B7%E0%A6%A3%E0%A6%BE-%E0%A6%95%E0%A6%B0%E0%A6%BE-%E0%A6%B9%E0%A6%B2%E0%A7%87-%E0%A6%A6%E0%A7%87%E0%A6%B6%E0%A7%87%E0%A6%B0,‘নির্বাচনের রোডম্যাপ ঘোষণা করা হলে দেশের অস্থিতিশীল পরিবেশ স্বাভাবিক হবে’,"‘আগামী ডিসেম্বরের মধ্যে দিন-তারিখসহ নির্বাচনের রোডম্যাপ ঘোষণা করা হলে দেশে বিরাজমান অস্থিতিশীল পরিবেশ স্বাভাবিক হবে’ বলে মন্তব্য করেছেন বিএনপির যুগ্ম মহাসচিব খায়রুল কবির খোকন। শুক্রবার (৩০ মে) সন্ধ্যায় নরসিংদী শিশু একাডেমিতে অনুষ্ঠিত শহীদ প্রেসিডেন্ট জিয়াউর রহমানের ৪৪তম শাহাদাত বার্ষিকী উপলক্ষে জেলা বিএনপি আয়োজিত এক আলোচনা সভায় তিনি এই মন্তব্য করেন। অনুষ্ঠানে প্রধান অতিথির বক্তব্যে খায়রুল কবির খোকন আরও বলেন, ‘জনগণ নির্বাচন চাচ্ছে। নির্বাচন পেছানো হলে দেশে অস্থিতিশীল পরিস্থিতি তৈরি হবে। যদি আওয়ামী লীগ পুনরায় দেশে ফিরে আসে তবে বর্তমান সরকার দায়ী হবে।’ তিনি বলেন, ‘সংস্কার একটি চলমান প্রক্রিয়া, এটি জাতীয় নির্বাচনের বিকল্প হতে পারে না।’ প্রয়োজনে নির্বাচনের জন্য বাংলাদেশের জনগণ আবার রাস্তায় নামতে বাধ্য হবে বলেও হুশিয়ারি দেন তিনি। নরসিংদী জেলা বিএনপির সাধারণ সম্পাদক মনজুর এলাহীর সঞ্চালনায় অনুষ্ঠানে বিএনপি ও অঙ্গ-সংগঠনের নেতাকর্মীরা উপস্থিত ছিলেন।   ",2025-05-30T21:43:40+06:00
https://www.banglatribune.com///www.banglatribune.com/country/901007/%E0%A6%AE%E0%A6%BE%E0%A6%A8%E0%A7%81%E0%A6%B7%E0%A7%87%E0%A6%B0-%E0%A6%9A%E0%A6%BE%E0%A6%93%E0%A7%9F%E0%A6%BE-%E0%A6%AA%E0%A6%BE%E0%A6%93%E0%A7%9F%E0%A6%BE%E0%A6%B0-%E0%A6%93%E0%A6%AA%E0%A6%B0-%E0%A6%AD%E0%A6%BF%E0%A6%A4%E0%A7%8D%E0%A6%A4%E0%A6%BF-%E0%A6%95%E0%A6%B0%E0%A7%87%E0%A6%87-%E0%A6%8F%E0%A6%A8%E0%A6%B8%E0%A6%BF%E0%A6%AA%E0%A6%BF,মানুষের চাওয়া-পাওয়ার ওপর ভিত্তি করেই এনসিপি ইশতেহার ঘোষণা করবে: সারজিস আলম,"জাতীয় নাগরিক পার্টির (এনসিপি) উত্তরাঞ্চলের মুখ্য সংগঠক সারজিস আলম বলেছেন, ‘আমরা দেশের সব পর্যায়ের মানুষের দুঃখ-দুর্দশার কথা শুনছি। সারা দেশে দ্রব্যমূল্যের সিন্ডিকেট খেটে খাওয়া এসব মানুষের অবস্থা নাভিশ্বাস করে তুলছে। খেটে খাওয়া মানুষরা যে আয় করেন তা দিয়ে সংসার চলে কিনা তা জানার চেষ্টা করছি। মানুষের চাওয়া-পাওয়ার ওপর ভিত্তি করেই আগামীতে এনসিপি ইশতেহার ঘোষণা করবে।’ শুক্রবার (৩০ মে) দুপুরে বৈরী আবহাওয়ার মাঝে গাইবান্ধা জেলার সাত উপজেলা সফরের শুরুতে গোবিন্দগঞ্জ উপজেলার চৌরাস্তায় আয়োজিত পথসভার বক্তব্যে তিনি এসব কথা বলেন।  এ সময় সারজিস আলম আরও বলেন, ‘আমরা আগামীর বাংলাদেশে অভ্যুত্থান পরবর্তী সময়ে কোনও দল ও মার্কার দালালি-দ্বাসত্ব প্রত্যাশা করি না। বিগত সময়ে প্রশাসন দালালি করেছে। কিন্তু পরবর্তী সময়ে তারা এবং তাদের সন্তান মানুষের সামনে আশার মতো অবস্থা ছিল না। সে কারণে তোষামদি চর্চা তাদের মানায় না। আমরা চাই, আগামীতে দল বা মার্কা দেখে ভোট নয়। যিনি ভালো মানুষ এলাকার উন্নয়নে কাজ করবেন এমন মানুষকেই ভোট দিয়ে নির্বাচিত করুন।’ গাইবান্ধা জেলা দীর্ঘদিন উন্নয়ন থেকে বঞ্চিত হওয়ার কথা তুলে ধরে সারজিস আলম বলেন, ‘এই জেলায় শিক্ষা, স্বাস্থ্যর উন্নয়নের পাশাপাশি অন্যতম দাবি হচ্ছে গোবিন্দগঞ্জে ইপিজেড বাস্তবায়ন। ইপিজেড বাস্তবায়ন হলে গাইবান্ধার জেলার ভাগ্য পরিবর্তন হতে পারে। তবে ইপিজেড হওয়ার জন্য সরকারের সঙ্গে রাজনৈতিক দলের নেতাদের গুরুত্বপূর্ণ ভূমিকা থাকতে হবে। ইপিজেড বাস্তবায়নে যদি রাজনৈতিক দলের নেতাদের কোন্দল বাধা হয়ে দাঁড়ায় তাহলে আপনারা ঐক্যবদ্ধভাবে তাদের প্রতিহত করবেন। সবার আগে জেলা-উপজেলার এবং মানুষের স্বার্থরক্ষায় আমাদের কাজ করতে হবে। তাহলে গাইবান্ধা জেলা এগিয়ে যাবে।’ উত্তরাঞ্চল কৃষিপ্রধান এলাকা উল্লেখ করে তিনি বলেন, ‘উত্তরের কৃষককে সিন্ডিকেট করে জিম্মি করা হয়। কৃষকের ফসল রাখার মতো পর্যাপ্ত হিমাগার নেই। অল্প যা কিছু হিমাগার আছে সেখানেও সিন্ডিকেটের কারণে কৃষকদের ভোগান্তিতে পড়তে হয়। উত্তরাঞ্চলকে নিয়ে কৃষিতে একটি মডেল রোডম্যাপ তৈরি করতে হবে।’ পথসভায় সারজিস আলম ছাড়াও আরও বক্তব্য দেন– এনসিপির কেন্দ্রীয় কমিটির মুখ্য সংগঠক ডা. মাহমুদা মিতু, নাজমুল হাসান সোহাগ, সদস্য ফিহাদুর রহমান দিবস। এ পথসভা ও গণসংযোগে অংশ নেন এনসিপির গাইবান্ধা জেলা-উপজেলা পর্যায়ের নেতাকর্মী ও সমর্থকরা।",2025-05-30T20:23:19+06:00
https://www.banglatribune.com///www.banglatribune.com/country/900998/%E0%A6%9A%E0%A6%9F%E0%A7%8D%E0%A6%9F%E0%A6%97%E0%A7%8D%E0%A6%B0%E0%A6%BE%E0%A6%AE%E0%A7%87-%E0%A6%AA%E0%A6%BE%E0%A6%B9%E0%A6%BE%E0%A7%9C-%E0%A6%A7%E0%A6%B8%E0%A7%87%E0%A6%B0-%E0%A6%86%E0%A6%B6%E0%A6%99%E0%A7%8D%E0%A6%95%E0%A6%BE%E0%A7%9F-%E0%A6%AE%E0%A6%BE%E0%A6%87%E0%A6%95%E0%A6%BF%E0%A6%82,চট্টগ্রামে পাহাড় ধসের আশঙ্কায় মাইকিং,"পাহাড় ধসের আশঙ্কায় চট্টগ্রাম নগরীর বিভিন্ন স্থানে লোকজনকে সচেতন করতে মাইকিং করছে জেলা প্রশাসন। এ ছাড়া চট্টগ্রাম সিটি করপোরেশন (চসিক) পাহাড়ের পাদদেশে ঝুঁকিপূর্ণভাবে বসবাসরত লোকজনকে নিরাপদ স্থানে সরে যাওয়ার নির্দেশনা দিয়েছে। খোলা হয়েছে আশ্রয়কেন্দ্র। সক্রিয় নিম্নচাপের প্রভাবে চট্টগ্রামে ভারী বৃষ্টিপাত হচ্ছে। এ কারণে চট্টগ্রাম সমুদ্রবন্দরকে ৩ নম্বর স্থানীয় সতর্কতা সংকেত দেখিয়ে যেতে বলেছে আবহাওয়া অধিদফতর। এ ছাড়া ভারি বৃষ্টিপাতের কারণে ভূমিধসের পূর্বাভাসও রয়েছে। তাই ক্ষয়ক্ষতি রোধে জেলা প্রশাসন বৃহস্পতিবার রাত থেকে মাইকিং শুরু করে, যা শুক্রবারও অব্যাহত ছিল। জেলা প্রশাসনের নেজারত ডেপুটি কালেক্টর (এনডিসি) মো. আল আমিন হোসেন এ তথ্য নিশ্চিত করেন।                                     											jwARI.fetch( $( ""#ari-image-jw6839d8e87873b"" ) );
            তিনি বলেন, ‘পাহাড় ধসে ক্ষতি এড়াতে ঝুঁকিপূর্ণ পাহাড়ের পাদদেশে বসবাসকারীদের সরিয়ে দেওয়া হচ্ছে। বৃহস্পতিবার থেকে দুটি আশ্রয়কেন্দ্র প্রস্তুত করা হয়েছে। পাহাড় সংলগ্ন ৩০ থেকে ৪০ ফুট দূরুত্বে থাকা ঝুঁকিপূর্ণ ঘরগুলোর বাসিন্দাদের নিরাপদ স্থানে পাঠানো হচ্ছে। বৃহস্পতিবার রাত থেকে তা নিশ্চিত করা হচ্ছে। পাশাপাশি ফিরোজশাহ সরকারি প্রাথমিক বিদ্যলয় ও লেকসিটি সংলগ্ন বি ব্লক সরকারি প্রাথমিক বিদ্যালয়ে আশ্রয়কেন্দ্র খোলা হয়েছে।’ আশ্রয়কেন্দ্রে যারা অবস্থান করবেন তাদের খাবারের ব্যবস্থা করা হবে বলেও এ কর্মকর্তা জানিয়েছেন। চট্টগ্রামের পতেঙ্গা আবহাওয়া অফিসের পূর্বাভাস কর্মকর্তা মো. ইসমাইল ভূঁইয়া বাংলা ট্রিবিউনকে বলেন, ‘বৃহস্পতিবার দুপুর ১২টা থেকে আজ শুক্রবার দুপুর ১২টা পর্যন্ত ১৯৮ দশমিক ৫ মিলিমিটার বৃষ্টিপাত রেকর্ড করা হয়েছে। চট্টগ্রামে অতি ভারী বৃষ্টিপাত হয়েছে। গভীর নিম্নচাপ এবং মৌসুমি বায়ুর প্রভাবে ভারী থেকে অতি ভারী বৃষ্টিপাত হচ্ছে। বৃষ্টিপাত আরও ২-৩ দিন অব্যাহত থাকবে।’ পাহাড় ধসের সম্ভাবনা রয়েছে বলেও জানিয়েছেন এ কর্মকর্তা।",2025-05-30T19:25:18+06:00
https://www.banglatribune.com///www.banglatribune.com/foreign/europe/901003/%E0%A6%AB%E0%A7%8D%E0%A6%B0%E0%A6%BE%E0%A6%A8%E0%A7%8D%E0%A6%B8%E0%A7%87-%E0%A6%B8%E0%A7%88%E0%A6%95%E0%A6%A4-%E0%A6%AA%E0%A6%BE%E0%A6%B0%E0%A7%8D%E0%A6%95-%E0%A6%93-%E0%A6%B8%E0%A7%8D%E0%A6%95%E0%A7%81%E0%A6%B2%E0%A7%87%E0%A6%B0-%E0%A6%86%E0%A6%B6%E0%A6%AA%E0%A6%BE%E0%A6%B6%E0%A7%87-%E0%A6%A7%E0%A7%82%E0%A6%AE%E0%A6%AA%E0%A6%BE%E0%A6%A8,"ফ্রান্সে সৈকত, পার্ক ও স্কুলের আশপাশে ধূমপান নিষিদ্ধ হচ্ছে","ফ্রান্সে শিশুদের সমাগম হয় এমন সব খোলা স্থানে ধূমপান নিষিদ্ধ করা হচ্ছে। আগামী ১ জুলাই থেকে এ নিষেধাজ্ঞা কার্যকর হবে বলে জানিয়েছেন দেশটির স্বাস্থ্য ও পরিবারমন্ত্রী ক্যাথরিন ভোত্রাঁ। এ নিষেধাজ্ঞার আওতায় পড়বে সৈকত, পার্ক, পাবলিক গার্ডেন, স্কুলের আশপাশ, বাসস্টপ ও খেলার মাঠ। ব্রিটিশ সংবাদমাধ্যম বিবিসি এ খবর জানিয়েছে। ওয়েস্ট-ফ্রান্স পত্রিকাকে দেওয়া সাক্ষাৎকারে ভোত্রাঁ বলেন, যেসব স্থানে শিশুরা থাকে, সেসব স্থান থেকে তামাক দূর করতে হবে। ধূমপানের স্বাধীনতা সেখানেই শেষ হবে, যেখানে শিশুদের বিশুদ্ধ বাতাসে শ্বাস নেওয়ার স্বাধীনতা শুরু হয়। তবে ক্যাফে বা বারের বাইরে থাকা টেরেসে (খোলা বসার জায়গা) ধূমপানের ওপর নিষেধাজ্ঞা প্রযোজ্য হবে না বলে জানান তিনি। নিষেধাজ্ঞা ভাঙলে ১৩৫ ইউরো (প্রায় ১৬ হাজার টাকা) জরিমানা করা হবে।  নতুন এই নিষেধাজ্ঞা বাস্তবায়নে সাধারণ পুলিশ তৎপর থাকবে বলে জানিয়েছেন ভোত্রাঁ। তবে তিনি স্ব-নিয়ন্ত্রণে বিশ্বাসী বলেও মন্তব্য করেন। ইলেকট্রনিক সিগারেট এই নিষেধাজ্ঞার বাইরে থাকলেও এতে নিকোটিনের পরিমাণ সীমিত করার চিন্তা–ভাবনা চলছে বলে জানান তিনি।  ফ্রান্সের ড্রাগস অ্যান্ড ড্রাগ অ্যাডিকশন মনিটরিং সেন্টারের তথ্য অনুযায়ী, দেশটির ২৩ দশমিক ১ শতাংশ মানুষ প্রতিদিন ধূমপান করে, যা এখন পর্যন্ত রেকর্ড করা সর্বনিম্ন হার। ২০১৪ সালের তুলনায় এই হার ৫ শতাংশের বেশি কমেছে।  ফ্রান্সের ন্যাশনাল কমিটি অ্যাগেইনস্ট টোব্যাকো বলছে, দেশটিতে প্রতিবছর ৭৫ হাজারের বেশি মানুষ তামাকজনিত রোগে মারা যায়, যা মোট মৃত্যুর ১৩ শতাংশ। ২০০৮ সাল থেকে ফ্রান্সের রেস্তোরাঁ ও নাইটক্লাবের মতো প্রতিষ্ঠানে ধূমপান নিষিদ্ধ।  ২০২৪ সালেই সৈকত, পার্ক ও অন্যান্য পাবলিক প্লেসে ধূমপান নিষিদ্ধের উদ্যোগ নেওয়ার কথা ছিল। তবে এ–সংক্রান্ত ডিক্রি গৃহীত হয়নি। তবে ইতোমধ্যে দেশটির ১ হাজার ৫০০টির বেশি পৌরসভা স্বেচ্ছায় পাবলিক প্লেসে ধূমপান নিষিদ্ধ করেছে। এ ছাড়া কয়েক বছর ধরে দেশজুড়ে শতাধিক সৈকতে ধূমপান নিষিদ্ধ রয়েছে।  ফ্রান্সের ক্যানসারবিরোধী সংস্থা লা লিগ কন্ট্রে লে ক্যানসারের সাম্প্রতিক এক প্রতিবেদনে বলা হয়েছে, প্রায় ৮০ শতাংশ ফরাসি নাগরিক বনাঞ্চল, সৈকত, পার্ক ও টেরেসের মতো পাবলিক প্লেসে ধূমপান নিষিদ্ধের পক্ষে।",2025-05-30T19:56:56+06:00
https://www.banglatribune.com///www.banglatribune.com/foreign/india/901019/%E0%A6%AF%E0%A6%B6%E0%A7%8B%E0%A6%B0%E0%A7%87-%E0%A6%AE%E0%A6%A4%E0%A7%81%E0%A7%9F%E0%A6%BE%E0%A6%A6%E0%A7%87%E0%A6%B0-%E0%A6%93%E0%A6%AA%E0%A6%B0-%E0%A6%B9%E0%A6%BE%E0%A6%AE%E0%A6%B2%E0%A6%BE%E0%A6%B0-%E0%A6%85%E0%A6%AD%E0%A6%BF%E0%A6%AF%E0%A7%8B%E0%A6%97-%E0%A6%A8%E0%A6%BF%E0%A7%9F%E0%A7%87-%E0%A6%95%E0%A6%B2%E0%A6%95%E0%A6%BE%E0%A6%A4%E0%A6%BE%E0%A7%9F,যশোরে মতুয়াদের ওপর হামলার অভিযোগ নিয়ে কলকাতায় বাংলাদেশ উপ-হাইকমিশনে শুভেন্দু,"পশ্চিমবঙ্গের বিরোধী দলনেতা শুভেন্দু অধিকারী শুক্রবার (২৭ মে) বিজেপির বিধায়কদের সঙ্গে নিয়ে কলকাতার পার্ক সার্কাসে অবস্থিত বাংলাদেশ উপ-হাইকমিশনে স্মারকলিপি দিয়েছেন। সম্প্রতি বাংলাদেশের যশোরে মতুয়া সম্প্রদায়ের বাড়িঘর পুড়িয়ে দেওয়া ও তাদের ওপর নির্যাতনের অভিযোগ এনে এমন কর্মসূচি পালন করেন তিনি। স্মারকলিপি দেওয়ার পর সাংবাদিকদের মুখোমুখি হয়ে শুভেন্দু অধিকারী বলেন, ‘মতুয়া সম্প্রদায়ের বহু আত্মীয় ওপার বাংলায় (বাংলাদেশ) বসবাস করেন। সেখানকার যশোর জেলার এক গ্রামে মোট ১৯টি বাড়ি পুড়িয়ে দেওয়া হয়েছে, যার মধ্যে ১০টি মতুয়া সম্প্রদায়ের এবং ৯টি বৈষ্ণব সম্প্রদায়ের। এই উভয় সম্প্রদায়ের লোকজনই সনাতন ধর্মাবলম্বী। ওপার বাংলা ও এপার বাংলায় মিলিয়ে কোটি কোটি মতুয়া বসবাস করছেন। তাই এই ঘটনার বিরুদ্ধে চুপ করে বসে থাকা সম্ভব নয়। প্রতিবাদ জানাতেই আজ হাইকমিশনে এসেছি।’ তিনি আরও বলেন, ‘আপনারা কী চান, এখান থেকেও হিন্দুদের পলায়ন শুরু হোক?’ বিরোধী দলনেতা জানান, ‘বাংলাদেশের ডেপুটি হাইকমিশনার আমাকে জানিয়েছেন, এই হামলার ঘটনায় এখন পর্যন্ত ৭ জনকে গ্রেফতার করা হয়েছে। ক্ষতিগ্রস্তদের জন্য বাংলাদেশ সরকার ৬ হাজার টাকা করে আর্থিক সহায়তা এবং ৩০ কেজি করে চাল প্রদান করেছে। তবে এই সহায়তা যথেষ্ট নয়।’ তিনি বলেন, ‘যদি বাংলাদেশ সরকার অনুমতি দেয়, তাহলে ভারত থেকে মতুয়া সম্প্রদায়ের গুরু অনুকূল ঠাকুর মিশন এবং ভারত সেবাশ্রম সংঘের মাধ্যমে আমরা আর্থিক সহায়তা পাঠাতে চাই। বাংলাদেশের ক্ষতিগ্রস্ত হিন্দু সম্প্রদায়ের পাশে আমরা রয়েছি।’ শুভেন্দু অধিকারী আরও জানান, ‘বাংলাদেশে ক্ষতিগ্রস্ত মতুয়া পরিবারের পরিস্থিতি সরেজমিনে দেখতে বিজেপি বিধায়ক স্বপন মজুমদারের নেতৃত্বে একটি প্রতিনিধি দল বাংলাদেশে যাবে। বাংলাদেশ হাইকমিশন ইতোমধ্যেই জানিয়েছে, প্রতিনিধি দল পাঠাতে চাইলে তাদের দ্রুত ভিসার ব্যবস্থা করা হবে।’ শেষে তিনি বলেন, ‘বাংলাদেশের যেসব কর্তৃপক্ষ আইনশৃঙ্খলা রক্ষা করেন, তারা যেন সঠিক ব্যবস্থা নেন, সেটিই আমাদের প্রত্যাশা।’",2025-05-30T21:39:34+06:00
https://www.banglatribune.com///www.banglatribune.com/foreign/middle-east/900995/%E0%A6%AE%E0%A6%BE%E0%A6%B0%E0%A7%8D%E0%A6%95%E0%A6%BF%E0%A6%A8-%E0%A6%AF%E0%A7%81%E0%A6%A6%E0%A7%8D%E0%A6%A7%E0%A6%AC%E0%A6%BF%E0%A6%B0%E0%A6%A4%E0%A6%BF%E0%A6%B0-%E0%A6%AA%E0%A7%8D%E0%A6%B0%E0%A6%B8%E0%A7%8D%E0%A6%A4%E0%A6%BE%E0%A6%AC%E0%A7%87-%E0%A6%AB%E0%A6%BF%E0%A6%B2%E0%A6%BF%E0%A6%B8%E0%A7%8D%E0%A6%A4%E0%A6%BF%E0%A6%A8%E0%A6%BF%E0%A6%A6%E0%A7%87%E0%A6%B0-%E0%A6%95%E0%A7%8B%E0%A6%A8%E0%A6%93,মার্কিন যুদ্ধবিরতির প্রস্তাবে ফিলিস্তিনিদের কোনও দাবি পূরণ হয় না: হামাস নেতা,"যুক্তরাষ্ট্রের প্রেসিডেন্ট ডোনাল্ড ট্রাম্পের প্রশাসন যে যুদ্ধবিরতি প্রস্তাব ইসরায়েলের কাছে পেশ করেছে, তা বর্তমান অবস্থায় গাজায় ‘হত্যা ও দুর্ভিক্ষ অব্যাহত রাখার’ শর্ত হিসেবে দেখছে হামাস। ফিলিস্তিনি গোষ্ঠীর এক কর্মকর্তা শুক্রবার এ কথা জানিয়েছেন। তবে হামাস এখনও প্রস্তাবটি বিবেচনা করছে বলে তিনি উল্লেখ করেছেন।  হোয়াইট হাউজের প্রেস সেক্রেটারি ক্যারোলিন লেভিট গত বৃহস্পতিবার বলেছেন, ইসরায়েল এই প্রস্তাবে সম্মতি দিয়েছে এবং ট্রাম্প প্রশাসনের মধ্যপ্রাচ্য দূত স্টিভ উইটকফ এটি হামাসের কাছে পেশ করেছেন।  হামাসের রাজনৈতিক ব্যুরোর সদস্য বাসেম নাঈম রয়টার্সকে বলেন, এই চুক্তি আমাদের জনগণের কোনও দাবিই পূরণ করে না, বিশেষ করে যুদ্ধ বন্ধের দাবি। তবে জাতীয় দায়িত্বের ভিত্তিতে আন্দোলনের নেতৃত্ব প্রস্তাবটি নিয়ে আলোচনা করছে। হামাস শুক্রবার বা শনিবারের মধ্যে তাদের সিদ্ধান্ত জানাবে বলে এক সূত্র জানিয়েছে।  এই নতুন প্রস্তাবের বিস্তারিত বিবরণ প্রকাশ করা হয়নি, তবে হামাসের একজন উচ্চপদস্থ নেতা সামি আবু জুহরি রয়টার্সকে বলেন, এতে ইসরায়েলের পক্ষ থেকে গাজা থেকে সেনা প্রত্যাহার, যুদ্ধবিরতি বা মানবিক ত্রাণ অবাধে প্রবেশের কোনও অঙ্গীকার নেই।  রয়টার্সের বরাত দিয়ে জানা গেছে, প্রস্তাবে প্রথম ৬০ দিনের যুদ্ধবিরতির কথা বলা হয়েছে। প্রথম সপ্তাহে ২৮ জন ইসরায়েলি জিম্মি (জীবিত ও মৃত) মুক্তির বিনিময়ে ১ হাজার ২৩৬ জন ফিলিস্তিনি বন্দি এবং ১৮০ জন মৃত ফিলিস্তিনির দেহ ফেরত দেওয়ার কথা রয়েছে। প্রস্তাবটি ট্রাম্প, মধ্যস্থতাকারী মিসর ও কাতারের নিশ্চয়তায় হামাসের স্বাক্ষর হওয়া মাত্র গাজায় ত্রাণ পাঠানো হবে বলেও জানানো হয়েছে।  ইসরায়েলি সরকার প্রকাশ্যে এই প্রস্তাব অনুমোদনের কথা স্বীকার করেনি। তবে ইসরায়েলি মিডিয়ায় খবর প্রকাশিত হয়েছে যে, প্রধানমন্ত্রী বেনিয়ামিন নেতানিয়াহু গাজায় আটক জিম্মিদের পরিবারকে বলেছেন, তিনি উইটকফের অস্থায়ী যুদ্ধবিরতি প্রস্তাব এগিয়ে নিতে প্রস্তুত।  ইসরায়েলি রাজনৈতিক বিশ্লেষক আকিভা এলদার আল জাজিরাকে বলেন, ইসরায়েলের পক্ষে প্রথমে প্রস্তাবে সম্মতি দেওয়া ‘অস্বাভাবিক’। তার মতে, নেতানিয়াহু হয়তো ভাবছেন যে হামাস এই প্রস্তাব মানবে না, ফলে তিনি তাদের ‘খলনায়ক’ হিসেবে চিত্রিত করে যুদ্ধ চালিয়ে যেতে পারবেন।  গাজায় যুদ্ধবিরতি পুনর্বহালের প্রচেষ্টা বারবার ব্যর্থ হয়েছে। কারণ ইসরায়েল চায় হামাস সম্পূর্ণ নিরস্ত্র হোক, আর হামাস চায় ইসরায়েলি সেনারা গাজা থেকে সরে যাক।  এই প্রস্তাবের আগে গত সপ্তাহে বিরোধপূর্ণ খবর প্রকাশিত হয়েছিল, যেখানে হামাস দাবি করেছিল যে তারা উইটকফের সঙ্গে একটি সাধারণ সম্মতি পৌঁছেছে এবং শুধু চূড়ান্ত সাড়ার অপেক্ষায় আছে। হামাসের এক বিবৃতিতে বলা হয়েছিল, স্থায়ী যুদ্ধবিরতি, গাজা থেকে ইসরায়েলি দখলদার বাহিনীর সম্পূর্ণ প্রত্যাহার এবং মানবিক সহায়তা বাধাহীনভাবে প্রবেশের বিষয়ে আমরা সমঝোতায় পৌঁছেছি। তবে উইটকফ পরে এই দাবি নাকচ করে দিয়ে বলেন, তিনি যা দেখেছেন তা সম্পূর্ণ অগ্রহণযোগ্য। তার সঙ্গে যুক্ত এক মার্কিন কর্মকর্তাও হামাসের দাবি খারিজ করে আল জাজিরাকে বলেন, এটি ভুল ও হতাশাজনক। ইসরায়েলও হামাসের দাবিকে মানসিক যুদ্ধ ও প্রচারণা বলে আখ্যা দিয়েছে।  ইসরায়েল গত ১৮ মার্চ ছয় সপ্তাহের অস্থায়ী যুদ্ধবিরতি ভেঙে পুনরায় গাজায় যুদ্ধ শুরু করে। এরপর থেকে ইসরায়েলি বাহিনী গাজায় ব্যাপক হামলা চালিয়ে ৪ হাজারের বেশি মানুষ হত্যা করেছে। চলমান যুদ্ধে গাজায় মোট নিহতের সংখ্যা ৫৪ হাজার ছাড়িয়েছে বলে জানিয়েছে গাজার স্বাস্থ্য কর্তৃপক্ষ।",2025-05-30T18:36:43+06:00
https://www.banglatribune.com///www.banglatribune.com/tech-and-gadget/899646/%E0%A6%97%E0%A7%8D%E0%A6%B0%E0%A6%BE%E0%A6%B9%E0%A6%95%E0%A6%A6%E0%A7%87%E0%A6%B0-%E0%A6%9C%E0%A6%A8%E0%A7%8D%E0%A6%AF-%E0%A6%B8%E0%A6%B9%E0%A6%9C-%E0%A6%B8%E0%A7%8D%E0%A6%AC%E0%A6%BE%E0%A6%B8%E0%A7%8D%E0%A6%A5%E0%A7%8D%E0%A6%AF%E0%A6%B8%E0%A7%87%E0%A6%AC%E0%A6%BE-%E0%A6%86%E0%A6%A8%E0%A6%B2%E0%A7%8B-%E0%A6%97%E0%A7%8D%E0%A6%B0%E0%A6%BE%E0%A6%AE%E0%A7%80%E0%A6%A3%E0%A6%AB%E0%A7%8B%E0%A6%A8-%E0%A6%93,গ্রাহকদের জন্য সহজ স্বাস্থ্যসেবা আনলো গ্রামীণফোন ও সুখী,"দেশব্যাপী গ্রাহকদের দোরগোড়ায় স্বাস্থ্যসেবা পৌঁছে দিতে গ্রামীণ ডিজিটাল হেলথকেয়ার সল্যুশনের সাথে একটি চুক্তি সই করেছে গ্রামীণফোন। এর ফলে গ্রামীণ ডিজিটাল হেলথকেয়ার সল্যুশনস উদ্ভাবিত সুখী প্ল্যাটফর্মের মাধ্যমে সহজে ও সুবিধাজনক উপায়ে স্বাস্থ্যসেবা গ্রহণ করতে পারবেন গ্রামীণফোনের গ্রাহকরা। রাজধানীর জিপি হাউজে সম্প্রতি এ বিষয়ক চুক্তিতে সই করেন গ্রামীণফোনের চিফ প্রকিউরমেন্ট অফিসার কৌস্তভ ভাটস এবং গ্রামীণ ডিজিটাল হেলথকেয়ার সল্যুশনস’র সিইও ড. আহমদ আরমান সিদ্দিকী। চুক্তির আওতায় একাধিক প্যাকেজের মাধ্যমে সুখী প্ল্যাটফর্ম ব্যবহার করে স্বাস্থ্যসেবা গ্রহণ করতে পারবেন গ্রামীণফোনের গ্রাহকরা। ফলে সহজে ও নির্বিঘ্নে এবং যে কোন সময় ও যেকোন স্থান থেকে স্বাস্থ্য পরামর্শ গ্রহণ করতে পারবেন তারা। পাশাপাশি মোবাইল ফোনের ব্যালেন্স থেকেই চিকিৎসকদের পরামর্শ ও অন্যান্য সেবার মূল্য পরিশোধ কার যাবে। সেবাটি সম্পর্কে আরও বিস্তারিত তথ্য শিগগিরই গ্রামীণফোনের ওয়েবসাইট ও মাইজিপি অ্যাপে পাওয়া যাবে। চুক্তি স্বাক্ষর অনুষ্ঠানে গ্রামীণফোনের প্রধান নির্বাহী কর্মকর্তা (সিইও) ইয়াসির আজমান, চিফ প্রোডাক্ট অফিসার (সিপিও) সোলায়মান আলম, চিফ বিজনেস অফিসার (সিবিও) ড. আসিফ নাইমুর রশিদ এবং গ্রামীণ ডিজিটাল হেলথকেয়ার সল্যুশনসের চিফ টেকনোলজি অ্যান্ড বিজনেস অফিসার মো. সোলাইমুন রাসেল, চিফ মার্কেটিং অফিসার (সিএমও) হাসিবুল হাসানসহ উভয় প্রতিষ্ঠানের উচ্চপদস্থ কর্মকর্তারা উপস্থিত ছিলেন। গ্রামীণফোনের প্রধান নির্বাহী কর্মকর্তা (সিইও) ইয়াসির আজমান বলেন, 'গ্রামীণফোন সবসময়ই প্রযুক্তিনির্ভর সেবার মাধ্যমে মানুষের জীবনে ইতিবাচক পরিবর্তন আনতে সংকল্পবদ্ধ। সুখীর মতো উদ্ভাবনী প্ল্যাটফর্মের সঙ্গে কাজের মাধ্যমে সেই সেবাকে আরও সহজে ও সাশ্রয়ী মূল্যে মানুষের কাছে পৌঁছে দিতে চাই আমরা।' গ্রামীণ ডিজিটাল হেলথকেয়ার সল্যুশন্সের প্রধান নির্বাহী ড.আহমদ আরমান সিদ্দিকী বলেন, 'গ্রামীণফোনের সঙ্গে কাজ করার সুযোগ পেয়ে আমরা গর্বিত। দেশের ডিজিটাল স্বাস্থ্যসেবা প্রসারের ক্ষেত্রে এটি এক যুগান্তকারী পদক্ষেপ। স্বাস্থ্যসেবা খাতে উদ্ভাবনী, প্রযুক্তিনির্ভর ও কার্যকর সমাধান দিতে নিরলসভাবে কাজ করে যাচ্ছে সুখী। আমাদের বিশ্বাস, এই উদ্যোগের মাধ্যমে গ্রামীণফোনের বিশাল গ্রাহকগোষ্ঠীসহ দেশের বিস্তৃত জনগোষ্ঠীর কাছে সহজে স্বাস্থ্যসেবা পৌঁছে দিতে পারব আমরা।' ",2025-05-22T09:16:52+06:00
https://www.banglatribune.com///www.banglatribune.com/tech-and-gadget/899492/%E0%A6%A8%E0%A6%95%E0%A6%BF%E0%A7%9F%E0%A6%BE-%E0%A6%A6%E0%A6%BF%E0%A6%9A%E0%A7%8D%E0%A6%9B%E0%A7%87-%E0%A6%B8%E0%A6%BE%E0%A6%AE%E0%A6%BE%E0%A6%B0-%E0%A6%85%E0%A6%AB%E0%A6%BE%E0%A6%B0-%C2%A0,নকিয়া দিচ্ছে সামার অফার   ,"মোবাইল ফোন ব্র্যান্ড নকিয়া নিয়ে এসেছে ক্রেজি সামার অফার। অফার চলাকালীন নকিয়ার দু’টি মডেলের স্মার্ট ফোনের সঙ্গে থাকছে নয়েজ ক্যানসেলিং এয়ারবাডের মতো আকর্ষণীয় গিফট। বাংলাদেশে নকিয়ার একমাত্র অনুমোদিত পার্টনার সেলেক্সট্রা লিমিটেডের নিজস্ব কারখানায় উৎপাদিত নকিয়ার দুটি মডেলের স্মার্টফোনের সঙ্গে এই অফরটি দেওয়া হচ্ছে। নকিয়ার সি৩২ (৭*জিবি+৬৪জিবি) ফোনটিতে রয়েছে ৬.৫ ইঞ্চি এইচডি+ ডিসপ্লে, যার রেজুলিউশন ৭২০ বাই ১৬০০। ক্যামেরায় ব্যবহার করা হয়েছে ৫০ মেগাপিক্সেলের প্রাইমারি লেন্স এবং ২ মেগাপিক্সেলের সেকেন্ডারি লেন্স। সেলফিপ্রেমীদের জন্য রয়েছে ৮ মেগাপিক্সেলের ফ্রন্ট ক্যামেরা। ৫০০০ এমএএইচ ব্যাটারির ফোনে আছে ফিঙ্গারপ্রিন্ট সেন্সর। এছাড়া ফোনের সাথে উপহার হিসেবে থাকছে নয়েজ ক্যানসেলিং এয়ার বাডস। এই রেঞ্জের দামের মধ্যে গ্লাস ব্যাকের ফোন এটাই প্রথম। ক্যারোকাল ব্ল্যাক এবং অটাম গ্রিন এই দুটি কালারের মডেলটির দাম ১৩ হাজার ৪৯৯ টাকা। অপর মডেল সি২২ (৫*জিবি+৬৪ জিবি) ফোনে ব্যবহার করা হয়েছে ৬.৫ ইঞ্চি এইচডি+ ডিসপ্লে, যার রেজুলিউশন ৭২০ বাই ১৬০০ পিক্সেল। ক্যামেরায় ব্যবহার করা হয়েছে ১৩ মেগাপিক্সেল প্রাইমারি লেন্স এবং ২ মেগাপিক্সেল সেকেন্ডারি লেন্স আর ৮ মেগাপিক্সেল ফ্রন্ট ক্যামেরা। ৫০০০ এমএএইচ ব্যাটারির এই মডেলে আছে মজবুত মেটাল চ্যাসিস, ২.৫ডি টাফেনড গ্লাস ফ্রন্ট এবং পলিকার্বনেট ব্যাক। ফোনের সঙ্গে থাকছে টি-শার্ট ও এক্সক্লুসিভ এয়ারবাডস উপহার। ব্ল্যাক এবং স্যান্ড এই দুটি কালারের মডেলের ফোনটির দাম ৯ হাজার ৯৯৯ টাকা।",2025-05-21T10:18:15+06:00
https://www.banglatribune.com///www.banglatribune.com/tech-and-gadget/899369/%E0%A6%B8%E0%A7%8D%E0%A6%9F%E0%A6%BE%E0%A6%B0%E0%A6%B2%E0%A6%BF%E0%A6%82%E0%A6%95%E0%A7%87%E0%A6%B0-%E0%A6%B8%E0%A6%82%E0%A6%AF%E0%A7%8B%E0%A6%97-%E0%A6%95%E0%A7%80%E0%A6%AD%E0%A6%BE%E0%A6%AC%E0%A7%87-%E0%A6%AA%E0%A6%BE%E0%A6%AC%E0%A7%87%E0%A6%A8-%E0%A6%95%E0%A7%8B%E0%A6%A5%E0%A6%BE%E0%A7%9F-%E0%A6%AC%E0%A7%8D%E0%A6%AF%E0%A6%AC%E0%A6%B9%E0%A6%BE%E0%A6%B0-%E0%A6%95%E0%A6%B0%E0%A6%A4%E0%A7%87,"স্টারলিংকের সংযোগ কীভাবে পাবেন, কোথায় ব্যবহার করতে পারবেন","দেশে পরীক্ষামূলকভাবে বাণিজ্যিক যাত্রা শুরু করেছে স্যাটেলাইটভিত্তিক ইন্টারনেট সেবা স্টারলিংক। নন-জিওস্টেশনারি অরবিট নীতিমালার আওতায় এই সেবা আজ থেকে দেশে চালু হয়েছে। ব্যবহারকারীদের জন্য দুটি প্যাকেজের কথা জানিয়েছে ডাক ও টেলিযোগাযোগ বিভাগ। এর মধ্যে একটি স্টারলিংক রেসিডেন্স এবং অপরটি রেসিডেন্স লাইট। রেসিডেন্স প্যাকেজে মাসিক খরচ ৬ হাজার টাকা, রেসিডেন্স লাইটে খরচ মাসিক ৪ হাজার ২০০। তবে ইন্টারনেট সেটআপ যন্ত্রপাতির জন্য ৪৭ হাজার টাকা এককালীন খরচ করতে হবে। এখানে ডেটা লিমিট নেই। একটি সংযোগে প্রতি সেকেন্ডে ৩০০ মেগাবিট পর্যন্ত গতির আনলিমিটেড ডেটা ব্যবহার করতে পারবেন। তবে ডিভাইস স্থানান্তর করা যাবে না। ডাক ও টেলিযোগাযোগ বিভাগ বলছে, বাংলাদেশের বিভিন্ন জায়গায় এখনও ফাইবার সংযোগ পৌঁছায়নি। মাত্র ৩০ শতাংশ মোবাইল টাওয়ারে ফাইবার আছে। এই অবস্থায় মোবাইল কোম্পানিগুলোর যে সেবা, সেটা মাইক্রোওয়েভের মাধ্যমে হয়, যা মূলত লো ক্যাপাসিটি। বাংলাদেশে এখনও হাজার হাজার মোবাইল টাওয়ার আছে, যারা শুধু ৩০০ এমবিপিএস-এর একটা ব্যান্ডউইথ দিয়ে একটি মোবাইল টাওয়ার সচল রাখে ডেটা ইন্টারনেটের জন্য এবং সেই ডেটা ইন্টারনেটটা প্রায় কয়েক হাজার গ্রাহকের কাছে বিক্রি করা হয়। স্টারলিংকের ক্ষেত্রে মাত্র একটি সেটআপ বক্স দিয়ে এই সমস্যার সমাধান হবে। অর্থাৎ, গ্রামের একজন উদ্যোক্তা স্টারলিংকের একটি সেটআপ বক্স, যেটার দাম ৪৭ হাজার টাকা, এটা কিনে নিজে নিরবচ্ছিন্ন এবং দ্রুতগতির ইন্টারনেট ব্যবহার করতে পারবেন। গ্রাহকরা লো লেটেন্সি এবং উচ্চগতির ইন্টারনেট ব্যবহার করতে পারবেন। এক্ষেত্রে লক্ষণীয় যে সংসদ ভবনে কিংবা উপদেষ্টার বাসভবন বা তার অফিসে যে গতিতে ইন্টারনেট ব্যবহার করা হয়, ঠিক একই গতিতে দেশের প্রত্যন্ত ও দূরবর্তী অঞ্চল, যেমন- পার্বত্য অঞ্চল, হাওরাঞ্চল কিংবা বনাঞ্চলেও যেকোনও গ্রাহক উচ্চগতির ইন্টারনেট ব্যবহার করতে পারবেন। উদ্যোক্তারা ইন্টারনেট সেবা প্রদানে কীভাবে স্টারলিংক ব্যবহার করতে পারবেন—এমন প্রশ্নের জবাবে প্রধান উপদেষ্টার বিশেষ সহকারী ফয়েজ আহমদ তৈয়্যব জানান, আমরা এনজিএসও-এর বিধিবিধান এমনভাবে করেছি, যাতে স্টারলিংক বা সমজাতীয় ইন্টারনেট সুবিধা উদ্যোক্তাবান্ধব হয়। অর্থাৎ, একজন উদ্যোক্তা কিংবা একাধিক উদ্যোক্তা নিজেরা যদি ৪৭ হাজার টাকার একটি তহবিল গঠন করেন, এই তহবিলের মাধ্যমে তারা ইন্টারনেট সেটআপ বক্স কিনবেন। কেনার মাধ্যমে তারা তাদের আশপাশের দোকানে এই ইন্টারনেটের বিক্রি বা সেবা প্রদান করতে পারবেন। ওয়াই-ফাই রেঞ্জ আনুমানিক ২০ থেকে সর্বোচ্চ ৫০ মিটার, এই ৫০ মিটার জোনের মধ্যে বাংলাদেশের গ্রামের গ্রোথ সেন্টারগুলোতে অনেক দোকানপাট থাকে। সেখানে সহজেই ইন্টারনেট সেবা একজন ব্যক্তি কিনে বা একাধিক ব্যক্তি সমিতি আকারে কিনে তা বহুবিধ ব্যবহারে সম্ভব। আইনে কোনও প্রতিবন্ধকতা তৈরি করা হয়নি। এছাড়া শহরের বাসভবনে ওয়াই-ফাই শেয়ারিং করে ইন্টারনেট ব্যবহার সম্ভব। স্টারলিংকে যেহেতু বিল্ট-ইন রাউটার আছে, সেহেতু রাউটার হতে রাউটারে আইএসপি সেটআপেও ব্যবহার সম্ভব। তিনি আরও বলেন, পাশাপাশি আমরা চেষ্টা করবো আমাদের মাইক্রোক্রেডিট কর্তৃপক্ষ কিংবা আর্থিক প্রতিষ্ঠান কিংবা ব্যাংকের জন্য, যাতে এই স্টারলিংক উদ্যোক্তাদের অর্থের সংস্থান হয়। পাশাপাশি যারা নাগরিক সেবার উদ্যোক্তা হবেন, তাদের জন্য স্টারলিংক কীভাবে সহজে নেওয়া যায়—এর জন্যও আমরা আর্থিক প্যাকেজ তৈরির পরিকল্পনা করছি। আমরা বলছি যে স্টারলিংকের দাম কিছুটা বেশি। মাসিক খরচ ৬ হাজার এবং ৪ হাজার নির্ধারণ করা হয়েছে, এটা আমরা স্টারলিংকের সঙ্গে কিছুটা দরকষাকষি করে কমিয়েছি। কিন্তু যেহেতু এটি শেয়ার করা যাবে এবং শেয়ার করার ওপর কোনও বিধিনিষেধ নেই এবং বিক্রির ওপরও বিধিনিষেধ নেই, সেজন্য এই ইন্টারনেট দিয়ে একটি সফল ব্যবসায়িক মডেল, এসএমই বা ব্যবসা মডেল তৈরি করা সম্ভব। পাশাপাশি কেউ যদি এই স্টারলিংক ব্যবহার করে তা দিয়ে (মোবিলিটি এবং রোমিং সুবিধা ছাড়া) ইন্টারনেট ফিড করে অন্য জায়গায় ব্যবহার করেন, সেখানেও কোনও বাধা নেই। অর্থাৎ বাংলাদেশের এসএমই কিংবা উদ্যোক্তা বিকাশে সব ধরনের আইনগত সুবিধা রাখা হয়েছে। তিনি বলেন, এর বাইরে আমরা সবাই প্রফেসর ড. মুহাম্মদ ইউনূসের ‘ফোন লেডি’ কনসেপ্টে বড় হয়েছি। স্টারলিংকের মাধ্যমে আমাদের মাইক্রোক্রেডিট কিংবা ইএমআই অথবা যেকোনও এমএফআই বা এমআরএ পদ্ধতিতে আর্থিক প্রতিষ্ঠানগুলো চাইলে ‘ওয়াই-ফাই লেডি’ হিসেবে নতুন একটি উদ্যোক্তার ধারা সৃষ্টি করতে পারে। চাইলে শুধু গ্রামীণ নারীদের একটি বিশেষ ঋণ দিয়ে স্টারলিংক কিনে ইন্টারনেট সেবা বিক্রি করার সুযোগ করে দেওয়া যেতে পারে। সেক্ষেত্রে ভবন ছাড়াও অনানুষ্ঠানিক কো-ওয়েবিং ব্যবসার মাধ্যমে এই প্রক্রিয়ায় যুক্ত হওয়া সম্ভব। আবাসিক গ্রাহকদের জন্য স্টারলিংকের দাম কতটা সহনীয়—এমন প্রশ্নের জবাবে তিনি জানান, একটি ভবনে ইন্টারনেট ব্যবহার করে এমন অনেক অ্যাপার্টমেন্ট, কন্ডোমিনিয়াম, ফ্ল্যাট থাকে। তারা কয়েকটি অ্যাপার্টমেন্ট বা তলা মিলে এই সেবা ব্যবহার করতে পারেন। তবে এক্ষেত্রে রেঞ্জ সর্বোচ্চ ২০ মিটার। সব মিলিয়ে উদ্যোক্তাদের জন্য এবং সাধারণ গ্রাহকদের জন্য এককালীন খরচটা কিছুটা বেশি হলেও এটি যখন সমবায় ভিত্তিতে বা ভাগাভাগি করে ব্যবহৃত হবে, তখন এই ব্যয় তেমন বোঝা মনে হবে না।",2025-05-20T15:15:00+06:00
https://www.banglatribune.com///www.banglatribune.com/tech-and-gadget/899340/%E0%A6%A6%E0%A7%87%E0%A6%B6%E0%A7%87-%E0%A6%B8%E0%A7%8D%E0%A6%9F%E0%A6%BE%E0%A6%B0%E0%A6%B2%E0%A6%BF%E0%A6%82%E0%A6%95-%E0%A6%B8%E0%A6%82%E0%A6%AF%E0%A7%8B%E0%A6%97%E0%A7%87-%E0%A6%96%E0%A6%B0%E0%A6%9A-%E0%A6%95%E0%A6%A4-%E0%A6%AA%E0%A7%8D%E0%A6%AF%E0%A6%BE%E0%A6%95%E0%A7%87%E0%A6%9C%E0%A7%87%E0%A6%B0-%E0%A6%A6%E0%A6%BE%E0%A6%AE-%E0%A6%95%E0%A7%87%E0%A6%AE%E0%A6%A8,"দেশে স্টারলিংক সংযোগে খরচ কত, প্যাকেজের দাম কেমন","দেশে বাণিজ্যিকভাবে কার্যক্রম শুরু করেছে স্যাটেলাইট ভিত্তিক ইন্টারনেট স্টারলিংক। মঙ্গলবার (২০ মে) দেশে আনুষ্ঠানিক যাত্রার ঘোষণা দেওয়া হয়। বিষয়টি এক ফেসবুক পোস্টে জানান প্রধান উপদেষ্টার বিশেষ সহকারী ফাইজ তাইয়েব আহমেদ। প্রধান উপদেষ্টা সংশ্লিষ্ট সবাইকে অভিনন্দন জানিয়েছেন বলে ওপর এক ফেসবুক পোস্টে জানান ডেপুটি প্রেস সেক্রেটারি আবুল কালাম আজাদ মজুমদার।  শুরুতে স্টারলিংক দুটি প্যাকেজ দিয়ে শুরু করছে। একটি স্টারলিংক রেসিডেন্স এবং অপরটি রেসিডেন্স লাইট। রেসিডেন্স প্যাকেজে মাসিক খরচ  ৬ হাজার টাকা, রেসিডেন্স লাইটে খরচ মাসিক ৪ হাজার ২০০। তবে ইন্টারনেট সেটাপ যন্ত্রপাতির জন্য ৪৭ হাজার টাকা এককালীন খরচ করতে হবে। এখানে ডাটা লিমিট নেই। একটি সংযোগে প্রতি সেকেন্ডে ৩০০ মেগাবাইট পর্যন্ত গতির আনলিমিটেড ডেটা ব্যবহার করতে পারবেন। বাংলাদেশের গ্রাহকরা আজ থেকেই অর্ডার করতে পারবেন।  ফয়েজ তাইয়েব আহমেদ জানান, খরুচে হলেও এর মাধ্যমে প্রিমিয়াম গ্রাহকদের জন্য উচ্চমান এবং উচ্চগতির ইন্টারনেট সেবা প্রাপ্তির টেকসই বিকল্প তৈরি হয়েছে। পাশাপাশি যেসব এলাকায় এখনো ফাইবার কিংবা দ্রুতগতির ইন্টারনেট সেবা পৌঁছেনি, সেখানে কোম্পানিগুলো ব্যবসা সম্প্রসারণ এর সুযোগ পাবেন। এনজিও, ফ্রিল্যান্সার এবং উদ্যোক্তারা বছরব্যাপী নিরবিচ্ছিন্ন উচ্চগতির ইন্টারনেটের নিশ্চয়তা পাবেন। ",2025-05-20T11:39:14+06:00
https://www.banglatribune.com///www.banglatribune.com/lifestyle/900989/%E0%A6%B2%E0%A6%BF%E0%A6%9A%E0%A7%81%E0%A6%B0-%E0%A6%B2%E0%A7%87%E0%A6%AE%E0%A7%8B%E0%A6%A8%E0%A7%87%E0%A6%A1-%E0%A6%AC%E0%A6%BE%E0%A6%A8%E0%A6%BE%E0%A6%A8%E0%A7%8B%E0%A6%B0-%E0%A6%B0%E0%A7%87%E0%A6%B8%E0%A6%BF%E0%A6%AA%E0%A6%BF-%E0%A6%9C%E0%A7%87%E0%A6%A8%E0%A7%87-%E0%A6%A8%E0%A6%BF%E0%A6%A8,লিচুর লেমোনেড বানানোর রেসিপি জেনে নিন,"গ্রীষ্মের রসালো ফল লিচু চলে এসেছে বাজারে। গরমের সময় প্রাণ ঠান্ডা করা লেমোনেড বানিয়ে ফেলতে পারেন লিচু দিয়ে। জেনে নিন কীভাবে বানাবেন।  একটি পাত্রে বিচি ছাড়ানো লিচু নিন ৭/৮টি। একটি লেবুর রস চিপে দিন। আরও দিন দুই/তিনটি পুদিনা পাতা। এবার সবকিছু ম্যাশার দিয়ে থেঁতো করে নিন। মিশ্রণটি দুটি আলাদা গ্লাসে ঢালুন। বরফের টুকরা, লেবুর স্লাইস, স্বাদ মতো সুগার সিরাপ দিন। সবশেষে ঠান্ডা সোডা ওয়াটার ঢেলে পুর্ন করে নিন গ্লাস। পরিবেশন করুন মজাদার লিচুর লেমোনেড। ",2025-05-30T20:21:00+06:00
https://www.banglatribune.com///www.banglatribune.com/lifestyle/900890/%E0%A6%8F%E0%A6%87-%E0%A7%AC-%E0%A6%96%E0%A6%BE%E0%A6%AC%E0%A6%BE%E0%A6%B0-%E0%A6%A8%E0%A6%BF%E0%A7%9F%E0%A6%AE%E0%A6%BF%E0%A6%A4-%E0%A6%96%E0%A7%87%E0%A6%B2%E0%A7%87-%E0%A6%AC%E0%A6%BE%E0%A6%B0%E0%A7%8D%E0%A6%A7%E0%A6%95%E0%A7%8D%E0%A6%AF-%E0%A6%86%E0%A6%B8%E0%A6%AC%E0%A7%87-%E0%A6%A6%E0%A7%87%E0%A6%B0%E0%A6%BF%E0%A6%A4%E0%A7%87,এই ৬ খাবার নিয়মিত খেলে বার্ধক্য আসবে দেরিতে,"ওয়াশিংটন বিশ্ববিদ্যালয় এবং অন্যান্য প্রতিষ্ঠানের গবেষকরা একটি গবেষণা করে এজিং জার্নালে তার ফল প্রকাশ করেছেন। সেখানে বলা হয়েছে যে, মিথাইল অ্যাডাপ্টোজেন নামক প্রাকৃতিক পদার্থযুক্ত উদ্ভিজ্জ খাবার জৈবিক বার্ধক্যকে ধীর করতে পারে। গবেষণায় লেখকরা ওরেগনের পোর্টল্যান্ডের ৪৩ জন সুস্থ মধ্যবয়সী পুরুষকে অনুসরণ করেছিলেন যারা ৮ সপ্তাহের একটি প্রোগ্রাম শেষ করেন। এতে উদ্ভিজ্জ পুষ্টিকর খাবারের পাশাপাশি ব্যায়াম, ঘুম এবং চাপ কমানোর উপর জোর দেওয়া হয়েছিল। ফলাফলে দেখা যায় যে; যারা অ্যান্টিঅক্সিডেন্ট এবং প্রদাহ-বিরোধী বৈশিষ্ট্যযুক্ত পলিফেনলযুক্ত খাবার গ্রহণ করেছিলেন, তারা জৈবিক বয়স হ্রাস কমাতে পেরেছিলেন অনেকটাই।  গবেষকরা প্রতিদিন গাঢ় পাতাযুক্ত সবুজ শাকসবজি, ব্রোকলি, ফুলকপি, বাঁধাকপির মতো সবজি, রঙিন শাকসবজি, কুমড়া, সূর্যমুখী বীজ, বিট, চর্বিহীন মাংস, আপেল, জাম্বুরা এবং চেরি ফলকে কম গ্লাইসেমিক ফল এবং মিথাইল অ্যাডাপ্টোজেন গ্রুপের একটি পরিবেশন বলে উল্লেখ করেন। তারা দুগ্ধজাত খাবার, শস্য, শিম এবং অ্যালকোহল এড়িয়ে চলার পরামর্শও দিয়েছেন। জেনে নিন কোন কোন খাবার বার্ধক্য প্রক্রিয়াকে ধীর করে দেয়।  ১। বেরি প্রতিদিন আধা কাপ বেরি খেলে আপনার জৈবিক বয়সের পরিবর্তন ঘটতে পারে। ন্যাশনাল লাইব্রেরি অব মেডিসিনে প্রকাশিত একটি গবেষণা অনুসারে, বেরিতে পলিফেনলিক যৌগ থাকে যা অক্সিডেটিভ স্ট্রেস এবং প্রদাহ কমায় এবং নিউরোনাল যোগাযোগের সাথে জড়িত সংকেত পরিবর্তন করে ২। রোজমেরিবিশেষজ্ঞরা ক্ষতিগ্রস্ত চুলের চিকিৎসার জন্য ভেষজটি ব্যবহার করার পরামর্শ দেন। তবে গবেষকরা জৈবিক বার্ধক্য রোধে সহায়তা করার জন্যও প্রতিদিন আধা চা চামচ রোজমেরি খাওয়ার পরামর্শ দিচ্ছেন। ন্যাশনাল লাইব্রেরি অব মেডিসিনে প্রকাশিত একটি গবেষণায় বলা হয়েছে যে, রোজমেরির নির্যাস আয়ুষ্কাল বৃদ্ধি করে। ৩। হলুদহলুদের নিরাময়কারী বৈশিষ্ট্য রয়েছে। গবেষকরা প্রতিদিন আধা চা চামচ হলুদ খাওয়ার পরামর্শ দিচ্ছেন। এতে থাকা কারকিউমিনের বার্ধক্য বিরোধী উপাদান হিসেবে পরিচিত। ন্যাশনাল লাইব্রেরি অফ মেডিসিনের একটি গবেষণায় বলা হয়, বার্ধক্য রোধকারী প্রোটিনকে বাধা দেয় হলুদ।                                     											jwARI.fetch( $( ""#ari-image-jw6839d8f625749"" ) );
              ৪। রসুনপ্রতিদিন ২ কোয়া রসুন খাওয়া খেলে বার্ধক্য আসবে দেরিতে। ন্যাশনাল লাইব্রেরি অব মেডিসিনে প্রকাশিত একটি গবেষণায বলছে, রসুনের অ্যান্টিঅক্সিডেন্ট বৈশিষ্ট্য মস্তিষ্কের বার্ধক্য রোধ করতে পারে।  ৫। গ্রিন টিপ্রতিদিন দুই কাপ গ্রিন টি খাওয়ার পরামর্শ দিয়েছেন গবেষকরা। এটি এর অ্যান্টিঅক্সিডেন্ট প্রক্রিয়ার সাহায্যে কোলাজেন বার্ধক্য বিলম্বিত করতে পারে। পাশাপাশি এটি মেলানিন উৎপাদনকেও দমন করে।  ৬। ওলং টিগ্রিন টি খেতে না চাইলে খেতে পারেন ওলং টি। প্রতিদিন ৩ কাপ ওলং চা পান করলে তারুণ্য বজায় থাকবে দীর্ঘদিন।  তথ্যসূত্র: টাইমস অব ইন্ডিয়া ",2025-05-30T16:35:00+06:00
https://www.banglatribune.com///www.banglatribune.com/lifestyle/900871/%E0%A6%B6%E0%A7%87%E0%A6%AB%E0%A7%87%E0%A6%B0-%E0%A6%B0%E0%A7%87%E0%A6%B8%E0%A6%BF%E0%A6%AA%E0%A6%BF-%E0%A6%97%E0%A7%8D%E0%A6%B0%E0%A6%BF%E0%A6%B2-%E0%A6%B8%E0%A6%BF-%E0%A6%AC%E0%A6%BE%E0%A6%B8%C2%A0,শেফের রেসিপি: গ্রিল সি বাস ,"ঈদে মাংসের পাশাপাশি আরও নানা ধরনের পদ টেবিলে থাকে। ঈদ উপলক্ষে গ্রিল সি বাস রাখতে পারেন মেন্যুতে। খুব সহজেই বানিয়ে ফেলা যায় আইটেমটি। রেসিপি জেনে নিন।  উপকরণ সি বাস / কোরাল মাছ- ২০০ গ্রাম (কাটা ছাড়ানো)লেবুর রস- ১ চা চামচ লবণ- ১/২ চা চামচসাদা গোলমরিচের গুঁড়া- ১/২ চা চামচঅলিভ অয়েল- ১ টেবিল চামচবাটার- ১ টেবিল চামচ  সসের উপকরণঅলিভ ওয়েল- ১ টেবিল চামচবাটার- ১ টেবিল চামচরসুন কুচি- ১ চা চামচ পার্সলে কুচি- ১ চা চামচপেঁয়াজ কুচি- ১ চা চামচ লেবুর রস- ১ চা চামচ  সস বানানোর প্রণালিএকটি ফ্রাইপ্যনে তেল দিয়ে এতে এক এক করে বাটার, রসুন কুচি এবং লেবুর রস দিয়ে ৫-৭ মিনিট রান্না করতে হবে, একটু শুকিয়ে এলে নামাতে হবে।   প্রস্তুত প্রণালিপ্রথমেই মাছ পরিষ্কার করে ধুয়ে নিতে হবে। কাটা মাঝে রেখে চামড়াসহ মাঝ বরাবর কেটে নিতে হবে। এবার একটি প্লেটে মাছ সব মসলা দিয়ে লেবুর রস, লবণ, সাদা গোলমরিচের গুঁড়া, অলিভ অয়েল ও বাটার দিয়ে ৩০ মিনিট ম্যারিনেট করতে হবে। ৩০ মিনিট পর ফ্রাইপ্যানে তেল দিয়ে মাছটিকে এপাশ ওপাশ করে ভেজে নিতে হবে। ভাজা হয়ে গেলে উপরে সস দিয়ে পার্সলে কুচি  ছিটিয়ে পরিবেশন করুন মজাদার গ্রিল সি বাস।  লেখক: ডিরেক্টর, ফুড অ্যান্ড বেভারেজ, ঢাকা রিজেন্সি হোটেল অ্যান্ড রিসোর্ট",2025-05-30T13:35:00+06:00
https://www.banglatribune.com///www.banglatribune.com/lifestyle/900896/%E0%A6%88%E0%A6%A6-%E0%A6%B8%E0%A6%A8%E0%A7%8D%E0%A6%A8%E0%A6%BF%E0%A6%95%E0%A6%9F%E0%A7%87-%E0%A6%AA%E0%A7%8D%E0%A6%B0%E0%A6%B8%E0%A7%8D%E0%A6%A4%E0%A7%81%E0%A6%A4%E0%A6%BF-%E0%A6%B6%E0%A7%87%E0%A6%B7-%E0%A6%B9%E0%A7%9F%E0%A7%87%E0%A6%9B%E0%A7%87-%E0%A6%A4%E0%A7%8B,"ঈদ সন্নিকটে, প্রস্তুতি শেষ হয়েছে তো?",কোরবানি ঈদ মানেই নানা কাজের ব্যস্ততা। ঈদের কাজ নির্ঝঞ্ঝাটে করতে চাইলে তাই আগেভাগেই কিছু কাজ এগিয়ে রাখতে পারেন। জেনে নিন ঈদের আগেই কোন কোন দিকে নজর দেওয়া জরুরি। ,2025-05-30T11:01:00+06:00
https://www.banglatribune.com///www.banglatribune.com/lifestyle/900887/%E0%A6%9C%E0%A6%BE%E0%A6%AE-%E0%A6%96%E0%A7%87%E0%A6%B2%E0%A7%87-%E0%A6%8F%E0%A6%A4-%E0%A6%89%E0%A6%AA%E0%A6%95%E0%A6%BE%E0%A6%B0-%E0%A6%AA%E0%A6%BE%E0%A6%93%E0%A7%9F%E0%A6%BE-%E0%A6%AF%E0%A6%BE%E0%A7%9F-%E0%A6%9C%E0%A6%BE%E0%A6%A8%E0%A6%A4%E0%A7%87%E0%A6%A8,জাম খেলে এত উপকার পাওয়া যায় জানতেন?,"মৌসুমি ফল জাম উঠে গেছে বাজারে। রসালো ও মিষ্টি জাম শুধু খেতেই সুস্বাদু নয়, এটি পুষ্টিগুণেও অনন্য। ফলটিতে মেলে আয়রন, ক্যালসিয়াম, ম্যাগনেসিয়াম, ফসফরাস, সোডিয়াম, ভিটামিন সি, থিয়ামিন, প্রোটিন, রিবোফ্লাভিন, ভিটামিন এ, নিয়াসিনসহ আরও অনেক প্রয়োজনীয় পুষ্টি উপাদান। এই মৌসুমে নিয়মিত খেতে পারেন জাম। খেলে কোন কোন উপকার পাবেন জেনে নিন।  তথ্যসূত্র: ওয়েবএমডি ",2025-05-29T21:37:07+06:00
https://www.banglatribune.com///www.banglatribune.com/others/900872/%E0%A6%88%E0%A6%A6%E0%A7%87%E0%A6%B0-%E0%A6%86%E0%A6%97%E0%A7%87-%E0%A6%86%E0%A6%87%E0%A6%A8%E0%A6%B6%E0%A7%83%E0%A6%99%E0%A7%8D%E0%A6%96%E0%A6%B2%E0%A6%BE-%E0%A6%AA%E0%A6%B0%E0%A6%BF%E0%A6%B8%E0%A7%8D%E0%A6%A5%E0%A6%BF%E0%A6%A4%E0%A6%BF%E0%A6%B0-%E0%A6%85%E0%A6%AC%E0%A6%A8%E0%A6%A4%E0%A6%BF-%E0%A6%A8%E0%A6%BF%E0%A6%B0%E0%A6%BE%E0%A6%AA%E0%A6%A4%E0%A7%8D%E0%A6%A4%E0%A6%BE,"ঈদের আগে আইনশৃঙ্খলা পরিস্থিতির অবনতি, নিরাপত্তা নিয়ে শঙ্কা","আর এক সপ্তাহ পর পবিত্র ঈদুল আজহা। ইসলাম ধর্মাবলম্বীদের মাঝে পুরোদমে চলছে ঈদের প্রস্তুতি। সারা দেশে বসছে কোরবানির পশুর হাট। এদিকে রাজধানী ঢাকাসহ সারা দেশে আইনশৃঙ্খলা পরিস্থিতির অবনতিতে জনমনে বেড়েছে উদ্বেগ। একদিনের ব্যবধানে রাজধানীতে হত্যাকাণ্ডসহ প্রকাশ্য দিন-দুপুরে একাধিক  ছিনতাইয়ের ঘটনা ঘটেছে। ফলে ঈদ সামনে রেখে জননিরাপত্তা নিয়ে শঙ্কার কথা জানিয়েছেন  সংশ্লিষ্টরা। রবিবার (২৫ মে) রাতে রাজধানীর বাড্ডার গুদারাঘাট এলাকায় গুলশান থানা বিএনপির যুগ্ম আহ্বায়ক কামরুল আহসান সাধনকে গুলি করে হত্যা করেছে দুর্বৃত্তরা। একই দিন মগবাজারে প্রকাশ্য দিবালোকে চাপাতি দিয়ে আঘাত করে ছিনতাইকারীরা এক তরুণের ব্যাগ ছিনিয়ে নিয়ে যায়। এর একদিন পর গত ২৬ মে  মিরপুরে দিন-দুপুরে প্রকাশ্যে ব্যবসায়ীকে গুলি করে ২২ লাখ টাকার ছিনতাই করে দুর্বৃত্তরা। প্রতিটি ঘটনার ভিডিও সামাজিক যোগাযোগমাধ্যমে ছড়িয়ে পড়ে। এছাড়া বুধবার (২৮ মে) বিকালে রাজধানীর পল্লবীতে প্রেমের জেরে একটি বাসায় স্বামী-স্ত্রীকে হত্যার কথা জানিয়েছে পুলিশ। অপরাধ ও নিরাপত্তা বিশ্লেষকরা বলছেন, আইনশৃঙ্খলা পরিস্থিতির কিছু কিছু ক্ষেত্রে সফলতা দেখা গেলেও সামগ্রিকভাবে এখনও স্থিতিশীল নয়, যে কারণে এসব ঘটনা ঘটছে। পুলিশের দায়িত্বশীল সূত্র বলছে, ঈদকে সামনে রেখে সারা দেশে নিরাপত্তা নিশ্চিত করতে কাজ করছে পুলিশের সব ইউনিট। ইতোমধ্যে মাঠ পর্যায়ে কর্মরতদের একগুচ্ছ পরামর্শ ও নিরাপত্তা নির্দেশনা দেওয়া হয়েছে। আসন্ন ঈদুল আজহা নিরাপদে উদযাপনের লক্ষ্যে আন্তরিকভাবে কাজ করার জন্য মাঠ পর্যায়ের পুলিশ কর্মকর্তাদের নির্দেশ দিয়েছে পুলিশ সদর দফতর। পুলিশের সদর দফতর জানিয়েছে, ঈদুল আজহা উপলক্ষে মেট্রোপলিটন পুলিশ, জেলা পুলিশ, হাইওয়ে পুলিশ, রেলওয়ে পুলিশ, ট্যুরিস্ট পুলিশ, নৌ-পুলিশসহ পুলিশের বিশেষায়িত ইউনিটগুলো সম্মিলিতভাবে দায়িত্ব পালন করবে। কোরবানির পশু পরিবহন নির্বিঘ্ন করা, এক হাটের পশু জোর করে অন্য হাটে না নেওয়া, হাইওয়ের পাশে পশুরহাট না বসানো, জাল টাকা, ছিনতাই ও চাঁদাবাজি প্রতিরোধ, মার্কেট ও শপিং মলের নিরাপত্তা প্রদানে সতর্কতার সঙ্গে দায়িত্ব পালনের জন্য নির্দেশ দেওয়া হয়েছে। বিশেষ করে নৌপথে কোরবানির পশু পরিবহন ও হাটের নিরাপত্তা নির্বিঘ্ন করতে আন্তরিকতার সঙ্গে কাজ করছে নৌ-পুলিশ। কোরবানির পশুর হাটকে কেন্দ্র করে নদীপথসহ হাট এলাকায় চাঁদাবাজির প্রবণতা লক্ষ করা গেলে বা  এ ধরণের কোনও তথ্য থাকলে তাৎক্ষণিক জাতীয় জরুরি সেবা ৯৯৯ নম্বরে জানানোর জন্য হাট ইজারাদারদের প্রতি আহ্বান জানিয়েছে নৌ-পুলিশ। পাশাপাশি চাঁদাবাজিসহ অনাকাঙ্ক্ষিত ঘটনা রোধে প্রস্তুত রয়েছে পুলিশের এই ইউনিট। এছাড়া প্রতিবছরের মতো এবারও রাজধানীর ঈদুল আজহাকে ঘিরে নেওয়া হচ্ছে নিশ্ছিদ্র নিরাপত্তা ব্যবস্থা। ঈদের ছুটিতে আবাসিক ও বাণিজ্যিক এলাকায় অপরাধমূলক কর্মকাণ্ড প্রতিরোধের লক্ষ্যে রাজধানীতে মোবাইল প্যাট্রল, ফুট প্যাট্রল ও চেকপোস্ট বসিয়ে নিরাপত্তা বলয়  তৈরি করা হবে। গরুর হাট, শপিং মল এলাকায় বিশেষ নিরাপত্তার ব্যবস্থার কথা জানিয়েছে ঢাকা মহানগর পুলিশ (ডিএমপি)। ঈদকে কেন্দ্র করে অর্থনৈতিক কর্মকাণ্ড ও নগদ অর্থের লেনদেন বৃদ্ধি পেয়ে থাকে। এমতাবস্থায় কোনও ব্যক্তি বা প্রতিষ্ঠান নগদ অর্থ স্থানান্তরের জন্য পুলিশের সহায়তা প্রয়োজন মনে করলে ঢাকা মেট্রোপলিটন পুলিশ ‘মানি এস্কর্ট সেবা’ প্রদান করবে। এ ক্ষেত্রে মানি এস্কর্ট সেবা প্রত্যাশী ব্যক্তি বা প্রতিষ্ঠানকে যানবাহনের সংস্থান করতে হবে। সেবা প্রত্যাশী ব্যক্তি বা প্রতিষ্ঠানকে নিকটস্থ থানা অথবা পুলিশ কন্ট্রোল রুমে যোগাযোগ করার জন্য পরামর্শ দিয়েছে ডিএমপি। ডিএমপি আরও জানিয়েছে, ঈদকেন্দ্রিক বিভিন্ন পশুর হাট, বাস, রেল ও লঞ্চ টার্মিনালে থাকছে পুলিশের বিশেষ নজরদারি। সেখানে কেউ যাতে অজ্ঞান পার্টি-মলম পার্টি বা ছিনতাইয়ের শিকার না হয়, সে জন্য পোশাকের পাশাপাশি সাদা পোশাকেও গোয়েন্দা নজরদারি থাকছে। নিরাপত্তার বিষয়ে পুলিশ সদর দফতরের সহকারী মহাপরিদর্শক (এআইজি-মিডিয়া অ্যান্ড পিআর) এনামুল হক সাগর বাংলা ট্রিবিউনকে বলেন, ‘ঈদুল আজহা উপলক্ষে সারা দেশের সার্বিক নিরাপত্তা নিশ্চিতের জন্য প্রয়োজনীয় নিরাপত্তা ব্যবস্থা নেওয়া হয়েছে। সব বিষয় মাথায় রেখে পুলিশের বিভিন্ন ইউনিটের সদস্যদের সব জায়গায় কঠোর নজরদারি রাখতে বলা হয়েছে।’ তিনি বলেন, ‘ঈদকেন্দ্রিক বিভিন্ন পশুর হাট এবং বাস, রেল ও লঞ্চ টার্মিনালে থাকছে পুলিশের বিশেষ নজরদারি। সারা দেশের আইনশৃঙ্খলা পরিস্থিতির বিষয়ে আমরা নজর রাখছি। যেকোনও ঘটনা ঘটার পরপরই আমরা অপরাধীদের গ্রেফতার করে আইনের আওতায় আনছি। সামনের দিনগুলোতে যাতে কোনও ধরনের অনাকাঙ্ক্ষিত ঘটনা না ঘটে, সেজন্য পুলিশি তৎপরতা রয়েছে।’ ঢাকা মহানগর পুলিশের গণমাধ্যম ও জনসংযোগ শাখার উপ-পুলিশ কমিশনার মুহাম্মদ তালেবুর রহমান বলেন, ঈদুল আজহা উপলক্ষে রাজধানীর সার্বিক নিরাপত্তা নিশ্চিতের জন্য ডিএমপির পক্ষ থেকে  নিরাপত্তা ব্যবস্থার কথা ইতোমধ্যে জানানো হয়েছে।  বিশেষ করে শহরের গরুর হাট, শপিং মহল— এসব এলাকা বিশেষ নজরদারির আওতায় নিয়ে আসা হয়েছে। নগদ টাকা বহনে কোনও আশঙ্কা তৈরি হলে সঙ্গে সঙ্গে নিকটস্থ পুলিশ স্টেশনকে জানাতে বলেছি। এছাড়া ঈদে শহর থেকে গ্রামের বাড়িতে যাবেন অনেকে। এ সময়ে শহরের বাসাবাড়ি ফাঁকা পেয়ে চুরি-ডাকাতি যাতে বেড়ে না যায়, তার জন্য নগর পুলিশের সব ইউনিটকে প্রস্তুত থাকতে নির্দেশ দেওয়া হয়েছে। এ ক্ষেত্রেও পোশাকে টহল পুলিশের পাশাপাশি সাদা পোশাকে পুলিশ মোতায়েন থাকবে। লঞ্চ ও বাস টার্মিনাল ও রেলওয়ে স্টেশনে পর্যাপ্ত নিরাপত্তা ব্যবস্থা নেওয়া হয়েছে। স্বরাষ্ট্র উপদেষ্টা লেফটেন্যান্ট জেনারেল মো. জাহাঙ্গীর আলম চৌধুরী (অব.) বলেছেন, কোরবানির ঈদে রাজধানীতে একটু নিরাপত্তা সংকট তৈরি হতে পারে। তবে এ বিষয়ে সজাগ রয়েছে আইনশৃঙ্খলা রক্ষাকারী বাহিনী। ঈদের সময় সবাইকে নিরাপত্তা নিয়ে সচেতন থাকারও পরামর্শ দেন তিনি। এ বছর ঢাকা মহানগরীর দুই দিকে ২০টি হাটের ব্যবস্থা করা হয়েছে। এসব হাটে যাতে নিরাপত্তা ব্যবস্থা ঠিকঠাক থাকে, সেই ব্যবস্থা করা হচ্ছে। প্রতিটি হাটে পর্যাপ্ত আনসার সদস্য থাকবে।",2025-05-30T10:00:00+06:00
https://www.banglatribune.com///www.banglatribune.com/others/900990/%E0%A6%AC%E0%A6%BF%E0%A6%B6%E0%A7%87%E0%A6%B7-%E0%A6%85%E0%A6%AD%E0%A6%BF%E0%A6%AF%E0%A6%BE%E0%A6%A8%E0%A7%87-%E0%A6%8F%E0%A6%95%E0%A6%A6%E0%A6%BF%E0%A6%A8%E0%A7%87-%E0%A6%97%E0%A7%8D%E0%A6%B0%E0%A7%87%E0%A6%AB%E0%A6%A4%E0%A6%BE%E0%A6%B0-%E0%A7%A7%E0%A7%A7%E0%A7%A6%E0%A7%AA,বিশেষ অভিযানে একদিনে গ্রেফতার ১১০৪,"রাজধানী ঢাকাসহ দেশের বিভিন্ন জেলায় পুলিশের চলমান বিশেষ অভিযানে একদিনে ১ হাজার ১০৪ জনকে গ্রেফতার করা হয়েছে। বৃহস্পতিবার (২৯ মে) ২৪ ঘণ্টায় তাদের গ্রেফতার করা হয়। এসময় আগ্নেয়াস্ত্র ও গুলিসহ দেশীয় অস্ত্র জব্দ করা হয়েছে। শুক্রবার (৩০ মে) পুলিশ সদরদফতরের মিডিয়া শাখা থেকে গণমাধ্যমে পাঠানো এক সংবাদ বিজ্ঞপ্তিতে এ তথ্য জানানো হয়েছে।   পুলিশ সদরদফতরের জানায়, গ্রেফতারদের মধ্যে ৬৭১ জন বিভিন্ন মামলার ওয়ারেন্টভুক্ত আসামি এবং ৪৩৩ জন অন্যান্য অভিযোগে গ্রেফতার হয়েছেন। এছাড়া অভিযানে অবৈধ অস্ত্র, দেশীয় অস্ত্রশস্ত্র ও অন্যান্য সরঞ্জাম উদ্ধার করা হয়েছে। উদ্ধার করা অস্ত্রের মধ্যে রয়েছে— একটি দেশীয় রিভলবার, দুটি লোহার ওয়ান শুটারগান, চার রাউন্ড কাটার, একটি চাপাতি, চারটি রামদা ও একটি দা। পুলিশ জানিয়েছে, আইনশৃঙ্খলা রক্ষা, অপরাধ নিয়ন্ত্রণ এবং নগরবাসীর নিরাপত্তা নিশ্চিত করতে এই বিশেষ অভিযান অব্যাহত থাকবে। অভিযানে আটক ব্যক্তিদের বিরুদ্ধে আইনি ব্যবস্থা নেওয়া হচ্ছে এবং উদ্ধার করা অস্ত্র ও সরঞ্জাম জব্দ করে আদালতে উপস্থাপন করা হয়েছে।",2025-05-30T17:50:56+06:00
https://www.banglatribune.com///www.banglatribune.com/others/900987/%E0%A6%B6%E0%A7%8D%E0%A6%AF%E0%A6%BE%E0%A6%AE%E0%A6%AA%E0%A7%81%E0%A6%B0%E0%A7%87-%E0%A6%8F%E0%A6%95%E0%A6%AE%E0%A6%BE%E0%A6%B8%E0%A7%87-%E0%A7%A7%E0%A7%A7-%E0%A6%9B%E0%A6%BF%E0%A6%A8%E0%A6%A4%E0%A6%BE%E0%A6%87%E0%A6%95%E0%A6%BE%E0%A6%B0%E0%A7%80-%E0%A6%97%E0%A7%8D%E0%A6%B0%E0%A7%87%E0%A6%AB%E0%A6%A4%E0%A6%BE%E0%A6%B0,শ্যামপুরে একমাসে ১১ ছিনতাইকারী গ্রেফতার,"রাজধানীর শ্যামপুর এলাকায় মাসব্যাপী বিশেষ অভিযানে পেশাদার ছিনতাইকারী চক্রের সক্রিয় ১১ সদস্যকে গ্রেফতার করেছে ঢাকা মেট্রোপলিটন পুলিশের (ডিএমপি) শ্যামপুর মডেল থানা। গ্রেফতার ব্যক্তিদের মধ্যে রয়েছে ১৯ মামলার এজাহারভুক্ত আসামি অনিক পান্নাও। শুক্রবার (৩০ মে) ডিএমপির মিডিয়া শাখা থেকে গণমাধ্যমে পাঠানো এক সংবাদ বিজ্ঞপ্তিতে এ তথ্য জানানো হয়েছে। গ্রেফতার ব্যক্তিরা হলো— অনিক পান্না (৩৫), মো. আল-আমিন (১৯), শুভ শেখ (৩০), মো. সুজন চৌধুরী (২৮),  মো. শাকিল (১৯), মো. মিরাজ হোসেন (২০),  মো. জিয়ানুর রহমান (৩৪), মো. দুলাল মিয়া (৪০), মো. রফিকুল ইসলাম মিলন (৩০),  মো. সজিব শেখ ওরফে প্রকাশ সৈকত ও রুবেল। ডিএমপি জানায়, শ্যামপুর থানার ছিনতাই প্রতিরোধ ও বিশেষ টহল টিম মে মাস জুড়ে ধারাবাহিকভাবে অভিযান পরিচালনা করে। মাসব্যাপী অভিযানের ভিত্তিতে বিভিন্ন সময় ও স্থানে চিহ্নিত ছিনতাইকারীদের আটক করা হয়। গ্রেফতার সবাই পেশাদার ছিনতাইকারী। তারা মূলত বাস, ট্রেন স্টেশন, ব্যস্ত বাজার ও রাস্তার মোড়ে ছিনতাইয়ের ঘটনায় জড়িত ছিল। তাদের অনেকেই দিনের বেলায় সাধারণ মানুষের মতো চলাফেরা করলেও রাতে সক্রিয় হয়ে ওঠে। অনিক পান্না— এক ভয়ংকর নাম গ্রেফতার অনিক পান্নার বিরুদ্ধে রাজধানীর বিভিন্ন থানায় হত্যা, মাদক ও ছিনতাইসহ মোট ১৯টি মামলা রয়েছে। পুলিশ জানিয়েছে, তিনি দীর্ঘদিন ধরে পলাতক ছিলেন এবং ছদ্মবেশে এলাকায় অবস্থান করছিলেন। গ্রেফতার ব্যক্তিদের বিরুদ্ধে সংশ্লিষ্ট থানায় একাধিক মামলা রয়েছে। তাদের আদালতে পাঠানো হয়েছে এবং তদন্ত কার্যক্রম চলমান রয়েছে।",2025-05-30T17:37:15+06:00
https://www.banglatribune.com///www.banglatribune.com/others/900985/%E0%A6%89%E0%A6%A4%E0%A7%8D%E0%A6%A4%E0%A6%B0%E0%A6%BE%E0%A7%9F-%E0%A6%85%E0%A6%AA%E0%A6%B9%E0%A6%B0%E0%A6%A3%E0%A6%95%E0%A6%BE%E0%A6%B0%E0%A7%80-%E0%A6%9A%E0%A6%95%E0%A7%8D%E0%A6%B0%E0%A7%87%E0%A6%B0-%E0%A7%AB-%E0%A6%B8%E0%A6%A6%E0%A6%B8%E0%A7%8D%E0%A6%AF-%E0%A6%97%E0%A7%8D%E0%A6%B0%E0%A7%87%E0%A6%AB%E0%A6%A4%E0%A6%BE%E0%A6%B0-%E0%A6%AD%E0%A6%BF%E0%A6%95%E0%A6%9F%E0%A6%BF%E0%A6%AE,"উত্তরায় অপহরণকারী চক্রের ৫ সদস্য গ্রেফতার, ভিকটিম উদ্ধার","রাজধানীর উত্তরা থেকে অপহৃত এক স্কুলছাত্রীকে উদ্ধার এবং একটি পেশাদার অপহরণকারী চক্রের সক্রিয় পাঁচ সদস্যকে গ্রেফতার করেছে ঢাকা মেট্রোপলিটন পুলিশের (ডিএমপি) উত্তরা পশ্চিম থানা। বুধবার (২৮ মে) বিকাল সাড়ে ৩টার দিকে উত্তরা ১১ নম্বর সেক্টরের ১০/বি রোডের একটি ভবনের দ্বিতীয় তলায় অভিযান চালিয়ে ভিকটিমকে উদ্ধার এবং পাঁচ অপহরণকারীকে গ্রেফতার করে পুলিশ। শুক্রবার (৩০ মে) ডিএমপির মিডিয়া শাখা থেকে গণমাধ্যমে পাঠানো এক সংবাদ বিজ্ঞপ্তিতে এ তথ্য জানানো হয়েছে। গ্রেফতার ব্যক্তিরা হলেন— মো. মাসুম পারভেজ (৩৮), মো. সোলাইমান হোসেন (৩৮), শফিকুল ইসলাম সৌরভ (২৭), মোছা. মায়া (২৫) ও মোছা. রুলি খানম (১৯)। অভিযানের সময় অপহরণকারীদের কাছ থেকে ১ কোটি ৪১ লাখ টাকা, ৬০ পিস ইয়াবা, দুটি সিসিটিভি ক্যামেরা এবং তিনটি মোবাইল জব্দ করা হয়। ডিএমপি জানায়, গত ২৬ মে বিকাল সাড়ে ৫টার দিকে মনিপুর স্কুল অ্যান্ড কলেজের দ্বাদশ শ্রেণির এক ছাত্রী রূপনগর আবাসিক এলাকার নিজ বাসা থেকে বেরিয়ে নিখোঁজ হয়। পরদিন ২৭ মে রাত আড়াইটার দিকে ভিকটিমের মায়ের মোবাইলে একটি অজ্ঞাত নম্বর থেকে কল করে ৫০ হাজার টাকা মুক্তিপণ দাবি করা হয়। ঘটনাটি সঙ্গে সঙ্গে উত্তরা পশ্চিম থানায় জানায়  ভিকটিমের মা। তথ্যপ্রযুক্তির সহায়তায় পুলিশ অপহরণকারীদের অবস্থান শনাক্ত করে। পরে ২৮ মে ভিকটিমকে উদ্ধার ও পাঁচ অপহরণকারীকে গ্রেফতার করা হয়। অভিযানের সময় চক্রের আরও কয়েকজন সদস্য পালিয়ে যায়। পুলিশ জানিয়েছে, প্রাথমিক জিজ্ঞাসাবাদে গ্রেফতার ব্যক্তিরা স্বীকার করেছে, তারা একটি সংঘবদ্ধ অপহরণকারী চক্রের সদস্য। তারা বিভিন্ন বয়সী কিশোরী ও তরুণীদের চাকরির প্রলোভন দেখিয়ে অপহরণ করে। পরে জোরপূর্বক নগ্ন ছবি ও ভিডিও ধারণ করে পরিবারকে ভয় দেখিয়ে মুক্তিপণ আদায় করতো। অপারেশন চালানোর জন্য তারা বাসা ভাড়া নিয়ে নির্জন পরিবেশে এসব অপরাধ পরিচালনা করতো। ঘটনার পরিপ্রেক্ষিতে উত্তরা পশ্চিম থানায় নারী ও শিশু নির্যাতন দমন আইন, মাদকদ্রব্য নিয়ন্ত্রণ আইন এবং পর্নোগ্রাফি নিয়ন্ত্রণ আইনে ৩টি পৃথক মামলা দায়ের করেছে। গ্রেফতার ব্যক্তিদের আদালতে পাঠানো হয়েছে এবং পলাতক আসামিদের গ্রেফতারে অভিযান অব্যাহত রয়েছে বলে জানিয়েছে পুলিশ। ডিএমপি আরও জানায়, এ ধরনের অপরাধ দমনে পুলিশ জিরো টলারেন্স নীতি অনুসরণ করছে। সামাজিক যোগাযোগ মাধ্যম বা চাকরির প্রলোভনে কেউ যাতে প্রতারণার শিকার না হন, সে বিষয়ে অভিভাবক ও কিশোরীদের সচেতন থাকার আহ্বান জানানো হয়েছে।",2025-05-30T17:23:38+06:00
https://www.banglatribune.com///www.banglatribune.com/others/900982/%E0%A6%AE%E0%A6%97%E0%A6%AC%E0%A6%BE%E0%A6%9C%E0%A6%BE%E0%A6%B0%E0%A7%87-%E0%A6%9B%E0%A6%BF%E0%A6%A8%E0%A6%A4%E0%A6%BE%E0%A6%87%E0%A7%9F%E0%A7%87%E0%A6%B0-%E0%A6%98%E0%A6%9F%E0%A6%A8%E0%A6%BE%E0%A7%9F-%E0%A7%AA-%E0%A6%9C%E0%A6%A8-%E0%A6%B0%E0%A6%BF%E0%A6%AE%E0%A6%BE%E0%A6%A8%E0%A7%8D%E0%A6%A1%E0%A7%87,মগবাজারে ছিনতাইয়ের ঘটনায় ৪ জন রিমান্ডে,"ঢাকার মগবাজার এলাকায় ছিনতাইয়ের ঘটনার ভিডিও ফেসবুকে ভাইরাল হওয়ার পর গ্রেফতার চার আসামির তিন দিন করে রিমান্ড মঞ্জুর করেছেন আদালত। শুক্রবার (৩০ মে) ঢাকার মেট্রোপলিটন ম্যাজিস্ট্রেট ইসরাত জেনিফার জেরিন শুনানি শেষে এ আদেশ দেন। রিমান্ডে যাওয়া আসামিরা হলো– মো. সোহেল রানা, মো. জীবন ওরফে হৃদয়, মো. শামীম ও মকবুল হোসেন। তাদের মধ্যে মকবুল ছিনতাইয়ের মালামাল ক্রেতা। অপর তিন জন সরাসরি ছিনতাইয়ে অংশ নেয়। আজ তাদের আদালতে হাজির করা হয়। এরপর মামলার তদন্তকারী কর্মকর্তা উপ-পরিদর্শক ইব্রাহীম খলিল তাদের পাঁচ দিনের রিমান্ডে নিতে আবেদন করেন। শুনানি শেষে আদালত প্রত্যেকের তিন দিন করে রিমান্ড মঞ্জুর করেন। এর আগে ২৯ মে সোহেলকে কেরানীগঞ্জ ও অপর তিন আসামিকে মোহাম্মদপুর এলাকা থেকে গ্রেফতার করে মহানগর গোয়েন্দা পুলিশ-ডিবি। এ সময় তাদের কাছ থেকে ছিনতাই হওয়া ব্যাগ, ৯ হাজার ৬০০ টাকা, একটি মোবাইল ফোন, ছিনতাইয়ে ব্যবহৃত দুটি চাপাতি ও মোটরসাইকেল জব্দ করা হয়। মামলার সূত্রে জানা গেছে, গত ১৮ মে মগবাজারের গ্রিনওয়ে গলিতে ওই ছিনতাইয়ের ঘটনা ঘটে। ঘটনার সিসিটিভি ভিডিও ছড়িয়ে পড়লে জড়িতদের গ্রেফতারে অভিযানে নামে পুলিশ। ভাইরাল হওয়া ওই ভিডিওতে দেখা গেছে, ভুক্তভোগী এক তরুণ একটি ব্যাগ কাঁধে হেঁটে যাওয়ার সময় তার পথ আটকায় বাইকে আসা তিন জন। বাইক থেকে দুই জন দুটি চাপাতি নিয়ে নেমে ওই তরুণকে একটি বাড়ির ফটকের সামনে চেপে ধরে। এর মধ্যে চাপাতি দিয়ে আঘাত করতেও দেখা যায় তাদের। এক পর্যায়ে ওই তরুণের ব্যাগটি কেড়ে নিয়ে দুই ছিনতাইকারী বাইকে উঠে পড়ে। এরপর ভুক্তভোগী বাইকের সামনে এসে চাকা ধরে অনুরোধ করতে দেখা গেলে চাপাতি হাতে দুই জন আবার বাইক থেকে নেমে তাকে আঘাত করে সরিয়ে দেয়। এরমধ্যে বাইকটি টান দিলে হামলাকারী একজন আবারও ভুক্তভোগীর দিকে চাপাতি হাতে তেড়ে যায়। মাত্র এক মিনিটের মধ্যে ভুক্তভোগীর ব্যাগ ছিনিয়ে নিয়ে পালিয়ে যায়। এ ঘটনায় ভুক্তভোগী আব্দুল্লাহ গত ২৬ মে রাজধানীর হাতিরঝিল থানায় মামলা করেন।",2025-05-30T17:02:45+06:00
https://www.banglatribune.com///www.banglatribune.com/country/900980/%E0%A6%9F%E0%A6%BE%E0%A6%99%E0%A7%8D%E0%A6%97%E0%A6%BE%E0%A6%87%E0%A6%B2%E0%A7%87%E0%A6%B0-%E0%A6%AE%E0%A6%B9%E0%A6%BE%E0%A6%B8%E0%A7%9C%E0%A6%95%E0%A7%87-%E0%A6%AA%E0%A6%BE%E0%A6%AE%E0%A6%93%E0%A7%9F%E0%A7%87%E0%A6%B2-%E0%A6%A4%E0%A7%87%E0%A6%B2%E0%A6%AC%E0%A6%BE%E0%A6%B9%E0%A7%80-%E0%A6%9F%E0%A7%8D%E0%A6%B0%E0%A6%BE%E0%A6%95-%E0%A6%9B%E0%A6%BF%E0%A6%A8%E0%A6%A4%E0%A6%BE%E0%A6%87,টাঙ্গাইলের মহাসড়কে পামওয়েল তেলবাহী ট্রাক ছিনতাই,"টাঙ্গাইলের মির্জাপুরে মহাসড়কে চালক ও হেলপারের হাত-পা বেঁধে ৬০ ড্রাম পামওয়েল তেলসহ একটি ট্রাক ছিনতাইয়ের অভিযোগ উঠেছে। বৃহস্পতিবার (২৯ মে) দিনগত রাতে ঢাকা-টাঙ্গাইল মহাসড়কে উপজেলার নাসির গ্লাস কারখানা সংলগ্ন এলাকায় এ ঘটনা ঘটে। এ সময় চালক ও হেলপারকে মারধর করে আহত হয় বলে জানা গেছে। আহতরা হলেন– নওগাঁ সদর উপজেলার আলাউদ্দিনের ছেলে ও ট্রাক চালক আল আমিন এবং একই এলাকার বাবু মিয়ার ছেলে ট্রাকটির হেলপার টিটু। চালক আল আমিন বলেন, ‘বৃহস্পতিবার আয়াত এন্টারপ্রাইজের একটি ট্রাকে ৬০ ড্রাম পামওয়েল তেল নিয়ে চট্টগ্রাম থেকে বগুড়ার দুপচাঁচিয়ার উদ্দেশে রওনা দেন তারা। রাত ৩টার দিকে ঢাকা-টাঙ্গাইল মহাসড়কের মির্জাপুরের নাসির গ্লাস কারখানা সংলগ্ন ব্রিজে ওঠার পর একদল ছিনতাইকারী ট্রাকটির গতিরোধ করে। পরে তারা টাকে উঠে হাত-পা বেঁধে ট্রাকটি নিয়ন্ত্রণে নেয়। পরে অস্ত্রের ভয় দেখায়। এরপর মহাসড়কের একটি জায়গায় তাদের ফেলে পালিয়ে যায়। ট্রাকটির মালিক সনি জানান, রাতেই চালক ফোনে জানিয়েছেন তাদের ট্রাকটির মালামালসহ ডাকাতরা ছিনতাই করে নিয়ে গেছে। তাদের মারধর করে মহাসড়কে ফেলে রেখে গিয়েছিল। পরে তারা টহলরত পুলিশের কাছে বিষয়টি জানিয়েছে। এই ঘটনায় থানায় অভিযোগ দায়ের করা হয়েছে। ট্রাকে ৬০ ড্রামে ১১ হাজার ৪০০ কেজি পামওয়েল তেল ছিল।  যার দাম প্রায় ২০ লাখ টাকা। মির্জাপুর থানার ভারপ্রাপ্ত কর্মকর্তা (ওসি) মো. রাশেদুল ইসলাম বলেন, ‘মহাসড়কের ওপর থেকে তেলবোঝাই ট্রাক ছিনতাই হয়েছে বলে চালক জানিয়েছে। এ ঘটনায় থানায় মামলা দায়ের প্রস্তুতি চলছে। ট্রাকটি উদ্ধারে অভিযান শুরু হয়েছে।’ প্রসঙ্গত, গত ২০ মে ঢাকা-টাঙ্গাইল-যমুনা সেতু মহাসড়কে রাতভর চলন্ত যাত্রীবাহী বাসে ডাকাতি ও নারী যাত্রীদের যৌন হয়রানির ঘটনা ঘটে। ওই ঘটনায় টাঙ্গাইল সদর থানায় মামলার পর পুলিশ ডাকাত দলের তিন সদস্যকে গ্রেফতার করে। এর আগেও এই সড়কে বাসে ডাকাতিসহ নারীদের যৌন হয়রানি ও ধর্ষণের পর হত্যার ঘটনা ঘটেছে।",2025-05-30T16:47:14+06:00
https://www.banglatribune.com///www.banglatribune.com/jobs/896980/%E0%A6%AE%E0%A7%87%E0%A6%9F%E0%A7%8D%E0%A6%B0%E0%A7%8B%E0%A6%B0%E0%A7%87%E0%A6%B2%E0%A7%87-%E0%A6%A8%E0%A6%A4%E0%A7%81%E0%A6%A8-%E0%A6%A8%E0%A6%BF%E0%A7%9F%E0%A7%8B%E0%A6%97-%E0%A6%AC%E0%A6%BF%E0%A6%9C%E0%A7%8D%E0%A6%9E%E0%A6%AA%E0%A7%8D%E0%A6%A4%E0%A6%BF-%E0%A6%8F%E0%A6%95%E0%A6%BE%E0%A6%A7%E0%A6%BF%E0%A6%95-%E0%A6%AA%E0%A6%A6%E0%A7%87-%E0%A6%9A%E0%A6%BE%E0%A6%95%E0%A6%B0%E0%A6%BF,"মেট্রোরেলে নতুন নিয়োগ বিজ্ঞপ্তি, একাধিক পদে চাকরি","সরকারি চাকরির খবর। একাধিক পদে নিয়োগ। ঢাকা ম্যাস ট্রানজিট কোম্পানি লিমিটেড (ডিএমটিসিএল) জনবল নিয়োগের বিজ্ঞপ্তি দিয়েছে। ২৪ ক্যাটাগরির পদে মোট ১২০ জন নিয়োগ দেওয়া হবে। আগ্রহীরা আগামী ৪ জুন, ২০২৫ পর্যন্ত আবেদন করতে পারবেন। ১. পদের নাম: সহকারী ব্যবস্থাপক (প্রশাসন)পদসংখ্যা: ১বেতন: ৫০,৬০০ টাকা ২. পদের নাম: সহকারী ব্যবস্থাপক (মানবসম্পদ)পদসংখ্যা: ১বেতন: ৫০,৬০০ টাকা ৩. পদের নাম: সহকারী ব্যবস্থাপক (এস্টেট/লিগ্যাল)পদসংখ্যা: ২বেতন: ৫০,৬০০ টাকা ৪. পদের নাম: সহকারী ব্যবস্থাপক (নিরাপত্তা)পদসংখ্যা: ১বেতন: ৫০,৬০০ টাকা ৫. পদের নাম: নিরাপত্তা কর্মকর্তাপদসংখ্যা: ৩বেতন: ৩৬,৮০০ টাকা ৬. পদের নাম: অর্থ কর্মকর্তাপদসংখ্যা: ১বেতন: ৩৬,৮০০ টাকা ৭. পদের নাম: জুনিয়র রাজস্ব কর্মকর্তাপদসংখ্যা: ২বেতন: ২৫,৯৯০ টাকা ৮. পদের নাম: অর্থ সহকারীপদসংখ্যা: ১বেতন: ২১,৩৯০ টাকা ৯. পদের নাম: সেকশন ইঞ্জিনিয়ার (ইলেকট্রিক্যাল)পদসংখ্যা: ৫বেতন: ৩৬,৮০০ টাকা ১০. পদের নাম: সেকশন ইঞ্জিনিয়ার (সিগন্যালিং অ্যান্ড টেলিকমিউনিকেশন)পদসংখ্যা: ৬বেতন: ৩৬,৮০০ টাকা ১১. পদের নাম: সেকশন ইঞ্জিনিয়ার (আরএস প্ল্যানিং/ট্রেনিং/বাজেট)পদসংখ্যা: ১বেতন: ৩৬,৮০০ টাকা ১২. পদের নাম: সেকশন ইঞ্জিনিয়ার (আরএস স্পেশাল)পদসংখ্যা: ১বেতন: ৩৬,৮০০ টাকা ১৩. পদের নাম: সেকশন ইঞ্জিনিয়ার (আরএস এয়ারকন)পদসংখ্যা: ১বেতন: ৩৬,৮০০ টাকা ১৪. পদের নাম: সেকশন ইঞ্জিনিয়ার (আরএস ডোর)পদসংখ্যা: ১বেতন: ৩৬,৮০০ টাকা ১৫. পদের নাম: সেকশন ইঞ্জিনিয়ার (আরএস বগি)পদসংখ্যা: ১বেতন: ৩৬,৮০০ টাকা ১৬. পদের নাম: সেকশন ইঞ্জিনিয়ার (আরএস নিউম্যাটিকস)পদসংখ্যা: ১বেতন: ৩৬,৮০০ টাকা ১৭. পদের নাম: সেকশন ইঞ্জিনিয়ার (পি-ওয়ে)পদসংখ্যা: ১বেতন: ৩৬,৮০০ টাকা ১৮. পদের নাম: সেকশন ইঞ্জিনিয়ার (প্রকিউরমেন্ট)পদসংখ্যা: ১বেতন: ৩৬,৮০০ টাকা ১৯. পদের নাম: জুনিয়র মার্কেটিং অফিসারপদসংখ্যা: ২বেতন: ২৫,৯৯০ টাকা ২০. পদের নাম: পেশ ইমামপদসংখ্যা: ১বেতন: ২৩,৪৬০ টাকা ২১. পদের নাম: মোয়াজ্জিনপদসংখ্যা: ১বেতন: ২১,৩৯০ টাকা ২২. পদের নাম: সেমি স্কিলড মেইনটেইনারপদসংখ্যা: ৮০বেতন: ২১,৩৯০ টাকা ২৩. পদের নাম: সেমি স্কিলড মেশিন অপারেটর (রোলিং স্টক)পদসংখ্যা: ৪বেতন: ২১,৩৯০ টাকা ২৪. পদের নাম: সেমি স্কিলড ড্রাইভার (সিএমভি)পদসংখ্যা: ১বেতন: ২১,৩৯০ টাকা আবেদন প্রক্রিয়া: আগ্রহী প্রার্থীরা http://dmtcl.teletalk.com.bd এই ওয়েবসাইটের মাধ্যমে আবেদন করতে পারবেন।  নিয়োগ বিজ্ঞপ্তিটি দেখতে এখানে ক্লিক করুন।",2025-05-04T16:17:01+06:00
https://www.banglatribune.com///www.banglatribune.com/jobs/895636/%E0%A6%B8%E0%A6%B0%E0%A6%95%E0%A6%BE%E0%A6%B0%E0%A6%BF-%E0%A6%AC%E0%A7%8D%E0%A6%AF%E0%A6%BE%E0%A6%82%E0%A6%95%E0%A7%87-%E0%A6%AC%E0%A7%9C-%E0%A6%A8%E0%A6%BF%E0%A7%9F%E0%A7%87%E0%A6%BE%E0%A6%97-%E0%A6%AC%E0%A6%BF%E0%A6%9C%E0%A7%8D%E0%A6%9E%E0%A6%AA%E0%A7%8D%E0%A6%A4%E0%A6%BF-%E0%A6%86%E0%A6%AC%E0%A7%87%E0%A6%A6%E0%A6%A8-%E0%A6%AB%E0%A6%BF-%E0%A7%A8%E0%A7%A6%E0%A7%A6,"সরকারি ব্যাংকে বড় নিয়োগ বিজ্ঞপ্তি, আবেদন ফি ২০০","ব্যাংকে চাকরির খবর। একাধিক পদে নিয়োগ। ব্যাংকার্স সিলেকশন কমিটির সদস্যভুক্ত সমন্বিত ছয়টি ব্যাংক ও একটি আর্থিক প্রতিষ্ঠানে জনবল নিয়োগের বিজ্ঞপ্তি দিয়েছে বাংলাদেশ ব্যাংক। প্রকাশিত বিজ্ঞপ্তি অনুসারে সাত ক্যাটাগরির পদে মোট ৬০৮ জনকে নিয়োগ দেওয়া হবে। আগ্রহীরা আগামী ২১ মে পর্যন্ত আবেদন করতে পারবেন। ১. পদের নাম: প্রোগ্রামারপদসংখ্যা: ২ব্যাংক: বাংলাদেশ কৃষি ব্যাংকগ্রেড: ষষ্ঠবেতন স্কেল: ৩৫,৫০০-৬৭,০১০ টাকা ২. পদের নাম: সিনিয়র অফিসার (আইটি)পদসংখ্যা: ১৬৬ব্যাংক: সোনালী ব্যাংকগ্রেড: নবমবেতন স্কেল: ২২,০০০-৫৩,০৬০ ৩. পদের নাম: অ্যাসিস্ট্যান্ট প্রোগ্রামার/সহকারী প্রোগ্রামারপদসংখ্যা: ৩৫ব্যাংক: সোনালী ব্যাংকে ৩১ জন, রাজশাহী কৃষি উন্নয়ন ব্যাংকে ২ জন, বাংলাদেশ হাউস বিল্ডিং ফাইন্যান্স করপোরেশনে ১ জন ও কর্মসংস্থান ব্যাংকে ১ জন।গ্রেড: নবমবেতন স্কেল: ২২,০০০-৫৩,০৬০ ৪. পদের নাম: অ্যাসিস্ট্যান্ট মেইনটেন্যান্স ইঞ্জিনিয়ার/অ্যাসিস্ট্যান্ট ইঞ্জিনিয়ার (আইটি)পদসংখ্যা: ৬৯ব্যাংক: সোনালী ব্যাংকে ৪৭ জন, রাজশাহী কৃষি উন্নয়ন ব্যাংকে ২ জন ও প্রবাসী কল্যাণ ব্যাংকে ২ জন।গ্রেড: নবমবেতন স্কেল: ২২,০০০-৫৩,০৬০ ৫. পদের নাম: অ্যাসিস্ট্যান্ট ডেটাবেজ অ্যাডমিনিস্ট্রেটরপদসংখ্যা: ২ব্যাংক: সোনালী ব্যাংকগ্রেড: নবমবেতন স্কেল: ২২,০০০-৫৩,০৬০ ৬. পদের নাম: অফিসার (আইটি)পদসংখ্যা: ৩৩২ব্যাংক: সোনালী ব্যাংকে ১৮৩ জন, জনতা ব্যাংকে ১০০ জন, অগ্রণী ব্যাংকে ৪৩ জন, প্রবাসী কল্যাণ ব্যাংকে ৬ জন।গ্রেড: ১০মবেতন স্কেল: ১৬,০০০-৩৮,৬৪০ ৭. পদের নাম: অ্যাসিস্ট্যান্ট নেটওয়ার্ক সিস্টেম ইঞ্জিনিয়ারপদসংখ্যা: ২ব্যাংক: রাজশাহী কৃষি উন্নয়ন ব্যাংকগ্রেড: ৯মবেতন স্কেল: ২২,০০০-৫৩,০৬০ আবেদন করবেন যেভাবে: আগ্রহী প্রার্থীরা বাংলাদেশ ব্যাংকের নিয়োগসংক্রান্ত ওয়েবসাইটের মাধ্যমে আবেদন করতে পারবেন। আরও বিস্তারিত জানতে নিয়োগ বিজ্ঞপ্তিটি দেখুন এখানে। আবেদন ফি: ২০০ টাকা। অনগ্রসর গোষ্ঠীর নাগরিকদের জন্য আবেদন ফি ৫০ টাকা।",2025-04-24T16:04:54+06:00
https://www.banglatribune.com///www.banglatribune.com/jobs/892898/%E0%A6%AC%E0%A6%BE%E0%A6%82%E0%A6%B2%E0%A6%BE%E0%A6%A6%E0%A7%87%E0%A6%B6%E0%A6%BF-%E0%A6%95%E0%A6%B0%E0%A7%8D%E0%A6%AE%E0%A7%80-%E0%A6%A8%E0%A6%BF%E0%A7%9F%E0%A7%8B%E0%A6%97-%E0%A6%A6%E0%A7%87%E0%A6%AC%E0%A7%87-%E0%A6%A2%E0%A6%BE%E0%A6%95%E0%A6%BE%E0%A6%B8%E0%A7%8D%E0%A6%A5-%E0%A6%AB%E0%A6%BF%E0%A6%B2%E0%A6%BF%E0%A6%B8%E0%A7%8D%E0%A6%A4%E0%A6%BF%E0%A6%A8,বাংলাদেশি কর্মী নিয়োগ দেবে ঢাকাস্থ ফিলিস্তিন দূতাবাস,"বেসরকারি চাকরির খবর। একটি পদে নিয়োগ। ঢাকাস্থ ফিলিস্তিন দূতাবাস জনবল নিয়োগের বিজ্ঞপ্তি দিয়েছে। প্রতিষ্ঠানটিতে পারসোনাল সেক্রেটারি টু দ্য অ্যাম্বাসেডর পদে বাংলাদেশি কর্মী নিয়োগ দেওয়া হবে। আগ্রহীরা আগামী ২৪ এপ্রিল ২০২৫ পর্যন্ত আবেদন করতে পারবেন। পদের নাম: পারসোনাল সেক্রেটারি টু দ্য অ্যাম্বাসেডর (পিএস)পদসংখ্যা: ১বয়সসীমা: ৩০ থেকে ৪০ বছরচাকরির ধরন: ফুলটাইমকর্মস্থল: ফিলিস্তিন দূতাবাস, বারিধারা, ঢাকাবেতন: বেতন আলোচনা সাপেক্ষে শিক্ষাগত যোগ্যতা ও অভিজ্ঞতা: ইন্টারন্যাশনাল রিলেশনস, পলিটিক্যাল সায়েন্স, পাবলিক অ্যাডমিনিস্ট্রেশন, বিজনেস অ্যাডমিনিস্ট্রেশন বা সংশ্লিষ্ট বিষয়ে স্নাতকোত্তর ডিগ্রি। সংশ্লিষ্ট ক্ষেত্রে বিশেষ করে কূটনৈতিক মিশন, সরকারি বা কোনও আন্তর্জাতিক প্রতিষ্ঠানে তিন থেকে পাঁচ বছরের চাকরির অভিজ্ঞতা থাকতে হবে। ইংরেজি ও আরবি ভাষায় অবশ্যই সাবলীল হতে হবে। এমএস অফিস স্যুট, ইন্টারনেট রিসার্চ ও অফিস ম্যানেজমেন্ট সফটওয়্যারের কাজ জানতে হবে। আবেদন করবেন যেভাবে: আগ্রহী প্রার্থীরা আবেদনের নিয়মসহ আরও বিস্তারিত জানতে এখানে ক্লিক করুন।",2025-04-05T19:52:40+06:00
https://www.banglatribune.com///www.banglatribune.com/others/900021/%E0%A6%A7%E0%A6%B0%E0%A7%8D%E0%A6%AE-%E0%A6%89%E0%A6%AA%E0%A6%A6%E0%A7%87%E0%A6%B7%E0%A7%8D%E0%A6%9F%E0%A6%BE%E0%A6%B0-%E0%A6%B8%E0%A6%99%E0%A7%8D%E0%A6%97%E0%A7%87-%E0%A6%A5%E0%A6%BE%E0%A6%87%E0%A6%B2%E0%A7%8D%E0%A6%AF%E0%A6%BE%E0%A6%A8%E0%A7%8D%E0%A6%A1%E0%A7%87%E0%A6%B0-%E0%A6%97%E0%A7%8D%E0%A6%B0%E0%A7%8D%E0%A6%AF%E0%A6%BE%E0%A6%A8%E0%A7%8D%E0%A6%A1-%E0%A6%AE%E0%A7%81%E0%A6%AB%E0%A6%A4%E0%A6%BF%E0%A6%B0,ধর্ম উপদেষ্টার সঙ্গে থাইল্যান্ডের গ্র্যান্ড মুফতির সাক্ষাৎ,"ধর্ম উপদেষ্টা ড. আ ফ ম খালিদ হোসেন  থাইল্যান্ডের মুসলিম সম্প্রদায়ের সর্বোচ্চ আধ্যাত্মিক নেতা এবং দেশটির গ্র্যান্ড মুফতি (শায়খুল ইসলাম) আল্লামা আরুন বুনচমের সঙ্গে সাক্ষাৎ করেন। শুক্রবার (২৩ মে) বিকালে থাইল্যান্ডে গ্র্যান্ড মুফতির দফতরে অনুষ্ঠিত এ সাক্ষাতে তারা ধর্ম, সংস্কৃতি, নৈতিকতা, মূল্যবোধের বিকাশ ও সাম্প্রদায়িক সম্প্রীতির পরিবেশ তৈরিতে একসঙ্গে কাজ করার প্রত্যয় ব্যক্ত করেন। শনিবার (২৪ মে) ধর্ম মন্ত্রণালয় থেকে পাঠানো এক সংবাদ বিজ্ঞপ্তিতে এ তথ্য জানানো হয়েছে। ধর্ম মন্ত্রণালয় জানিয়েছে, উপদেষ্টা গ্র্যান্ড মুফতিকে বাংলাদেশ সফরের আমন্ত্রণ জানালে তিনি শিগগিরই এদেশ সফরে সম্মতি জানান। এ সময় থাইল্যান্ডে বাংলাদেশের রাষ্ট্রদূত ফাইয়াজ মুরশিদ কাজি ও শ্রম কাউন্সিলর ফাহাদ পারভেজ বসুনিয়া উপস্থিত ছিলেন। উল্লেখ্য, শায়খ আরুন বুনচম থাইল্যান্ডে সকল ইসলামিক বিষয় তদারকির দায়িত্বে রয়েছেন। তিনি আন্তঃধর্মীয় সংলাপ এবং দেশের অভ্যন্তরে শান্তিপূর্ণ সহাবস্থান সম্প্রসারণে গুরুত্বপূর্ণ ভূমিকা পালন করছেন। ধর্মীয় দায়িত্বের পাশাপাশি তিনি জাতিসংঘ শরণার্থী সংস্থার (UNHCR) রমজান প্রচারণা এবং তুরস্কে অধ্যয়নরত থাই মুসলিম শিক্ষার্থীদের সহায়তার মতো উদ্যোগের সাথে সম্পৃক্ত ছিলেন। সহিংসতা ও দারিদ্র্যের কারণে ক্ষতিগ্রস্ত শরণার্থী ও অন্যান্য বাস্তুচ্যুত মানুষের  প্রয়োজনীয় সহায়তা করাই এই প্রচারণার লক্ষ্য। মদিনা ইসলামি বিশ্ববিদ্যালয় থেকে স্নাতক ডিগ্রিপ্রাপ্ত এ মনীষী ২৪ জানুয়ারি ২০২৪ তারিখে থাইল্যান্ডের ১৯তম শাইখুল ইসলাম হিসেবে নিয়োগ লাভ করেন এবং সেই থেকে তিনি এ দায়িত্ব পালন করে আসছেন।",2025-05-24T21:15:47+06:00
https://www.banglatribune.com///www.banglatribune.com/others/religion/899807/%E0%A6%98%E0%A7%81%E0%A6%B7-%E0%A6%A6%E0%A6%BF%E0%A7%9F%E0%A7%87-%E0%A6%A8%E0%A7%87%E0%A6%93%E0%A7%9F%E0%A6%BE-%E0%A6%9A%E0%A6%BE%E0%A6%95%E0%A6%B0%E0%A6%BF%E0%A6%B0-%E0%A6%AC%E0%A7%87%E0%A6%A4%E0%A6%A8-%E0%A6%95%E0%A7%80-%E0%A6%B9%E0%A6%BE%E0%A6%B2%E0%A6%BE%E0%A6%B2,ঘুষ দিয়ে নেওয়া চাকরির বেতন কী হালাল?,"ঘুষ আমাদের সমাজে মহামারির মতো ছড়িয়ে পড়েছে। অন্যায় সুবিধা নিতে সাধারণ মানুষও ঘুষ দিতে কার্পণ্য করেন না। চাকরি-বাকরি দেওয়া-নেওয়ার ক্ষেত্রে ঘুষের আদান-প্রদান অনেক বেশি। কিন্তু প্রশ্ন হচ্ছে— ঘুষ দিয়ে নেওয়া চাকরির বেতন কী হালাল হবে? আসলে ইসলামের দৃষ্টিতে ঘুষ দেওয়া ও নেওয়া একটি মারাত্মক অপরাধ এবং হারাম। মহানবী (সা.) ঘুষদাতা ও ঘুষ গ্রহীতাকে অভিসম্পাত করেছেন। এজন্য ঘুষ দিয়ে চাকরি নেওয়া জায়েজ হবে না।  এতে একদিকে ঘুষ প্রদানে কবিরা গুনাহ হয়, অন্যদিকে ঘুষদাতা অযোগ্য হলে অন্য চাকরিপ্রার্থীর হক নষ্ট করারও গুনাহ হয়। তাই এমন কাজ থেকে বিরত থাকা কর্তব্য। পক্ষান্তরে কেউ যদি প্রকৃতপক্ষে চাকরির যোগ্য হন এবং ঘুষ প্রদান হারাম হওয়া সত্ত্বেও ঘুষ দিয়ে চাকরি নেন এবং পরবর্তী সময়ে তিনি যথাযথভাবে দায়িত্ব পালন করেন, তাহলে এভাবে চাকরি নেওয়া নাজায়েজ হলেও বেতন হালাল হয়ে যাবে। কিন্তু যদি তিনি তার কর্মক্ষেত্রের অযোগ্য হন এবং একই সঙ্গে যথাযথভাবে দায়িত্ব পালনে ব্যর্থ হন, তাহলে তার জন্য ওই চাকরিতে থাকা বৈধ হবে না। আর ঠিকমতো দায়িত্ব পালন না করে বেতন নেওয়াও বৈধ হবে না।  তথ্যসূত্র: জামে তিরমিজি, হাদিস: ১৩৩৭, আবু দাউদ, হাদিস: ৩৫৮২ ও তাফসিরে কুরতুবি: ৬/১৮৪",2025-05-23T11:16:29+06:00
https://www.banglatribune.com///www.banglatribune.com/others/religion/898778/%E0%A6%AC%E0%A6%A6%E0%A6%B2%E0%A6%BF-%E0%A6%B9%E0%A6%9C-%E0%A6%95%E0%A7%80-%E0%A6%A8%E0%A6%BE%E0%A6%B0%E0%A7%80-%E0%A6%95%E0%A6%BF-%E0%A6%AA%E0%A7%81%E0%A6%B0%E0%A7%81%E0%A6%B7%E0%A7%87%E0%A6%B0-%E0%A6%AC%E0%A6%A6%E0%A6%B2%E0%A6%BF-%E0%A6%B9%E0%A6%9C-%E0%A6%86%E0%A6%A6%E0%A6%BE%E0%A7%9F-%E0%A6%95%E0%A6%B0%E0%A6%A4%E0%A7%87,"বদলি হজ কী, নারী কি পুরুষের বদলি হজ আদায় করতে পারবে?","কোনও মুসলিম যদি সম্পদশালী ও শারীরিকভাবে সক্ষম হন, তাহলে জীবনে একবার তার ওপর পবিত্র হজ আদায় করা ফরজ। কারও ওপর হজ ফরজ হওয়ার পর সে যদি হজের সময় পায়, কিন্তু এমন কোনও ওজর বা প্রতিবন্ধকতা এসে যায়, যার কারণে সে নিজে গিয়ে হজ করার সক্ষমতা না রাখে কিংবা এমন অসুস্থ হয়ে পড়ে, যা থেকে আর সুস্থ হওয়ার আশা নেই, তখন তার জন্য নিজের পক্ষ থেকে কাউকে পাঠিয়ে বদলি হজ করানোর সুযোগ রেখেছে ইসলাম। অথবা হজ ফরজ হওয়া ব্যক্তি যদি মারা যান, তাহলে মৃত্যুর পর তার পরিত্যক্ত সম্পদ থেকে তার নামে বদলি হজ করানোর অসিয়ত করে যাওয়া তার জন্য ফরজ। এমন পরিস্থিতিতে পরিবর্তিত যে হজের বিধান বর্ণনা করা হলো, সেটিই বদলি হজ। কিন্তু যদি এমন হয়, বদলি হজ করানোর পর যার জন্য হজ করানো হলো, তিনি সুস্থ হয়ে গেছেন, অথবা যে সমস্যার কারণে বদলি হজ করানো হয়েছে, তা কেটে গেলো, তাহলে আবার স্বয়ং তার ওপর হজ আদায় করা ফরজ হয়ে যাবে। আর আগের বদলি হজটি তার নফল হজ হিসেবে গণ্য হবে। (আহকামে হজ: ১১৮) নারী কি পুরুষের বদলি হজ আদায় করতে পারবে? নারীরা পুরুষের পক্ষ থেকে বদলি হজ আদায় করতে পারবেন। এ প্রসঙ্গে হজরত আবদুল্লাহ ইবনে আব্বাস (রা.) বলেন, বিদায় হজে খাছআম গোত্রের একজন নারী রাসুল (সা.) কে জিজ্ঞেস করলেন, ‘ইয়া রাসুলাল্লাহ! আমার বাবার ওপর হজ ফরজ হয়েছে, কিন্তু তিনি এত বৃদ্ধ যে, বাহনের ওপর স্থির হয়ে বসে থাকতে পারেন না। আমি কি তার পক্ষ থেকে হজ করতে পারবো?’ রাসুল (সা.) বললেন, ‘হ্যাঁ। (তার পক্ষ থেকে হজ করতে পারবে)।’ (সহিহ বুখারি ১/২০৫) পুরুষ কি নারীর বদলি হজ আদায় করতে পারবে? নারী যেমন পুরুষের বদলি হজ আদায় করতে পারে, ঠিক তেমনই পুরুষও নারীর পক্ষ থেকে বদলি হজ আদায় করতে পারবেন। একটি হাদিসে হজরত ইবনে আব্বাস (রা.) বর্ণনা করেন, জুহায়না গোত্রের এক নারী রাসুল (সা.) এর কাছে এসে বললেন, ‘আমার মা হজের মানত করেছিলেন, কিন্তু তা আদায় করার আগেই তিনি মারা গেছেন। আমি কি তার পক্ষ থেকে হজ করবো?’ রাসুল (সা.) উত্তরে বললেন, ‘হ্যাঁ, তার পক্ষ থেকে তুমি হজ করবে। যদি তার কোনও ঋণ থাকে, তবে কি তুমি তার ঋণ পরিশোধ করতে না? সুতরাং আল্লাহর ঋণ পরিশোধ করো। কেননা, আল্লাহ তায়অলাই পাওনা পাওয়ার সর্বাধিক হকদার।’ (বুখারি শরিফ) তবে এখানে একটি গুরুত্বপূর্ণ বিষয় কোনও নারী যখন কোনও পুরুষের পক্ষ থেকে বদলি হজ আদায় করবেন, তখনও তার ওপর আবশ্যক হলো, কোনও মাহরামের সঙ্গে হজের সফরে বের হওয়। কারণ মাহরাম ছাড়া নারীর জন্য হজের সফর করা জায়েজ নেই। তথ্যসূত্র: আলবাহরুর রায়েক ৩/৬৯, ফাতাওয়া হিন্দিয়া ১/২৫৭ ও আদ্দুররুল মুখতার ২/৬০৩ লেখক: গণমাধ্যমকর্মী ও শিক্ষক, মারকাযুল হুদা মাদ্রাসা, ঢাকা।",2025-05-16T10:55:32+06:00
https://www.banglatribune.com///www.banglatribune.com/literature/articles/900937/%E0%A6%A8%E0%A6%97%E0%A7%81%E0%A6%97%E0%A6%BF%E0%A6%B0-%E0%A6%B8%E0%A6%99%E0%A7%8D%E0%A6%97%E0%A7%87-%E0%A6%8F%E0%A6%95-%E0%A6%AC%E0%A6%BF%E0%A6%95%E0%A7%87%E0%A6%B2%E0%A7%87,নগুগির সঙ্গে এক বিকেলে,"বর্তমান বিশ্বের একজন প্রধান লেখক, ঔপন্যাসিক, প্রাবন্ধিক ও নাট্যকার কেনিয়ার নগুগি ওয়া থিয়োঙ্গো বহুদিন ধরেই যুক্তরাষ্ট্রে নির্বাসিত জীবন কাটাচ্ছেন সেটা জানতাম। কিন্তু তিনি যে খোদ নিউইয়র্ক বিশ্ববিদ্যালয়েরই তুলনামূলক সাহিত্য বিভাগে অধ্যাপনা করেন, সে-খবর জেনেছি কিছুকাল আগে একই বিশ্ববিদ্যালয়ের নাট্যকলা বিভাগের স্নাতকোত্তর বিভাগের ছাত্র বন্ধুবর সুদীপ্ত চট্টোপাধ্যায় ও সালেক খান ভাইয়ের কাছ থেকে। তারা দুজনেই তাঁর সাক্ষাৎ ছাত্র ও দুজনেই সমান অভিভূত তাঁর স্নেহ-সান্নিধ্যে। সেই খবর পাওয়া অব্দিই তাঁর সঙ্গে দেখা করার ইচ্ছে প্রবল হয়ে উঠেছিল আমার। আমি নিজেও তাঁর একজন গুণগ্রাহী পাঠক। তাঁর ওপর ছোট্ট একখানা নিবন্ধ ও তার উপন্যাস 'Weep Not Child' এর আলোচনা লিখেছি আমি কয়েকবছর আগেই। গেলবছর আমার সম্পাদিত গ্রন্থ ‘দ্বাদশ কাহিনি’-এর একটি গল্প হিসেবেও নির্বাচন করেছিলাম তাঁর অসাধারণ ছোটগল্প 'Minutes of Glory'। সেই গল্পের অনুবাদবিষয়ে কিছু প্রশ্নের উত্তর খুঁজতে একবার কিছুক্ষণের জন্যে টেলিফোনে কথাও হয়েছিল তাঁর সঙ্গে। কিন্তু একেবারে সামনাসামনি দেখা ও মুখোমুখি বসে আলাপ হলো সম্প্রতি এক হিমেল সন্ধ্যায়, গ্রিনিচ ভিলেজের একটি রেস্তোরাঁয়।নিউইয়র্ক ভিত্তিক বাংলাদেশি নাট্য সংগঠন ড্রামা সার্কলের কর্ণধার মুজিব বিন হক অনেকদিন ধরেই তাঁর দলের জন্য একটি বিদেশি নাটক অনুবাদ করে দেবার অনুরোধ জানিয়ে আসছিলেন। এ নাটক, সে নাটক পড়ে শেষপর্যন্ত আমি মনস্থির করি প্রিয় লেখক নগুগির বহু বিখ্যাত ও একইসঙ্গে বিতর্কিত নাটক 'I Will Marry When I Want' অনুবাদ করব। সুদীপ্তর কাছ থেকে বইটা ধার করে এনে এক বসায় পড়ে ফেলি এবং বাংলাদেশের বর্তমান সমাজ-রাজনৈতিক বাস্তবতার সঙ্গে তার আশ্চর্য সাদৃশ্য ও প্রাসঙ্গিকতা খুঁজে পেয়ে তৎক্ষণাৎ তা তর্জমা করার সিদ্ধান্ত নিই। বেশ কিছুদিন খেটে ‘শরিয়তি শাদি’ নামে তার প্রাথমিক খসড়াও তৈরি করে ফেলি। মুজিব বিন হক ভাই কোমর বেঁধে নেমে পড়লেন নাটকটির মহড়ার কাজে। তখনই মনে পড়ল, নগুগি যখন এই শহরেই আছেন তখন তাঁর কাছ থেকে কেনিয়ায় এ নাটকের মঞ্চায়নের অভিজ্ঞতা সম্বন্ধে কিছু জেনে আসি না কেন? জানা ছিল, ইংরেজি ভাষায় আর সাহিত্যচর্চা না করার সিদ্ধান্ত নেবার পর মাতৃভাষা গিকুয়ুতে লেখা এটিই প্রথম রচনা নগুগির এবং এ নাটকটি তিনি তাঁর গ্রামে, খোলা আকাশের নিচে সম্পূর্ণ অপেশাদার অভিনেতাদের দিয়ে মঞ্চায়ন করেন, যার নাম তিনি দিয়েছিলেন 'Peasant’s Theater'। অসম্ভব জনপ্রিয় হয়েছিল সেই নাটক। কিন্তু এর রাজনৈতিক বক্তব্য ও প্রতিবাদী স্বরে ভীত হয়ে শাসকশ্রেণি নাটকটি নিষিদ্ধ ঘোষণা করে এবং নাট্যকার নগুগিকে নির্বাসনে যেতে বাধ্য করে। সেটি ১৯৮৩ সালের কথা। সেই থেকে দীর্ঘ ১২ বছর নগুগি নির্বাসিতের জীবনযাপন করছেন এদেশে-ওদেশে। নাটকটির বাংলাভাষার নিউইয়র্ক মঞ্চায়ন নিয়ে তাঁর সঙ্গে কথা বলার আগ্রহ প্রকাশ করলে তিনি সানন্দে সম্মতি দিলেন।কথামতো, নিউইয়র্ক বিশ্ববিদ্যালয়ের নাট্যকলা বিভাগে, নগুগির ক্লাসঘরের বাইরে অপেক্ষা করছিলাম আমি বিকেল থেকেই। নগুগি সেখানে 'Performance Theory' পড়ান। জনপ্রিয় শিক্ষক তিনি ছাত্রছাত্রীদের নানা জিজ্ঞাসার উত্তর দিয়ে ক্লাস থেকে বেরোতে বেরোতে সন্ধ্যা সাতটা বেজে গেল। করমর্দনশেষে তিনিই প্রস্তাব দিলেন কোনো কফিখানায় গিয়ে বসতে। আমাদের সঙ্গে তাঁর সাহায্যকারী সিয়েরা লিওনের চৌকস যুবক মোস্তফাও ছিল। তিনজনে মিলে খাস নিউইয়র্কারের ভঙ্গিমায় কফি ও ব্যাগেল নিয়ে আমরা অতঃপর গল্পে মাতি। আমি সরাসরি নাটকের প্রসঙ্গে চলে যাই। নগুগিও তাতে সাগ্রহে সাড়া দেন। মুহূর্তে স্মৃতিকাতর হয়ে ওঠে তাঁর চোখমুখ। তিনি মোস্তফার কাছ থেকে এক টুকরো কাগজ চেয়ে নিয়ে তাতে এঁকে দেখাতে লাগলেন নাটকের মঞ্চ ও আনুষঙ্গিক বিষয়সমূহ। সেই সঙ্গে উত্তর দিয়ে যাচ্ছিলেন আমার ছোট ছোট প্রশ্নসমূহের। অপেশাদার অভিনেতাদের সাফল্যের কথায় তাঁকে রীতিমতো উত্তেজিত মনে হচ্ছিল। নাটকের দক্ষিণা ছিল যৎসামান্য; যেন গ্রামের সাধারণ মানুষজন তা দেখতে পারে, কিন্তু মোড়লশ্রেণিকে বেশি দাম দিতে বাধ্য করেছিলেন তাঁরা, এই কথা বলে শিশুর সারল্যে হাসেন নগুগি। নাটকের পটভূমি হিসেবে উল্লেখ করলেন, বিদেশি ধর্মপ্রচারকশ্রেণি ও স্থানীয় বহুজাতিক সংস্থা ‘বাটা’ কোম্পানির অনৈতিক ও ক্ষতিকারক কর্মকাণ্ডের বিরুদ্ধে প্রতিবাদ স্বরূপই তিনি এই নাটক রচনা করেন। আর এ কারণেই তাদের অনাচারের প্রত্যক্ষ ভুক্তভোগী, খেটেখাওয়া গ্রামবাসীরা এমন বিপুলভাবে সাড়া দিয়েছিল নাটকটির মঞ্চায়নে। এ প্রসঙ্গে মোস্তফা সম্প্রতি নাইজেরিয়ায় শাসকশ্রেণির হাতে নিহত লেখক ও পরিবেশকর্মী কেন্ সারিউইয়া ও শেল কোম্পানির সঙ্গে তার সাদৃশ্যের ইঙ্গিত করলে নগুগি প্রবলভাবে মাথা দুলিয়ে বললেন, দুটো ঘটনার চরিত্রই হুবহু এক। শুধু তফাৎ একদিকে বাটা কোম্পানি ও অন্যদিকে শেল কোম্পানি। আর কেন্ সারিউইয়া প্রতিবাদ করতে গিয়ে ফাঁসিতে ঝুলেছেন, তিনি নিজে ভাগ্যক্রমে প্রাণ নিয়ে পালাতে পেরেছেন বিদেশে। এ ঘটনার বর্ণনায় নগুগিকে বহুজাতিক সংস্থাগুলোর বিরুদ্ধে খুবই ক্ষুব্ধ মনে হলো। বিশ্ব পুঁজিবাদের নগ্ন ও নির্মম আচরণ বিষয়ে তিনি আমাদের সতর্ক করে দিলেন এবং বললেন কমিউনিস্ট মেনিফেস্টো বইখানা আরেকবার পড়ে দেখতে। তাঁর মতে, বর্তমান সময়ের চেয়ে বইখানা আর কোনদিনই বেশি প্রাসঙ্গিক ছিল না ।মাতৃভাষা গিকুয়ুতে লেখার বিষয়টা নিয়ে কথা তুলি আমি। বলি কিছুদিন আগে এই নিউইয়র্কেই চিনুয়া আচেবের সঙ্গে এ বিষয়ে আমার আলোচনার কথা। চিনুয়া, সোয়েঙ্কা প্রমুখ ইংরেজিতেই লেখার পক্ষপাতী, মূলত বৃহত্তর পাঠকশ্রেণির বিবেচনাতেই। কিন্তু কট্টর দেশপ্রেমী ও মাতৃভাষার অনুরাগী নগুগি মনে করেন, আফ্রিকান ও অন্যান্য স্বল্পপরিচিত দেশ ও ভাষার লেখকদের এই প্রলোভন উপেক্ষা করে মাতৃভাষাতেই লেখা উচিত, কেননা তাদের প্রথম ও প্রধান দায় স্বদেশের জনগোষ্ঠীর প্রতি। এতে পাঠকসংখ্যা কমে যাওয়ার সম্ভাবনা থাকলেও তিনি মনে করেন বৃহত্তর স্বার্থে তা মেনে নেওয়া ভালো। অবশ্য তিনি এও মনে করেন যে, কোনো ভালো লেখারই প্রচার আটকে থাকে না। উদাহরণস্বরূপ তিনি তাঁর আলোচ্য নাটকটির কথাই বললেন। এর মঞ্চায়ন তিনি দেখেছেন ফরাসি, জার্মান ও সুইডিশ ভাষায় এবং অচিরেই বাংলা ভাষায় তার মঞ্চায়ন দেখার জন্য অধীর আগ্রহে অপেক্ষা করছেন সেটাও জানাতে ভুল করলেন না। আমি কৃতার্থ বোধ করলাম। ইতোমধ্যে ঘণ্টা দুয়েক গড়িয়ে গেছে। ওয়েট্রেস বিল রেখে গেছেন অনেক আগেই। আমরা কথা বন্ধ করে উঠে দাঁড়াই। আমি তাঁকে আমার সম্পাদিত সমকালীন বিশ্বগল্পের সংকলন ‘দ্বাদশ কাহিনি’ বইটির একটি কপি উপহার দিই। তিনি বাংলাভাষায় অনূদিত তাঁর লেখার প্রথম নিদর্শনটি দেখতে পেয়ে স্পষ্টতই খুশি হন। ধন্যবাদ জানান বারবার করে। তাঁর বাড়িয়ে দেওয়া হাতের উষ্ণতাটুকু আমার করতলে গেঁথে নিয়ে আমি বাড়ি ফিরি গভীর তৃপ্তিতে।নিউইয়র্ক১৯৯৫",2025-05-30T11:45:20+06:00
https://www.banglatribune.com///www.banglatribune.com/literature/articles/900928/%E0%A6%A8%E0%A6%97%E0%A7%81%E0%A6%97%E0%A6%BF-%E0%A6%93-%E0%A6%95%E0%A7%8D%E0%A6%AF%E0%A6%BE%E0%A6%B2%E0%A6%BF%E0%A6%AC%E0%A6%BE%E0%A6%A8%E0%A7%87%E0%A6%B0-%E0%A6%89%E0%A6%A4%E0%A7%8D%E0%A6%A4%E0%A6%B0%E0%A6%AA%E0%A7%81%E0%A6%B0%E0%A7%81%E0%A6%B7,নগুগি ও ক্যালিবানের উত্তরপুরুষ,"কেনিয়ার লেখক ও চিন্তক নগুগি ওয়া থিয়োঙ্গো উত্তর-ঔপনিবেশিক তত্ত্ববিশ্বে নিজেই একটি ঘরানা। ২৮ মে বুধবার পশ্চিমা সাহিত্যতত্ত্ব ও মতাদর্শের একচেটিয়া দাপটের বিরুদ্ধে এক প্রতিবাদী সাহিত্যবোদ্ধার নশ্বর জীবনের অবসান হলো। আফ্রিকাকে বর্ণবাদী দৃষ্টিতে খাটো করে দেখানো সাম্রাজ্যবাদী পরিকল্পনা নস্যাৎ করে দিয়ে যারা উত্তর-ঔপনিবেশিক ডিসকোর্সের জন্ম দিয়েছিলেন—তাদের মধ্যে নগুগির অবদান সবার আগে। অবশ্যই তার সাথে নাম উঠে আসে নাইজেরিয়ার লেখক চিনুয়া আচেবে, ওলে সোয়েংকার নাম। নগুগি উপন্যাস ও নাটকের মাধ্যমে ঔপনিবেশিক ও পুঁজিবাদী চিন্তা-কাঠামোকে প্রত্যাখ্যান করে নতুন এক আত্মপরিচয় সৃষ্টি করতে চেয়েছিলেন। তিনি স্বনামখ্যাত প্রফেসর ছিলেন, পড়িয়েছেন নাইরোবি বিশ্ববিদ্যালয়সহ আফ্রিকার বিভিন্ন বিশ্ববিদ্যালয়ে। নিজের দেশ থেকে নির্বাসিত হওয়ার পরে ইয়েল ইউনিভার্সিটি ও নিউইয়র্ক ইউনিভার্সিটিতে বিশিষ্ট অধ্যাপক ছিলেন। পেশাগত জীবনকে তিনি ব্যবহার করেছেন সাহিত্যিক কার্যক্রমের প্লাটফর্ম হিসেবে। এই কারণেই উত্তর- ঔপনিবেশিক সাহিত্য আলোচনায় এডওয়ার্ড সাঈদ, ফ্রানৎস ফানোঁ, হোমি ভাবার পাশাপাশি তার নামটাও সবার আগে উঠে আসে। আফ্রিকার মানুষের ভাষা ও আত্মপরিচয় নির্মাণকে তিনি একসূত্রে গেঁথেছেন। এই কারণে উত্তর-ঔপনিবেশিক যেকোনো আলোচনায় তার নাম অপরিহার্য হয়ে ওঠে। পশ্চিমা দখলদার গোষ্ঠী যে শুধু জমি দখল করেই ক্ষান্ত দেয়নি, ভাষা ও চিন্তাকেও সেই প্রকল্পে কাজে লাগিয়েছে তা এডওয়ার্ড সাঈদ অনেক আগেই তার 'ওরিয়েন্টালিজম' গ্রন্থে জোরালোভাবে প্রমাণ করেছিলেন। আফ্রিকার ভাষা ও মানুষ উভয়কে ‘আদার’ বিবেচনা করে পদানত করতে চেয়েছিল পশ্চিমারা। সেই ১৮৮৪ সালে বার্লিন কনফারেন্সেই ইউরোপীয় সাম্রাজ্যবাদী শক্তি পৈতৃক জমি ভাগ-বাটোয়ারার মতো মানচিত্রে কাটাকুটি করে নিজেদের মধ্যে ভাগ করে নিয়েছিল আফ্রিকার বিশাল সম্পদ ও ভূমি। বাদ থাকেনি মুখের ভাষাও। সেই উপনিবেশিক শক্তির চিন্তা, চেতনা এবং কর্তৃত্ববাদী শিক্ষা আফ্রিকার মানুষদের ক্রীতদাস করে রেখেছে। নগুগি ‘ডিকলোনাজিং অব মাইন্ড’ গ্রন্থে সেই উপনিবেশিক ভাষা ও চিন্তাকে আক্রমণ করেছেন জোরালো যুক্তিতে। যেমনটা দেখি ক্যালিবানের ভাষায় শেক্সপিয়ারের ‘দ্য টেম্পেস্ট’ নাটকে। জাদুকর প্রসপেরোর জাদুতে বন্দি ও ঔপনিবেশিক শক্তির কাছে পরাভূত ক্যালিবান প্রসপেরোর উদ্দেশ্যে বলেছিল, ‘তুমি আমাকে তোমার ভাষা শিখিয়েছ, আমি এখন এই ভাষা দিয়ে তোমাকে গালি দেব’। এটিই ভাষাভিত্তিক দ্রোহের আগুন। অনেকটা ক্যালিবানের মতো আফ্রিকার লেখকেরাও ইংরেজিকে এমন করে ব্যবহার করতে চান, যেন এতে ঔপনিবেশিক শক্তির বিরুদ্ধে পাল্টা অস্ত্র হিসেবে ব্যবহার করা চলে। কবি নজরুল যেমনটা বলছেন, ‘এই শিকল পরেই শিকল তোদের করব রে বিকল’। ঔপনিবেশিক প্রভু শুধু চাবুক দিয়ে শাসন করে—এই কথা আংশিক সত্য; তার চেয়ে বেশি সত্য ঔপনিবেশিক ধারণা ও জ্ঞানপ্রকল্প মস্তিষ্কের গভীরে প্রোথিত থাকে। চাবুকের শব্দ একসময় শাসিতের কাছে সংগীতের সুধা মনে হয়; আর খাঁচার পাখি একসময় স্বেচ্ছায় খাঁচাকে আকাশের বিকল্প হিসাবে ভাবতে শুরু করে। নগুগি ঠিক একারণেই ইংরেজি আর ইউরোপীয় ভাষার ঔপনিবেশিকতা থেকে আফ্রিকার সাহিত্যকে আলাদা করতে চেয়েছিলেন। উগান্ডার মাকেরেরে শহরে ইংরেজিতে যারা লেখালেখি করে নাম করেছেন সেই আফ্রিকান সাহিত্যকদের এক সম্মেলন হয়েছিল ১৯৬৪ সালে। যেখানে ‘থিংস ফল এপার্ট’ লিখে মেট্রোপলিটন কেন্দ্রে সাড়া জাগানো চিনুয়া আচেবে আশাবাদ রেখেছিলেন, “ইংরেজিতেই আফ্রিকানদের মনের কথা বলবেন, আমার অন্য কোনো উপায় নেই। আমাকে এই ভাষাটি দেয়া হয়েছে এবং আমি তা ব্যবহার করতে চাই।” সেই সম্মেলনে উপস্থিত ছিলেন তরুণ নগুগি। তিনি আচেবের এই আশাবাদের ভাগীদার হলেন না। নিজেদের স্থানীয় ভাষা, আফ্রিকার পুরাণ এবং প্রবাদ এড়িয়ে ঔপনিবেশিক ভাষায় সাহিত্য লিখবেন আফ্রিকার লেখকেরা এটা তিনি মেনে নিতে পারলেন না। তার সোজাসাপ্টা কথা, “যদি ইউরোপীয় কালজয়ী লেখকরা নিজেদের ভাষায় শ্রেষ্ঠ লেখাগুলো লিখতে পারেন তবে আফ্রিকানরা কেন তা পারবেন না?” “কীভাবে আমরা অন্য মানুষদের, অন্য সময়ের এবং অন্য স্থানের সমৃদ্ধ মানবিক ও গণতান্ত্রিক সংগ্রামকে ব্যবহার করতে পারি নিজেদের সমৃদ্ধ করার জন্যে?…আর কেন আমরা আমাদের নিজেদের ভাষায় সাহিত্যকীর্তি তৈরি করছি না?” নিছক যোগাযোগের মাধ্যম নয়, ভাষাকে নগুগি দেখেছেন প্রতিরোধ আর প্রতিবাদের পথ  হিসেবে। “ভাষা শব্দ দিয়ে তৈরি নিছক কিছু নয়। তাৎক্ষণিক ও আভিধানিক অর্থ ছাড়াও এর রয়েছে ইঙ্গিত দেয়ার ক্ষমতা ও সাংস্কৃতিক অভিপ্রায়।…আর এরপর আমি বিদ্যালয়ে গেলাম, যেটা ছিল একটি ঔপনিবেশিক বিদ্যালয় আর তখনই এসব ঐকতান ভেঙে গেল। আমার শিক্ষার ভাষা আর আমার সংস্কৃতির ভাষা এক থাকলো না।” এই কারণেই তিনি ইংরেজিতে প্রচুর লিখলেও নিজ ভাষা ‘গিকুয়ু’-তে সমানভাবেই শেষপর্যন্ত লিখেছেন। প্রমাণ করেছেন পশ্চিমারা ভাষাকে কীভাবে অত্যাচারের অস্ত্র হিসেবে ব্যবহার করে, আর কীভাবে দারিদ্র্য-শাসিত আফ্রিকানরা ক্রমশ নিজ ভূমে পরবাসী হয়ে যায়। আরেক মহারথী ভি. এস. নাইপলের উদাহরণ এই মুহূর্তে মনে পড়ছে, তার উপন্যাসে উঠে এসেছে কীভাবে ঔপনিবেশিক শাসন ও শোষণ ইংরেজি শিক্ষার মাধ্যমে ভারতীয় অভিবাসীদের চিন্তায় বন্ধ্যাত্ব এনে দিয়েছে। পশ্চিমা ভাষা আগ্রাসনের প্রতিচ্ছবি উত্তর-ঔপনিবেশিক সাহিত্যে সাবলীলভাবে ফুটে উঠেছে, সেটা নাইপল হোক কিংবা অমিতাভ ঘোষের উপন্যাস হোক। ‘থিংস ফল এপার্ট’ উপন্যাসে আচেবে যেমনটা দেখিয়েছেন পশ্চিমা শাসকরা আসে বাইবেল নিয়ে আর আফ্রিকানরা সেই ডিসকোর্স আর শিক্ষায় সর্বশান্ত হয়ে একসময় নিজের ভাষা, লোকাচার আর জমি সবকিছুই থেকে ওকোনকোর মতো উৎখাত হয়, তাদের হাতে থাকে কেবল বাইবেল।   নগুগির স্পষ্ট কথা এই ভাষাভিত্তিক সাম্রাজ্যবাদকে প্রতিরোধ না করতে পারলে প্রকৃত স্বাধীনতা কোনোদিন অর্জিত হবে না। একথা বর্তমান আফ্রিকার প্রেক্ষিতে শুধু নয়, পুরো পৃথিবীর প্রেক্ষিতেই নতুন নিও-লিবারেল তত্ত্বের ফাঁকিঝুঁকি বিবেচনায় নিয়ে অবশ্যই স্বীকার করতে হবে যে, চিন্তার আর মননের দাসত্বে বাস করে সত্যিকারের স্বাধীনতা ‘সোনার পাথরবাটি’ মাত্র। প্রায় দুইশত বছরের ঔপনিবেশিক শাসনের অবসান হয়েছে। কিন্তু পশ্চিমা ভাষা ও সাহিত্যের দাপট এখন আগের চেয়ে বেশি শক্তিশালী। তৃতীয় বিশ্বের প্রাক্তন কলোনিগুলো এখন প্রতিরোধ ভুলে গিয়ে আরো বেশি আত্মপরিচয় বিসর্জন দিতে ব্যস্ত। ঠিক যেন হাঁস ও শজারুর মিশ্রণে 'হাঁসজারু'। ক্যালিবানের সেই প্রবল প্রতিশোধের আগুন যেন অনেকটাই ফিকে হয়ে যাচ্ছে। একটি দীর্ঘ সৃজনশীল জীবনে নগুগি বারবার সেই প্রতিরোধী বয়ানের গুরুত্ব তুলে ধরেছেন। তার দৈহিক মৃত্যুর পরেও সেই বয়ান জারি থাকবে।",2025-05-30T10:33:29+06:00
https://www.banglatribune.com///www.banglatribune.com/literature/short-stories/900843/%E0%A6%B9%E0%A6%BE%E0%A6%B0%E0%A7%8D%E0%A6%9F-%E0%A6%B2%E0%A7%8D%E0%A6%AF%E0%A6%BE%E0%A6%AE%E0%A7%8D%E0%A6%AA-%E0%A5%A4%E0%A5%A4-%E0%A6%AC%E0%A6%BE%E0%A6%A8%E0%A7%81-%E0%A6%AE%E0%A7%81%E0%A6%B6%E0%A6%A4%E0%A6%BE%E0%A6%95%E0%A7%87,হার্ট ল্যাম্প ।। বানু মুশতাক,"বানু মুশতাক (জন্ম: ১৯৪৮) ভারতের কর্ণাটক রাজ্যের কন্নড় ভাষার লেখক। ছোটগল্প সংকলন ‘হার্ট ল্যাম্প-এর জন্য তিনি এবছর আন্তর্জাতিক বুকার প্রাইজ লাভ করেন। বুকারের ইতিহাসে এই প্রথম কোনো ছোটগল্প সংকলনকে এই সম্মানে ভূষিত করা হলো।আধ-বোজা দরজাটা ঠেলে মেহরুন ঘরের ভেতরে এক পা দিতেই, বসার ঘরের নিচু খাটে শুয়ে থাকা তার আব্বা এবং পাশে বসে নিচু স্বরে আলাপরত তার বড় ভাই—দুজনেই কথা থামিয়ে মেহরুনের দিকে তাকালো। ঠিক সেই মুহূর্তে তার ভাইঝি, রাবেয়া, ভেতর ঘর থেকে দৌড়ে তার কাছে এলো, আর আনন্দ ও উচ্ছ্বাস নিয়ে খলবল করে সারা বাড়ি জানিয়ে দিলো যে, ‘মেহরুন ফুফু এসেছে! মেহরুন ফুফু এসেছে!’ রাবেয়ার বাবা, তার মেজ ভাই আম্মান, গালে শেভিং ক্রিম মাখানো, হাতে শেভিং ব্রাশ ধরা অবস্থায় নিজের ঘর থেকে বেরিয়ে এসে মেহরুনের দিকে এমন আশ্চর্য দৃষ্টিতে তাকালো, যেন সে তার চোখকে বিশ্বাস করতে পারছে না। তার বড় আপা, আথিগে, আরেক ঘরে বাচ্চাদের সুর করে কোরআন পড়তে শেখাচ্ছিল। আপা দ্রুত পায়ে বসার ঘরে এসে মেহরুনের দিকে তাকালো। শাড়ির আঁচল দিয়ে করা ঘোমটা কখন যে মাথা থেকে সরে গেছে, সে ব্যাপারে আপার কোনো খেয়াল নেই। শীর্ণ দুহাতের পাতলা পাতলা আঙুলে তসবি ধরে রাখা তার মা হতবাক ও হতভম্ব হয়ে স্নায়ু বৈকল্যের মতো দাঁড়িয়ে রইলেন, যেন জিজ্ঞেস করছে, ‘এটা কি সত্যি?…এটা কি সত্যি!?’ মেহরুনের ছোট দুই বোন, রেহানা ও সাবিহা বসার ঘরের দরজা দিয়ে উঁকি দিলো। ওরা দুজন রান্নাঘরে চাপাতি-রুটি বানাচ্ছিল, চাপাতি তাওয়ায় লেগে পুড়ে কয়লা হলে হোক! সৌভাগ্যক্রমে তার ছোট ভাই আতিফ তখন বাসায় ছিল না। পুরো বাড়ি মুহূর্তের জন্য স্তব্ধ ও নীরব হয়ে পড়লো। ব্যাপারটা তার কাছে অস্বাভাবিক ও অচেনা মনে হলো। যে মা তাকে নয় মাস গর্ভে ধারণ করেছে, তাকে বড় করেছে, সেই মা তো বললো না—‘এসেছিস! আয় রে, ভেতরে আয় মেয়েটা!’ আর যে বাবা নিজ চওড়া বুকে ছোট্ট মেহরুনের পায়ের দাপাদাপিতে পুলকিত-আহ্লাদিত হতো, সেই বাবা তাকে স্বাগত জানিয়ে এক চিলতে হাসিও হাসলো না! তাকে সবসময় ‘আমার পরি, আমার অ্যাঞ্জেল’ বলে ডাকা তার বড় ভাই, কিংবা তাকে অবশ্যই কলেজে পড়তে পাঠাতে হবে, এ ব্যাপারে সবচেয়ে জোর দিয়ে বলা তার মেজ ভাই, আম্মান, কেউ তাকে কোনোপ্রকার সম্ভাষণ জানালো না। দুই ভাইয়ের বউরা তার দিকে এমন বিস্ফোরিত চোখে তাকিয়ে আছে, যেন সে অন্য কোনো গ্রহ থেকে নেমে এসেছে। মেহরুনের ভেতরটা ‘ধক’ করে ওঠে! তার কোলে নয় মাস বয়সী কন্যার আচমকা এক তীক্ষ্ম চিৎকারের পরই কেবল তারা তাদের বিহ্বল আচ্ছন্নতা থেকে বেরিয়ে আসে। বড় ভাই তাকে জিজ্ঞেস করে, ‘ইনায়েত কোথায়?’ মেহরুন এমনভাবে মাথা ঝোকায়, যেন সে একটা অপরাধ করে ফেলেছে। মাথা নিচু রেখেই সে বলে, ‘সে শহরে নেই।’ ‘তাহলে তুই কার সাথে এসেছিস?’ ‘আমি একা এসেছি।’ ঘরের চৌকাঠে দাঁড়িয়ে সে সবার উচ্চকিত-বিস্মিত সমস্বর শুনতে পায়, ‘একা?!’ ‘ফারুক, ওকে ভেতরে নিয়ে যা।’ বড় ভাই নির্দেশ দিতেই মেহরুন ভারী ও টলটলায়মান পায়ে বসার ঘরে ঢোকে। ঘরটা তার কাছে আদালতের মতো মনে হয়। তার মেয়েটা আবার চিৎকার করে। বোরকা না খুলেই সে তার নেকাব উঁচিয়ে, শরীর-মুখ ঘুরিয়ে আড়াল তৈরি করে বাবার বিছানার ওপর তেরচা হয়ে বসে মেয়ের ঠোঁটে একটা স্তনের বোঁটা লাগিয়ে দেয়। নিজের মুখটাও ধোয়া হয় না তার। বাচ্চার স্তন্যের টানে টানে তার পেট জ্বলতে থাকে। গতরাত থেকে এখনো পর্যন্ত কিছুই খায়নি সে। বাচ্চাকে দুধ খাওয়ানোর এই সময়টুকুতে তার মা বাদে অন্য কারোর উপস্থিত থাকার কথা নয়, থাকতে পারে না। ‘মেহের, এখানে আসার আগে বাসার কাউকে জানিয়ে এসেছিস?’ ‘না।’ ‘কেন?! আসার আগে কাউকে কিছু জানাসনি কেন? তুই দেখছি আমাদের ওপর গজব নামিয়ে আনার জন্য মনস্থির করে ফেলেছিস।’ ‘তা কাকে বলে আসতাম আমি? ওখানে আছেটা কে? আজ এক সপ্তাহ হয়ে গেল সে শেষবার বাড়ি ফিরেছিল। আমাকে বলেও যায়নি কোথায় যাচ্ছে। আমি তোমাদের সবাইকে লিখে জানিয়েছি, জানতে চেয়েছি; কিন্তু তোমরা কেউ কোনো উত্তরই করোনি। আমি মরে গেছি, নাকি বেঁচে আছি, সে ব্যাপারে কোনো চিন্তাই করোনি!’ ‘তুই লিখেছিস, তোর স্বামী নাকি কোনো এক নার্সকে নিয়ে ভেগেছে। আচ্ছা, তুই কি আমাদের একথা বিশ্বাস করতে বলিস?’ ‘আমার কথা যদি তোমরা বিশ্বাস না-ই করো, তাহলে অন্তত আমার ওখানে গিয়ে ব্যাপারটা তোমাদের জেনে-বুঝে আসা উচিত ছিল। অনেকেই ওদের দুজনকে একসাথে দেখেছে।’ ‘তা, আমরা তোর ওখানে গিয়ে, ওকে দেখে কী করতাম, শুনি? ধর, ওকে হাতেনাতে ধরেই ফেললাম, আর এ ব্যাপারে জিজ্ঞেস করলাম; আর আমাদের মুখের ওপর ও বলেই ফেললো যে, হ্যাঁ, ব্যাপারটা সত্যি। তখন আমরা কি করতাম? আমরা কি সালিশ-বিচারের জন্য মসজিদে দরখাস্ত করতাম, আবেদন দাখিল করতাম? ও তখন বলতো যে, ‘আমার ভুল হয়ে গেছে; আগে ওকে আমি মুসলমান বানাবো, তারপর ওকে নিকাহ করবো। আর তখন সেই মহিলা তোর সতিন হয়ে যেতো। আর ধর, তখন আমরা ওকে আরো বকাঝকা করলাম, দোষারোপ করলাম; তখন যদি ও বলে বসে যে, ‘আমি মেহরুন নামের এই মহিলার সাথে থাকতে চাই না, আমি ওকে তালাক দেবো... তালাক?’ ততক্ষণে মেহরুন প্রবল কান্নায় ভেঙে পড়েছে। মেয়েটির ঠোঁটে আরেক স্তন ধরিয়ে দিয়ে দুধ খাওয়াতে খাওয়াতে বোরকার নিচ থেকে আঁচল টেনে বার করে এনে সে তার চোখ-নাক মোছে। তাদের কয়েক মুহূর্তের নীরব-নিশ্চলতা। ‘তার মানে, তোমরা কেউ কোনোকিছু করার অবস্থায় নেই, তাই তো?’ কেউ কোনো কথা বলে না। মেহরুন বলে চলে, ‘আমি তোমাদের পায়ে পায়ে পড়ে বলেছিলাম, অনুনয়বিনয় করেছিলাম যে, আমি এখন বিয়ে করতে চাই না। তোমরা কি শুনেছিলে আমার কথা? আমি বলেছিলাম—আমি বোরকা পরবো, আর কলেজে যাবো। আমি ভিক্ষা চাওয়ার মতো করে তোমাদের কাছে আকুলভাবে বলেছিলাম—আমার লেখাপড়া বন্ধ করে দিও না! কিন্তু তোমরা কেউ আমার কোনো কথা শুনলেই না। আমার অনেক বান্ধবী-সহপাঠিরা এখনো বিয়েই করেনি; অথচ আমি পুরোপুরি বুড়ি হয়ে গেলাম। আমার ওপর পাঁচ পাঁচটা সন্তানের বোঝা। ওদের বাপ ইচ্ছেমতো যেখানে-সেখানে ‘মুখ’ দিচ্ছে, ঘুরেফিরে বেড়াচ্ছে, আর এদিকে আমার নিজের জীবন বলে কিছু নেই। একটা লোক যখন এসব হারাম কাজ করে চলে, তোমাদের কারো কি কোনো দায়দায়িত্ব নেই যে, তাকে জিজ্ঞেস করে—কেন সে এসব করে বেড়াচ্ছে?’ ‘যথেষ্ট বকেছিস মেহের, অনেক হয়েছে!’ ওর মা দুচোখ বন্ধ করে দুঃখ-কষ্টে নিজের মাথা ঝাঁকাতে থাকে। ‘হ্যাঁ, আম্মা, আমিও অনেক সহ্য করেছি। প্রথম প্রথম লোকজন ফিসফিসানি শুরু করলো; তারপর সবাই দুজনকে একসাথে থিয়েটার-সিনেমায় যেতে দেখলো, হোটেলে যেতে দেখলো। ওরাই সরাসরি এসে আমাকে সব জানিয়ে গেল। এরপর তো তার সাহস আরো বেড়ে গেল—মেয়েটার বাড়ি যাওয়া-আসা শুরু করলো। তখন সবাই ওকে বকাঝকা শুরু করলে, বাড়ি ছেড়ে সোজা ব্যাঙ্গালুর চলে গেল। ওখানে হাজার হাজার রুপি ওড়ালো, আর সেই মেয়েটাকে ব্যাঙ্গালুর বদলি করিয়ে নিলো। আর এই গত আটদিন ধরে ও সেই মেয়ের সাথে একসাথে থাকছে। আর কতদিন এসব আমি সহ্য করবো, বলো তো? কীভাবে বাঁচবো আমি?’ ‘ধৈর্য ধর মেয়ে, ধৈর্য রাখ। ভালোবেসে, ভালোবাসা দিয়ে ওকে সঠিক পথে ফিরিয়ে আনার চেষ্টা কর।’ ‘আচ্ছা আম্মা, আমার নিজের হৃদয় বলতে কি কিছু নেই? আমার কি কোনো অনুভূতি নেই? যখন ও এভাবে ভেগে গেল, তখন ওকে আমি আর আমার স্বামী হিসেবে সম্মান করতে পারি না। এখন ওকে দেখলেই আমার পুরো শরীর-মন নিদারুণ ঘৃণা আর বিরক্তিতে ভরে ওঠে। সেখানে ভালোবাসা তো দূরের কথা! এখন এটা আর তার আমাকে তালাক দেবার বিষয় নয়; আমিই ওর কাছ থেকে তালাক নিয়ে নেবো। আমি আর ঐ বাড়িতে ফিরে যাচ্ছি না।’ ‘এসব তুই কি বলছিস, মেহের?! অনেক বাজে বকছিস তুই। ও একটা পুরুষ মানুষ। হ্যাঁ, এখন হয়ত হোঁচট খেয়ে নোংরা-কাদার মধ্যে পড়েছে; কিন্তু দেখিস একটু পানি পেলেই সব নোংরা ঝেড়ে-মুঝে নেবে; আবার ফিরে আসবে। কোনো নোংরা দাগ ওর গায়ে লেগে থাকবে না।’ মায়ের কথার পর, সে কিছু বলার আগেই মেজ ভাই আম্মান বলে ওঠে, ‘দেখো! আমাদের সামনে ও কী আচরণ করছে, একবার দ্যাখো! নিশ্চয়ই ও ঠিক এভাবেই ওর স্বামীর সাথে কথাবার্তা বলেছে। আমি নিশ্চিত লোকটা একারণেই রাগ করে বাড়ি ছেড়েছে।’ আম্মান এরপর তার কণ্ঠস্বর সামান্য নমনীয় করে শেষ বাক্যটা যোগ করে, ‘এই বাড়ির পূত্রবধুরা যদি তোর কাছ থেকে এসব শেখে, তাহলেই, ব্যাস! হয়েছে আর কি!’ একথা শুনে মেহরুনের দুঃখ-কষ্ট সাথে সাথে রাগে পরিণত হয়; তারপর সেই রাগের রূপান্তর ঘটে হতাশায়। ‘ভাইয়া, আপনি যুক্তি-তর্ক ভালোই পারেন। আল্লাহ আপনাকে ভালো রাখুন। একথা তো সত্যি যে, আমিই আসলে খারাপ। আর এখন আমি আমার খারাপ আচার-আচরণগুলো জেনে গিয়েছি; খারাপ স্বভাব-প্রবৃত্তিগুলো বুঝে গিয়েছি। আমি বোরকা ছাড়া কখনো বাইরে বের হই না। ও আমাকে বোরকা পরা বাদ দিতে বলেছিল। নাভির নিচে শাড়ি পরতে জোর করতো; আর ওভাবেই ওর হাত ধরাধরি করে সদর্পে-সদম্ভে ঘোরাফেরা করতে বলতো। কিন্তু আপনারা আমাকে বোরকায় আবৃত করেছেন আর এমনভাবে প্রতিপালন করেছেন যে, মাথার উপর থেকে শাড়ির আঁচলের ঘোমটাটাও আমি পড়ে যেতে দিই না, তাই না ভাইয়া? এখন মাথা থেকে ঘোমটা খুললেই আমার নিজেকে কেমন যেন ‘ন্যাংটো’ লাগে। আপনি আমার অন্তর আল্লাহ-ভীতি ও আল্লাহ-প্রীতি দিয়ে ভরিয়ে তুলেছেন। তাই, আমার স্বামী যেটা চেয়েছিল, যেমনটা চেয়েছিল আমি তেমন তেমনটা করতে রাজি হয়নি। এখন তার সুরে নাচে, তার তালে বাজে—এমন একজনকেই সে বেছে নিয়েছে। আর এদিকে তোমরা সবাই এই ভয়ে আছো যে, ও যদি আমাকে তালাক দেয়, ছেড়ে দেয়, তাহলে আমি আর আমার সন্তানেরা তোমার ঘরের বোঝা হয়ে দাঁড়াবো। সে কারণেই তোমরা আমাকে পরিস্থিতি মানিয়ে নিয়ে সেখানে থাকতে বলছো। কিন্তু সেটা এখন আর সম্ভব নয়। ঐ জ্বলন্ত নরকে পোড়ার চেয়ে আমি আমাদের সন্তানদের নিয়ে বেরিয়ে আসবো। কোথাও কোনো কুলি-মজুরের কাজ করে জীবনটা চালিয়ে নেবো। তোমাদের কারোর উপর কোনো বোঝা হবো না আমি।...না; একদমই বোঝা হবো না!’ ‘লতানো গাছের ফল কি আর গাছের জন্য বোঝা হয় রে মা, মেহের?’ তুই আর আবোল-তাবোল বকিস না,’ মা আপত্তির সুরে বলে। ‘আম্মা, ওকে ভেতরে নিয়ে যান, আর কিছু খেতে দিন,’ গম্ভীরভাবে ওর বড় ভাই বলে। আমরা দশ মিনিটের মধ্যে চিকমাগালুর রওনা হচ্ছি। বাস পেয়ে গেলে বাসে যাবো; না পেলে ট্যাক্সি নিয়ে। আমরা তো আর ওর সুরে সুরে নাচানাচি করে যেতে পারি না!’ ‘আপনার বাড়িতে আমি এক ফোঁটাও পানি স্পর্শ করবো না! আর আমি চিকমাগালুরও ফিরে যাবো না। আপনি যদি জোর করে আমাকে নিয়ে যান, তাহলে এই আমি কসম খেয়ে কেটে বলছি—আমি নিজের গায়ে আগুন লাগিয়ে মরবো!’ “তুই খুব বাড়াবাড়ি করছিস, মেহের! যারা মরতে চায়, আত্মহত্যা করতে চায়, তারা ‘মরবো মরবো’ বলে বকে বকে বেড়ায় না। কিন্তু তোর যদি এই পরিবারের মান-সম্মান নিয়ে বিন্দুমাত্র উদ্বেগ-চিন্তা থাকতো, তাহলে এখানে চলে আসার বদলে তুই তা-ই করতিস! যে বাড়িতে ডোলি (বধূযাত্রা) গিয়েছে, যেখান থেকেই তোর ডোলা (শবযাত্রা) বের করা উচিত। সতী-সাধ্বী নারীর জন্য এটাই জীবন। তোর একটা মেয়ে হাই স্কুলে পড়ে; এদিকে তোর ছোট দুটি বোন আছে, যারা এখন বিবাহযোগ্য বয়সে পৌঁছেছে। তোর একটা ভুল কাজ, একটা ভুল পদক্ষেপ কিন্তু ওদের ভবিষ্যৎ, ওদের জীবন নষ্ট করে দিতে পারে। তুই বলছিস যে, তোর ছেলেমানুষি কথা আমাদের মানতেই হবে, আর তোর বাড়িতে গিয়ে তোর স্বামীর সাথে ঝগড়া-মারামারি করে আসতে হবে। কিন্তু আমাদেরও তো স্ত্রী-সন্তান আছে, না কি?! এখন ভেতরে যা, আর কিছু একটা খেয়ে নে।” বড় ভাই এরপর মেজ ভাইয়ের দিকে মুখ ঘুরিয়ে বললো, ‘আম্মান, দৌড়ে যা, একটা ট্যাক্সি নিয়ে আয়।’ তারপর মেহেরের দিকে তাকিয়ে বললো, ‘আর তুই, তোর ছেলেমেয়েরা কিংবা পাড়া-প্রতিবেশিরা যদি জিজ্ঞেস করে, তাহলে ওদের বলবি যে, বাচ্চাকে নিয়ে তুই হাসপাতাল গিয়েছিলি, বা এই ধরনের একটা কিছু।...এখানে আসার জন্য বাড়ি থেকে কয়টায় বেরিয়েছিলি, বল্ তো?’ মেহরুন কোনো উত্তর দেয় না। ‘এখন বাজে সাড়ে নয়টা,’ আম্মান বলে ওঠে, ‘ও এসেছে নয়টার সময়। তিন ঘণ্টার যাত্রা; ও তাহলে সকাল ছয়টায় ঘর থেকে বেরিয়ে পড়েছে নিশ্চয়ই। আর আমরা যদি এখুনি বেরিয়ে পড়তে পারি, তাহলে সাড়ে বারোটার দিকে ওখানে পৌঁছে যাবো।’ মেহরুন তার জায়গায় থম মেরে বসে থাকে। তার মা আর ছোট দুবোন পালা করে তাকে কিছু খেয়ে নিতে অনুনয়বিনয় করে; কিন্তু সামান্য একটু খাবার বা এক ফোঁটা পানিও সে মুখে তোলে না। ট্যাক্সি হাজির হলে সে কারোর সাথে কোনো কথা না বলে কোলের মেয়েকে শক্ত করে বুকে চেপে ধরে বাড়ির বাইরে বেরিয়ে আসে। তার দুই পাশে দুই বড় ভাই। মেহরুন কাউকে কোনো সালাম বা বিদায় সম্ভাষণ জানায় না। শুধু শেষ কয়েকটা সিঁড়ি বেয়ে নেমে যাবার পর, পিছন ফিরে তাকিয়ে একবার বাড়িটাকে চোখের মধ্যে পুরে নিতে চায়—যে বাড়িতে সে জন্মেছে, বেড়ে উঠেছে। তার চোখ অশ্রু ছলছল করে ওঠে। ওর আব্বা বুকে হাত চেপে ধরে কাশছে, কেশে চলেছে। ওর আম্মা মেয়ের দিকে তাকিয়ে ফুঁপিয়ে কেঁদে উঠলো। পরমুহূর্তে স্বামীর দিকে ঘুরে স্বামীকে পুরোপুরি শুইয়ে দিলো।  স্বামীকে বাতাস করতে করতে, মুখে-মাথায় পানির ছিটা দিতে দিতে নিজেকে শোনানোর মতো করে বলে আম্মা বললো, ‘হে, আল্লাহ, আমি যদি সামান্য এতটুকুনও পুণ্য অর্জন করে থাকি, আমার সমস্ত জীবনভর এতটুকুন সদ্গুণ, এতটুকুন সওয়াব—তাহলে তার বিনিময়ে তুমি আমার মেয়ের জীবনটাকে ঠিক করে দাও; একটা সুব্যবস্থা করে দাও… আল্লাহ!’ ট্যাক্সির দরজা খুলে, আম্মান চোখের ইশারায় মেহেরকে ভেতরে ঢুকে বসতে বলে। শ্বাস-প্রশ্বাসের স্বাভাবিক তালের আড়ালে মেজ ভাই গজগজ করে চলেছে। অথচ একসময় মেহেরুন তার ভাইদের নিয়ে কী যে গর্ব-অহংকার করতো, বড়াই করতো! তার স্বামী ইনায়েতের সাথে মনোমালিন্য হলে রাগ করে সে বলতো, ‘আমার ভাইয়েরা কিন্তু শের-ই বাব্বারের মতো বুক চিতিয়ে দাঁড়িয়ে আছে। তুমি যদি এমন আচরণ করতে থাকো, তাহলে ওনারা একদিন তোমাকে ধরে ছিঁড়ে-কেটে টুকরো টুকরো করে ফেলবে; হুঁশিয়ার!’ কিন্তু সেই গর্ব, সেই দম্ভ-অহংকার এখন পুরোপুরি মুছে দিয়েছে। তার ভাইয়ের একটু আগের কথা তার কানে গুঞ্জরিত হতে থাকে— ‘তোর যদি আমাদের পরিবারের মান-সম্মান নিয়ে বিন্দুমাত্র উদ্বেগ-চিন্তা থাকতো, তাহলে এখানে চলে আসার বদলে তুই নিজের গায়ে আগুন জ্বালিয়ে মরেই যেতিস। তোর এখানে আসাটা মোটেই উচিত হয়নি।’ গাড়িতে ওঠার সময় সে ফের তার বাড়ির দিকে তাকালো না; তাকালে দেখতে পেতো—আম্মা একটা জানালা দিয়ে উঁকি দিয়ে তাকে দেখছে; দেখতে পেতো—ছোট দুই বোন পর্দার আড়াল থেকে উঁকি দিয়ে তার দিকে আকুল হয়ে তাকিয়ে আছে। অবশ্য, তার ভাবীদের সে হয়ত সেখানে দেখতে পেতো না; তারা সম্ভবত ঘর-দোরের দৈনন্দিন কাজেই ব্যস্ত হয়ে উঠেছিল। তবু নেকাবের অন্তরালে তার দুগাল বেয়ে ঝরনাধারার মতো অশ্রু ঝরতে লাগলো। দুঠোঁট আঁকড়ে-কামড়ে ধরে সে তার ছোট ছোট ফোঁপানি-কান্নার টুঁটি চেপে ধরলো। দ্রুত গতিতে গাড়ি ছুটে চলে; কেউ কোনো কথা বলে না। আম্মান ভাই সামনের সিটে, মহল্লার ড্রাইভারের পাশে বসেছে। তার সামনে কি আর পারিবারিক গোপন বিষয় আলোচনা করা যায়? সুতরাং তাদের দীর্ঘ যাত্রা নীরবভাবে চলতে থাকে। আজ ষোল বছর ধরে সে ইনায়েতের প্রেম-ভালোবাসা আর লোভ-লালসার গুটি হয়ে আছে। আর এই ষোল বছরের মাথায় এসে লোকটা তার নারীত্বকে, তার নারীসত্তাকে অপমান করেছে। ‘তুমি তো একটা লাশের মতো পড়ে আছো; তোমার কাছ থেকে কোন সুখটা আমি পেলাম?’ ইনায়েত তাকে খুঁচিয়েছিল। ‘খাওয়া-পরার কিছু কি বাকি রেখেছি তোমাকে দিতে? এখন আমাকে কে থামায় দেখি! আমি এখন যে মেয়েটার সাথে আছি, সে আমাকে সুখ দিয়েছে, সুখী করেছে!’ যাত্রাপথে সে রাস্তাঘাট, দুপাশের গাছপালা কিংবা অন্য কোনো দৃশ্যও খেয়াল করে দেখে না। শুধু, ট্যাক্সিটা যখন ব্রেক কষে আচমকা থেমে গেল, সে উদাসীনভাবে জানালার বাইরে তাকিয়ে যেটা দেখলো, সেটাকে ওরা সবাই ‘মেহরুনের বাড়ি’ বলে। সদর দরজা থেকে শুকনো মুখের এক কিশোরী ‘আম্মি আম্মি’ বলে দৌড়ে গাড়ির কাছে চলে আসলো। ‘তুমি শেষমেশ ফিরলে! আমি যে কী উদ্বিগ্ন হয়ে ছিলাম,’ বলে মেয়েটা মায়ের কোল থেকে তার ছোট্ট বোনটাকে দুহাতে তুলে, বুকে চেপে ধরে প্রায় দৌড়ে ভেতরে চলে যায়। মেহরুন ধীর পায়ে বাড়ির ভেতর প্রবেশ করে। বাচ্চারা সবাই স্কুলে গিয়েছে। বাড়িটা তাই খাঁ-খাঁ করে, ফাঁকা-ফাঁকা লাগে। তার ষোলো বছর বয়সী মেয়ে সালমা—যে তার মায়ের দুঃখ-দুর্দশার একমাত্র ভাগীদার—সেই সালমাই আজ বাড়ির সবচেয়ে বড়। সালমা তার ভাই-বোনদের গুছিয়ে স্কুলে পাঠিয়ে দিয়ে, মায়ের ফিরে আসা নিয়ে উদ্বেগ-উৎকণ্ঠায় সারাটা সকাল পার করেছে। মা-র সাথে দুই মামাকে দেখে সে উতলা-উদ্দীপিত হয়ে পড়ে স্বস্তির নিশ্বাস ফেলে। মামারা নিশ্চয় ঐ মহিলাকে চুলের মুঠি ধরে টানতে টানতে বের করে দেবে, এমনটা সে ভাবে। সে চঞ্চলা হরিণীর মতো দৌড়ঝাঁপ শুরু করে; মামাদের জন্য নাস্তার আয়োজন করে, চুলায় চা বসিয়ে দেয়। মেহরুন নিজের ঘরের বিছানায় গিয়ে শুয়ে পড়েছিল। সালমা মায়ের কাছে গিয়ে, মায়ের গাল থেকে অশ্রু মুছে দিয়ে, মাকে কয়েক গাল খাবার খাইয়ে দেয়। এরপর, এঁটো খাবারের থালা হাতে করে ঘর থেকে বের হতেই, বাড়ির মধ্যে একটা পরিচিত কণ্ঠ শুনতে পায়। সে দৌড়ে আবার মায়ের ঘরে ঢোকে। ‘আম্মি, আম্মি, আব্বা এসেছেন!’ মেহরুন না শোনার ভাব করে; যে কম্বল সে গায়ে জড়িয়েছিল, তার আরো ভেতরে নিজেকে সে ঢুকিয়ে নেয়। তার মাথার সব স্নায়ু, শিরা-উপশিরা কাঁপছে, ধুপধাপ করে লাফাচ্ছে। সালমা মায়ের ঘর থেকে বেরিয়ে বসার ঘরে আসে। মামারা সামনের উঠানে দাঁড়িয়েছেন। ওখান থেকে ভেসে আসা পুরুষদের কণ্ঠ ও কথাবার্তা সে পরিষ্কার শুনতে পায়। সালাম বিনিময়, হাসি, কথোপকথন। ‘আরে ভাইয়া! আপনারা কখন এলেন?’ ইনায়েত জিজ্ঞেস করলো। ‘এই তো, এখুনি এলাম। তুমি কেমন আছো?’ ‘আল্লাহর রহমত আর আপনাদের দোয়ায় আমি ভালোই আছি।’ আম্মান মামার কণ্ঠ শোনা যায়—‘আপনি কোথায় ছিলেন ইনায়েত ভাই?’ ‘এইতো, এখানেই! এটা-ওটা কিছু খুচরো কাজ ছিল; করে বেড়াচ্ছিলাম। আপনি তো এসব বোঝেনই। ঘুম থেকে উঠে আমরা তো আর অলস ঘরে বসে থাকতে পারি না!’ ইনায়েত এবার একটা হাঁক ছাড়ে—‘সালমা! সালমা! তোর আম্মি কোথায়? দেখ্ কারা এসেছেন! আম্মিকে বাইরে আসতে বল্।’ বাড়ির ভেতর থেকে কোনো সাড়া-শব্দ ভেসে আসে না। ‘কী জানি, কোথায় কী করছে ও,’ ইনায়েত বলে, ‘নিশ্চিত, বাচ্চাটাকে নিয়ে ঘরের মধ্যেই আছে। ভাইয়া, একটু দাঁড়ান, আমি ডেকে আনছি।’ বসার ঘরে ঢুকেই সালমাকে দেখে ইনায়েত স্বর নামিয়ে মেয়েকে জিজ্ঞেস করে, ‘এই, এরা এখানে কখন এসেছে রে? আর তোর আম্মি কোথায়?’ ইনায়েতের মনের মধ্যে সন্দেহের সুতো খুলতে-খেলতে শুরু করে দিয়েছে। ‘মামারা এইমাত্র এসেছেন। আর আম্মি এখনো ঘুমাচ্ছে,’ সালমা একটু চালাকি করে বলে। ইনায়েত স্বস্তির নিশ্বাস ছাড়ে। ‘তোর আম্মি এখনো ঘুম থেকে ওঠেনি? কী হয়েছে কী ওর?’ বলে ইনায়েত শোবার ঘরের খোলা দরজার সামনে গিয়ে দাঁড়ায়। মেহরুনের শরীর কুণ্ডলী পাকিয়ে ঘুমিয়ে থাকার দৃশ্য তাকে নিদারুণ বিরক্ত করে। যে একমাত্র যে বিষয়টার জন্য তার স্ত্রীর গুরুত্বের দাবি করতে পারে তা হলো, সে তার সন্তানদের মা, জন্মদাত্রী মা। ইনায়েত ঘরের ভেতরে ঢুকে পড়তে চাইলেও, তার দুই পা তাকে ভেতরে নিয়ে যায় না। লোকটা কীভাবে, কী ভঙ্গিমায় দরজার সামনে দাঁড়িয়ে আছে, জেগে থাকা মেহরুন সেসব কল্পনায় দেখে। লোকটার পোশাক, তাতে সিগারেটের দুর্গন্ধ, শরীরে ঘামের উৎকট গন্ধ, লোকটার বুড়িয়ে আসতে থাকা শরীর, বড় বড় দুটি চোখ। যে লোকটা তার প্রতিটি স্নায়ুর উপর কষে দাগ কেটে গিয়েছে, সেই লোকটাই এখন তার কাছে অপরিচিত। কম্বল শক্ত করে চেপে মেহরুন যেভাবে শুয়েছিল, সেভাবেই সে স্বামীর কণ্ঠ শুনতে পায়। ‘সালমা, এদিকে আয়। তোর আম্মিকে এসব নাটক একেবারে বন্ধ করতে বল্। ও যদি আমাকে উপদেশ দিতেই ওর ভাইয়াদের এখানে এনেছে, তো নিজেই কিন্তু নিজের গলায় ফাঁস পরে নিয়েছে! এক শ্বাসে আমি এক দুই তিনবার ‘ওটা’ আওড়ে নেবো; আর এসব নাটক-ফাটক একেবারে খতম করে দেবো! তোর আম্মিকে গিয়ে বল্। আর বল্ যে, তালাক পাওয়ার পর ওর ছোট দুই বোন আর তোকে, আর তোর বোনদের কখনো বিয়ে দিতে পারে কিনা দেখতে। তোর আম্মিকে বল্, অতিথির সামনে সে আমার পারিবারিক সম্মানকে একেবারে ধুলোয় মিটিয়ে দিচ্ছে। গিয়ে বল্ তো, তোর আম্মিকে! তার ভাইদের সালাম জানিয়ে ভেতরে নিয়ে আসতে বল্; আর জিজ্ঞেস কর্, কী আনতে বলে—মুরগী নাকি খাসি। দুপুর তো প্রায় হয়েই গিয়েছে; তোর আম্মিকে জলদি জলদি দুপুরের খানা পাকাতে শুরু করতে বল্!’ সালমা মোটেই তার আব্বার সামনে দাঁড়িয়ে ছিল না। কিন্তু ইনায়েত এমনভাবে গড়গড় করে তার যা বলার বলে যায়, যেন সালমা ঠিক তার সামনেই দাঁড়িয়ে আছে। যেন কিছুই হয়নি, ঘটেনি—এমন ভাব-ভঙ্গিতে ইনায়েত আর তার শালা-সম্বন্ধীরা কথাবার্তা, আলাপ-আলোচনা চালিয়ে গেল। তারা কফির মূল্য নিয়ে, কাশ্মীরের নির্বাচন নিয়ে, মহল্লার এক পৌঢ় দম্পতির হত্যাকাণ্ড ও তদন্ত নিয়ে কথা বললো। মহল্লার জনৈক মুসলমান মেয়ের তার হিন্দু প্রেমিককে আনুষ্ঠানিকভাবে সিভিল ম্যারেজ করা নিয়ে, আরো এটা-সেটা নিয়ে গল্পসল্প চালিয়ে গেল। একদিকে তাদের গল্প এগিয়ে চললো, অন্যদিকে প্রেসার কুকার সিটি মারতে লাগলো, ব্লেন্ডার গোঁ গোঁ শব্দে ঘুরতে লাগলো। মসলার ঝাঁঝালো গন্ধ বাতাসে ভর করলো; বাজার থেকে মুরগী আসলো। দুপুরের খাবার তৈরি হয়ে গেল; মেহরুন খেটে-খুটে একা হাতে সবকিছু রান্না করলো। আর সালমা খাবার পরিবেশনে ব্যস্ত হয়ে পড়লো। মেহরুন মাত্র একবার, তাও অল্প সময়ের জন্য রান্নাঘর ছেড়ে বেরোনোর ফুরসত পেয়েছিল। দুপুরের ভারী ভোজন শেষে, মুখে পান ঠেসে-গুঁজে নিয়ে মেহরুনের বড় ভাইয়েরা বাড়ি ফেরার জন্য প্রস্তুত হলো। বেরিয়ে পড়ার আগে মেজ ভাই আম্মান রান্নাঘরের দরজার সামনে গিয়ে দাঁড়িয়ে কিছু কথা যেন বাতাসে ছেড়ে দিলো: ‘একটু বুদ্ধিশুদ্ধি করে, চাতুরী করে সবকিছু ম্যানেজ করে চল্। আমি সামনের সপ্তাহে একবার আসবো। ও কিছুদিন এমন আচরণ চালিয়ে যাবে, তারপর সবকিছু শুধরে যাবে; নিজেই পথে চলে আসবে। তবে দায়িত্ব-দায়ভার কিন্তু তোকেই নিতে হবে। অনেক মেয়েদের তো কিছু কিছু সমস্যার সম্মুখীন হতেই হয়—যাদের স্বামী মদ্যপ-মাতাল হয়, কিংবা যাদের শাশুড়ি গায়ে হাত তোলে, নির্যাতন করে। আল্লাহর শুকরিয়া তুই অনেক ভালো অবস্থায় আছিস! ইনায়েত খানিকটা দায়িত্ব ও কাণ্ডজ্ঞানহীন বটে; কিন্তু ঐ অতটুকুই। তোকেই তো এসব সামলে-বুঝে, মানিয়ে চলতে হবে।’ ট্যাক্সি করে ভাইয়ারা ফিরে গেল। আর, গাড়ির শব্দ বাতাসে মিলিয়ে যেতে না যেতে ইনায়েতও ঘর ছেড়ে ভাগলো। সালমা ঘুরে আম্মির মুখের দিকে তাকায়। মামারা আম্মিকে কোনো সান্ত্বনাবাণী শোনায়নি, কোনোপ্রকার সাহায্যও করেনি। আম্মির দুঃখ-যন্ত্রণা তার ভেতরে কষ্টের ধুকপুকানি তৈরি করে। আব্বা যখন বাড়ি ছেড়ে বেরিয়ে যায়, তার দুচোখ ছলছল করে ওঠে। বিষাদ-নৈরাশ্যে বাড়িটা ডুবে থাকে। স্কুল থেকে ওর ভাইবোনের ফিরে আসার কোলাহলও সেই গুমোট নিরানন্দভাব দূর করতে পারে না। যার যার নিজের কাজ আছে; বয়ে চলার জন্য যার যার নিজের বোঝা আছে। বিকেলে আলো ফুরিয়ে গিয়ে যখন সন্ধ্যা নামলো, সব ঘরে লস্ফ-প্রদীপ জ্বালানো হলো। কিন্তু মেহরুনের হৃদয়-প্রদীপ অনেক আগেই নিভিয়ে দেয়া হয়েছে। কীসের জন্য সে বেঁচে থাকবে? বেঁচে থাকার যুক্তিটা কী? এসব দেয়াল, ছাদ, চুলো, থালাবাটি, আসবাব ও বিছানাপত্র, তৈজসপত্র, বদনা-বালতি, সামনের উঠোনের গোলাপ গাছ—এসবের কোনোকিছুই তার প্রশ্নের কোনো উত্তর করতে পারে না। তাকে পাহারা দিয়ে চলা, তার চারপাশে ঘুরঘুর করে চলা ম্রিয়মাণ চোখদুটির দিকেও সে তাকায় না। সালমা তার লেখাপড়া, বই খাতার মধ্যে ডুবে থাকতে চাইছিল; আসন্ন এস. এস. এল. সি পরীক্ষায় বসার জন্য নিজেকে তার প্রস্তুত করা দরকার। কিন্তু ভয়ানক এক উৎকণ্ঠা—যার নাম মুখেও আনা যায় না—সেই উৎকণ্ঠা-দুশ্চিন্তা নিয়ে সে তার আম্মিকে সবসময় চোখে চোখে রাখছে। রাতের নীরবতার মাঝে মেহরুন অন্ধকারের দিকে তাকিয়ে থাকে। এ যেন তারই জীবনের মতো নিকষ-ঘোর অন্ধকার। বাচ্চারা সব ঘুমিয়ে পড়েছে। এক সালমাই শুধু বসার ঘরে বসে পড়ালেখা করছে; আর মায়ের ঘরের দিকে সতর্ক দৃষ্টি দিয়ে রেখেছে। মেহরুনের ঘুম পুরোপুরি হাওয়া হয়ে গেছে। সে ভাবতে থাকে: নিজের বাড়িতে তার যুদ্ধ-সংগ্রামগুলো কি খুব সহজ ছিল? বি. কম দ্বিতীয় বর্ষ ফাইনালের একমাস আগে তার বিয়ে হয়ে যায়। অনেক কান্নাকাটি করে, ভীষণ আকুতিভরে বাড়ির মুরুব্বীদের কাছে সে পরীক্ষায় বসার অনুমতি চেয়েছিল। কিন্তু বাড়ির একজন মানুষও সে কথা কানে পর্যন্ত তুললো না। বিয়ের এক সপ্তাহ পর, দ্বিধা-সংশয়ভরে সে তার স্বামীর কাছে পরীক্ষায় বসতে চাওয়ার কথা উত্থাপন করেছিল। শুনেই, লোকটা হেসে উঠে তাকে ‘আমার ভালোবাসা, প্রেয়সী, আমার জান’—এসব আদুরে নামে ডেকে বলেছিল—‘এই সময়টা তুমি যদি এখানে না থাকো, তাহলে কি আমার শ্বাস বন্ধ হয়ে যাবে না?’ মেহরুনও বিশ্বাস করে নিয়েছিল সে কথা; সে সাথে না থাকলে লোকটার জান বেরিয়েও যেতে পারে। তাই সে সুখী হয়েছিল। তখন থেকে সে স্বামীর সকল ইচ্ছাকে পূরণ করেছে, অনুসরণ করেছে। সে-ই ছিল লোকটার হৃদয় আলোকিত করে থাকা প্রদীপ। শেষপর্যন্ত এই একবছর আগে তার শ্বশুর-শ্বাশুড়ি ইন্তেকাল করার পরই কেবল মেহরুন তার স্বামীকে পুরোপুরি নিজের মতো করে পেলো। তার সবকটি ননদের বিয়ে-শাদি হয়ে গিয়েছে; যে যার যার স্বামীর বাড়িতে সংসার করছে। দেবররাও যে যার ভবিষ্যতের রাস্তায় দূরদূরান্তে ছড়িয়ে পড়েছে। এতদিনে, এতো বছর পর এসে তার দীর্ঘ-লালিত স্বপ্নটা পূরণ হলো; নিজের একটা বাড়ি হলো। আর স্বপ্ন যখন পূর্ণ হলো, তখন তার মুখের চামড়া কুঁচকে এসেছে, হাতের শিরাগুলো ঠেলে উঁচিয়ে উঠেছে। চোখের নিচে পাতলা ছায়া জমেছে, ফেটে হা হয়ে গেছে দুই গোড়ালি। আঁটো ও অ-সমান করে কাটা নখের মধ্যে কালো-ময়লা স্থায়ী জায়গা করে নিয়েছে; চুল পাতলা হয়ে গেছে। আর সে এসবের কিছুই খেয়াল করে উঠতে পারেনি। ইনায়েতও হয়ত নিজের অ্যাপেনডিক্স অপারেশান না হলে এসব খেয়াল করত না। প্রাইভেট হাসপাতালের সামান্য বেতনের জন্য দিন-রাত পরিশ্রম করে চলা ঐ নার্স মেয়েটার চোখে তখন হাজারো স্বপ্ন। মেয়েটা হাঁটত, নাকি বাতাসে ভাসতো—কেউ বলতেও পারবে না। তার চকচকে আভাময় ত্বক আর মধু-রঙা চোখ ঘূর্ণাবর্তের মতো যে কাউকে তার দিকে টেনে নিতো। ত্রিশের কোটা ধরে মেয়েটার বয়স এগিয়ে যাচ্ছিল। তাই নিজের ভবিষ্যৎ সুনিশ্চিত করতে, স্বপ্নগুলোকে সার্থক করতে সে যেকোনো কিছু করার জন্য প্রস্তুত ছিল; একেবারে যেকোনো কিছু! হাসপাতালের দিনগুলোতে ইনায়েত এই নার্সকে একবারের জন্যও ‘সিস্টার’ বলে ডাকেনি। প্রথম দিন থেকে শেষ দিন পর্যন্ত সে তাকে তার নাম ধরেই ডেকেছে। আর এরপরই ইনায়েত সেই গর্ভকে অপমান-অস্বীকার করে বসলো—যে গর্ভ তাকে এতোগুলো সন্তান উপহার দিয়েছে। সে মেহরুনের ঝুলে পড়া পেট নিয়ে খোঁটা দিতে শুরু করলো। তার ঝুলে পড়া স্তনযুগল নিয়ে খোঁচা দিতে লাগলো, যে স্তন তার সন্তানদের ক্ষুধা মিটিয়ে এসেছে। ইনায়েতের অশ্রাব্য সব কথা ও খোঁচায় তার আত্মাও একেবারে নগ্নতা অনুভব করলো। একদিন তো ইনায়েত বলেই বসলো—‘তুমি এখন আমার মায়ের মতো।’ আর এই একটা বাক্য দিয়ে সে তাকে জ্বলন্ত নরককুণ্ডে জীবন্ত ঠেলে দিয়েছে। এ কথার পর থেকে এই কয়েক মাস প্রতি গাল খাবার মুখে তোলাই মেহরুনের কাছে ‘পাপ’ বলে মনে হয়েছে। নিজ বাড়িতেই অচিন-অচেনা অনুভব করার যন্ত্রণা তাকে তাড়া করতে শুরু করলো; অপমানের আগুন তাকে মাটিতে মিশিয়ে ফেললো। বাধ্য হয়েই শেষপর্যন্ত সে পরিবারের সাহায্য কামনা করেছিল। রাত গভীর হতে হতে মেহরুনের অন্তর্গত তোলপাড় আরো শক্ত ও কঠোর হয়ে ওঠে। এমন নিঃসঙ্গ, অসহায় সে আগে কখনো বোধ করেনি। কোনোরকম কোনো আকাঙ্ক্ষা-বাসনা তার মনে কাজ করে না। সে বিছানায় উঠে বসে। তার ব্যাপারে জিজ্ঞেস করার এখন কেউ নেই। ঠাট্টা-কৌতুকে তাকে উত্ত্যক্ত করার, আলিঙ্গনে ভরে নেবার, চুমু দেবার এখন কেউ নেই। ওসমস্ত কাজ যে লোকটা করতো, সে এখন অন্য কারো। জীবনের যেন কোনো শেষ সে দেখতে পায় না। পিছন থেকে আসা আচমকা জোর শব্দও তাকে প্রকম্পিত করে না। সে বুঝে যায়, ফ্রেমে বাঁধা ছবিটা পড়ে গিয়েছে; শত টুকরো হয়ে কাচ ইতি-উতি ছড়িয়ে পড়েছে; টুকরো টুকরো হয়ে গেছে ফ্রেমটা; ছবিটা বেরিয়ে মেঝের উপর পড়ে আছে। কিন্তু এক ধরনের উদ্বেগ তার ভেতরে শক্ত-পোক্তভাবে বাসা বেঁধে ফেলায়, কী পড়লো, না ভাঙলো—সেসব নিয়ে ভাবতে তার বিন্দুমাত্র ইচ্ছা হয় না। বিছানা ছেড়ে সে আস্তে-ধীরে উঠে দাঁড়ায়; দীর্ঘক্ষণ ছোট্ট মেয়েটার দিকে তাকিয়ে থাকে। তারপর শোবার ঘর ছেড়ে বাইরে আসে। তার ছোট ছোট ছেলেমেয়েরা প্রশান্তিময় ঘুমের কোলে তলিয়ে আছে।  এরপর ধীর পদক্ষেপে, প্রায় নিঃশব্দে সে যখন বসার ঘরে আসে, দেখতে পায়—সালমা পড়তে পড়তে টেবিলে হাত-মাথা ঠেকিয়ে ঘুমিয়ে পড়েছে। সে এগিয়ে গিয়ে তার ঘুমিয়ে পড়া মেয়েটার পাশে দাঁড়ায়, আর কাঁপতে শুরু করে। সে ভেবেছিল তার সকল অনুভূতিই এখন মৃত; কিন্তু সালমার দিকে তাকিয়ে সেই মুহূর্তে আবেগের উথালপাথাল ঢেউ তাকে আন্দোলিত করতে থাকে। শরীরের সমস্ত ভার ছেড়ে দিয়ে তার পড়ে যেতে ইচ্ছে হয়। মেয়েটাকে একটু ছোঁয়ার, আর ওর অন্তরকে—‘মা রে, তোকে যে এই বাচ্চাগুলোর মা হতেই হবে!’—এই কথাটুকু বলার দুর্মর-দুর্বার বাসনা সে অনেক কষ্টে সামলে সংযত করে নেয়। মেহরুনের পা আস্তে আস্তে তাকে সামনে এগিয়ে নিয়ে যায়। সামনের দরজা খুলে সে উঠানে এসে দাঁড়ায়। যে অল্প কয়টা গাছের সে যত্ন-আত্তি করতো, সেগুলো যেন সবাই কাঁদছে। যেন ওর নেয়া সিদ্ধান্তকে ওরা মাথা নাড়িয়ে সম্মতি জানাচ্ছে। এরপর সে আবার ঘরে ঢুকে পড়ে; দরজা বন্ধ করে দিয়ে, রান্নাঘরে চলে যায়। সেখান থেকে কেরোসিনের পাত্র হাতে তুলে নিয়ে সে সারা বাড়ি ঘুরঘুর করতে থাকে। সিদ্ধান্ত নিয়ে উঠতে পারে না যে, কোথায় দাঁড়িয়ে তার নিজের গায়ে কেরোসিন ঢালা উচিত। বসার ঘরে ফিরে যাবার আগে, ঘুমন্ত বাচ্চাদের দেখার জন্য সে আরেকবার থামে। সে সালমার দিকে তাকায় না। এরপর, সে দ্রুতপায়ে রান্নাঘরে গিয়ে ম্যাচবাক্সটা তুলে নিয়ে ডানহাতের মুঠোয় শক্ত করে চেপে ধরে। তারপর বসার ঘর পেরিয়ে, নিঃশব্দে সামনের দরজার হুড়কো খুলে আবার সামনের উঠানে নেমে আসে। সেই অন্ধকারে তাকিয়ে, তার যে কেউ নেই, কেউ যে আর তাকে চায় না—এমনসব ভাবনা ভাবতে ভাবতে সে নিজের গায়ে কেরোসিন ঢালতে থাকে। তার নিয়ন্ত্রণাতীত এক প্রবল শক্তি তাকে পেয়ে বসেছে। সে চারধারে তাকায়; কোনো শব্দ তার কানে পৌঁছায় না। কোনো স্পর্শ সে অনুভব করে না, কোনোকিছুর কোনো স্মৃতি থাকে না; কোনো সম্পর্কই তাকে ভেদ করতে পারে না। স্বাভাবিক চেতনা ও জ্ঞান-বোধের বাইরে চলে গিয়েছে সে। কিন্তু ঘরের মধ্যেই তখন সবকিছু ঘটে চলছিল—বাচ্চা বোনের ক্ষুধার্ত চিৎকারে সালমা চমকে জেগে ওঠে; দৌড়ে বোনকে কোলে নিয়ে সে ‘আম্মি, আম্মি’ করে অন্য ভাইবোনদের ঘরে খুঁজতে ঢুকে পড়ে। এরপর বাড়ির অন্যসব ঘর খুঁজে, শেষে সামনের দরজা খোলা দেখতে পেয়ে দৌড়ে সামনের উঠানে নেমে আসে। সেই দুর্বোধ্য অন্ধকারের মধ্যেও সে তার মায়ের আকৃতি বুঝে নেয়; কেরোসিনের উৎক গন্ধ তার নাকে আঁছড়ে পড়ে। কোনো ভাবনা ছাড়াই সালমা ছুটে সামনে এগিয়ে যায়; শিশু বোনকে আগলে ধরে তার আম্মিকে শক্ত করে ঝাপটে ধরে। ম্যাচবাক্স মুঠিতে চেপে ওর মা তাকে জড়িয়ে ধরা কিশোরীর দিকে আবেগহীন দৃষ্টিতে তাকিয়ে পড়ে; যেন সে অন্য কাউকে আশা করছিল। সালমা তড়িঘড়ি বোনকে মাটির উপর শুইয়ে দিয়ে চিৎকার-কান্নায় ভেঙে পড়ে, আর মায়ের পা-দুটি জড়িয়ে ধরে জড়ানো কণ্ঠে বলে—‘আম্মি! আম্মি! আমাদের এভাবে ফেলে চলে যেয়ো না!’ সালমার ফোঁপানো কান্নার সাথে মাটিতে শুইয়ে রাখা শিশু মেয়েটির চিৎকার-কান্না মিলেমিশে যায়। মেহরুন ওদের দিকে তাকায় আর তাকে আঁকড়ে-জাপটে ধরা অদ্ভুত ও ভয়ানক শক্তিটার সাথে যুদ্ধ করে নিজেকে মুক্ত করার চেষ্টা চালিয়ে যায়। ম্যাচবাক্সটা মুঠো থেকে খসে পড়ে। সালমা তখনো মায়ের পা জড়িয়ে ধরে থাকে। ‘আম্মি,’ সালমা কাঁদতে কাঁদতে বলে, ‘তুমি একজন মানুষকে হারিয়েছো বলে আমাদেরকে ঐ মহিলার করুণার উপর ছেড়ে দিয়ে যাচ্ছো? আব্বার জন্য তুমি মরতে তৈরি, কিন্তু আমাদের জন্য তোমার বেঁচে থাকা কি সম্ভব নয়? আমাদের সবাইকে তুমি কীভাবে এতিম বানিয়ে রেখে যেতে পারো? আম্মি? আমরা যে তোমাকে চাই!’ মেয়ের কথার চেয়ে মেয়ের স্পর্শ মেহরুনের উপর বেশি প্রভাব ফেলে। সে কাঁদতে থাকা বাচ্চাকে দুহাতে তুলে নিয়ে, সালমাকে তীব্র আলিঙ্গনে বুকের সাথে জাপটে ধরে। কেউ একজন তাকে স্পর্শ করছে, আশ্বস্ত করছে, বন্ধুর মতো তাকে বুঝছে—এই অনুভূতিতে তার দুচোখ ভারী হয়ে ওঠে। সে শুধু এতটুকু বলতে পারে—‘মাফ করে দিস আমার মেয়েটা।’ রাতের অন্ধকার তখন গলে গলে খানিকটা কোমল-তরল হয়ে এসেছে।",2025-05-29T18:51:19+06:00
https://www.banglatribune.com///www.banglatribune.com/others/interview/869326/%E0%A6%AC%E0%A6%BE%E0%A6%82%E0%A6%B2%E0%A6%BE%E0%A6%A6%E0%A7%87%E0%A6%B6%E0%A7%87-%E0%A6%97%E0%A6%A3%E0%A6%A4%E0%A6%A8%E0%A7%8D%E0%A6%A4%E0%A7%8D%E0%A6%B0-%E0%A6%95%E0%A6%96%E0%A6%A8%E0%A7%8B%E0%A6%87-%E0%A6%AA%E0%A7%8D%E0%A6%B0%E0%A6%A4%E0%A6%BF%E0%A6%B7%E0%A7%8D%E0%A6%A0%E0%A6%BF%E0%A6%A4-%E0%A6%B9%E0%A7%9F%E0%A6%A8%E0%A6%BF,বাংলাদেশে গণতন্ত্র কখনোই প্রতিষ্ঠিত হয়নি: সলিমুল্লাহ খান,"সলিমুল্লাহ খানের জন্ম ১৯৫৮ সালে কক্সবাজার জেলায়। পড়াশোনা ঢাকা বিশ্ববিদ্যালয় ও যুক্তরাষ্ট্রের নিউ স্কুল ফর সোশ্যাল রিসার্চে। তিনি বর্তমানে ইউনিভার্সিটি অব লিবারেল আর্টস বাংলাদেশের অধ্যাপক। তিনি বাংলাদেশের অন্যতম চিন্তাবিদ। সময়কে তিনি দেখেন নিজের গভীর দৃষ্টিভঙ্গি দিয়ে। সম্প্রতি বাংলাদেশে ঘটে যাওয়া গণঅভ্যুত্থান এবং বর্তমান পরিস্থিতি নিয়ে কথা বলেছেন বাংলা ট্রিবিউনের সঙ্গে। বাংলা ট্রিবিউন: ৫ আগস্ট বাংলাদেশে একটা পটপরিবর্তন হলো। অন্তর্বর্তী সরকার গঠিত হয়েছে, তারা কাজ করছে দুই মাস হয়ে গেলো। এই বিষয়ে আপনার মতামত জানতে চাচ্ছি। সলিমুল্লাহ খান: দুই মাস অতি অল্প সময়। কোনও কাজ তারা সত্যি করতে পেরেছেন কিনা সেটা বিচার করার জন্য দু’মাস পর্যাপ্ত নয়। যে উদ্দেশ্য নিয়ে এসেছেন সেটা তাঁরা ঘোষণা করেছেন—তাঁরা কিছু সংস্কার শুরু করবেন, কিছু সংস্কার সমাপ্ত করবেন। এখন সংস্কারগুলো কী? আওয়ামী লীগ সরকারের পতন হলো কেন? যে দুঃখে তাদের পতন সেই দুঃখটা সারাতে হবে। আওয়ামী লীগ সরকারের অনেক দোষের মধ্যে একটি বড় দোষ— তারা নির্বাচন ব্যবস্থাটাকে ধ্বংস করেছেন। কাজেই নির্বাচন ব্যবস্থা পুনরুদ্ধার করা দরকার। নির্বাচন ব্যবস্থা মানে মানুষ নিজের ভোট দিয়ে নিজের প্রতিনিধি নির্বাচিত করবে যে পদ্ধতিতে, সেই পদ্ধতিটিকে তারা ধ্বংস করেছেন। আমাদের যে সাংবিধানিক ব্যবস্থা তাকে বলে প্রজাতন্ত্র। যাতে বলা হচ্ছে— সরকার একটি নির্দিষ্ট মেয়াদের বিশ্বাসের নাম। জনগণের প্রতিনিধিরা সরকার পরিচালনা করবেন, জনগণের আস্থা পূরণ করবেন। কিন্তু সরকার যদি জনগণের প্রতিনিধিত্ব না করে বিশেষ বিশেষ স্বার্থের প্রতিনিধিত্ব করার জন্য জনগণের সাথে তার সম্পর্কের যে শেষ সুতা— সেটাও কেটে দেয়, নির্বাচন ব্যবস্থা ভণ্ডুল করে, তবে সে সরকার সমস্ত আইনগত ও নৈতিক বৈধতা হারিয়ে ফেলে। হাসিনা সরকারের পতনের জন্য মানুষ মনে মনে শত চেষ্টা করলেও অনেক দিন ভয়ে সফল হয়নি। সেই ভয় করে একটি চূড়ান্ত অবস্থায় যাঁরা চেষ্টা করতে পেরেছেন, স্বাভাবিকভাবেই তাঁদের হাতে নেতৃত্ব গিয়ে পড়েছে। বাংলা ট্রিবিউন: ভবিষ্যতে এই সরকারের আইনগত ভিত্তি নিয়ে কোনো প্রশ্ন কি উঠতে পারে? সলিমুল্লাহ খান: স্বীকার করতে হবে, সরকার গঠনের বৈধতা শুধু নির্বাচন দিয়ে হয় না। জনগণের ইচ্ছার বহিঃপ্রকাশ হিসেবেও সরকার গঠিত হয়। এই ইচ্ছার প্রকাশ নির্বাচনের মাধ্যমে যদি না ঘটে— তাহলে জনগণ সরাসরি নিজের ক্ষমতা নিজের হাতে নিতে পারে। এখানে জনগণ বলতে বোঝায় তাঁদেরকেই যাঁরা নিজের জীবন বিপন্ন করে এই আন্দোলন-সংগ্রামে জয়ী হন। এই যে নিজের জীবনকে বিপন্ন করা—এটিই হচ্ছে সার্বভৌমত্ব রক্ষার শেষ উপায়। আমাদের দেশের রাষ্ট্রব্যবস্থাকে বলা হয় ‘popular sovereignty’। এর অর্থ জনগণই রাষ্ট্রক্ষমতার মালিক। কিন্তু সমস্যা একটাই— এই জনগণ কী বস্তু? একসঙ্গে সম্মিলিত ২০ কোটি মানুষ তো আন্দোলন করে না। জনগণের মনের যে অভিপ্রায় সেটা যারা জানতে পারেন তারা জিজ্ঞেস করেন, এটাই জনমনের মনের অভিপ্রায় কিনা। সে প্রশ্নের উত্তরে মানুষ যদি হ্যাঁ বলে, তাহলে সেটাই জনগণের অভিপ্রায়। শেখ হাসিনার শেষদিকে মানুষ বিক্ষিপ্তভাবে নানা ইস্যুতে আন্দোলন করছিল। তিনি সবগুলো দমন করতে পেরেছিলেন। পেরেছিলেন সেগুলো বিক্ষিপ্ত বলেই। যখন তারা সম্মিলিত হয়েছে তখন তিনি পরাস্ত হয়েছেন। এখন নতুন যাঁরা ক্ষমতায় বসেছেন তাঁদের বৈধতা এই— তাঁরা জনগণের অভিপ্রায় ধারণ করতে পেরেছেন। তবে জনগণের অভিপ্রায় কাউকে চিরস্থায়ী করে না। এজন্য ‘বিংশ শতাব্দীতে মানুষের শোকের আয়ু বড়জোর এক বছর’ বলে যে পঙক্তি নাজিম হিকমত লিখেছিলেন সেই পঙক্তি এখানে স্মরণ করা যায়। অভ্যুত্থানের মাধ্যমে আসা ক্ষমতাকে বৈধতা দিতে হলেও নির্বাচন দিতে হবে।                                     											jwARI.fetch( $( ""#ari-image-jw6839d94a0e284"" ) );
            বাংলা ট্রিবিউন: নির্বাচনের একটা লক্ষ্য সামনে আছে। সেক্ষেত্রে অন্তর্বর্তী সরকারকে কোন বিষয়গুলোতে গুরুত্ব দেওয়া উচিত? সলিমুল্লাহ খান: আজ বাংলাদেশের দু’মাস ধরে যাঁরা ক্ষমতায় আছেন তাঁরা যদি নির্বাচনের ব্যবস্থাটাকে বৈধতা দিতে চান, তাঁদের আগে বলতে হবে নির্বাচনের ব্যবস্থাটা কী হবে। একটা উদাহরণ দিয়ে বলি। আমাদের নির্বাচনের যে বর্তমান পদ্ধতি তা শেষ বিচারে দ্বিদলীয় ব্যবস্থা। এখানে ছোট ছোট দল থাকলেও তাদের পক্ষে নির্বাচিত হয়ে আসা— এবং নির্বাচিত হওয়ার পরে সরকার গঠন করা— একরকম প্রায় অসম্ভব। এই যুক্তির পক্ষে প্রমাণ গত ৫৩ বছরের ইতিহাস। এখানে সামরিক শাসন কায়েম হয়েছে— পর্যায়ক্রমে দ্বিদলীয় ব্যবস্থাও কায়েম হয়েছে। বহুবার আওয়ামী লীগ এবং বহুবার বিএনপি ক্ষমতায় এসেছে। সুতরাং, ক্ষুদ্র দল- বিশেষ করে যারা ক্ষুদ্র জাতিসত্তা (যাদের বলা হয় সংখ্যালঘু) তারা—ক্ষমতার ভাগ পাননি। সংখ্যালঘু শুধু ধর্মীয় অর্থে নয়, প্রত্যেক ধর্মের মধ্যেও সংখ্যালঘু রয়েছেন, যেমন- হিন্দু ধর্মের মধ্যে আছেন উচ্চবর্ণ বা নিম্নবর্ণ এবং মুসলমানের মধ্যেও নানা রকমের ভেদাভেদ আছে। নারীদের ক্ষমতার কথা বলি। সেক্ষেত্রেও দেখা যায় বৈষম্য। বর্তমান ব্যবস্থাকে যদিও বলা হচ্ছে ঐকমত্যের ভিত্তিতে ও জনমতের ভিত্তিতে সরকার গঠন-ব্যবস্থা; প্রকৃতপক্ষে এটা যারা সংখ্যাগুরু তাদের সরকার গঠন-ব্যবস্থা। সরকারি চাকরিতে, সংসদীয় প্রতিনিধিত্বে, এমনকি স্কুল-কলেজে, শিক্ষা-ব্যবস্থায় (যেগুলো ক্ষমতার উৎস সবগুলোতে) এই সংখ্যাগুরুর আধিপত্যই চলে। অথচ আমরা এটাকেই বলেছি গণতন্ত্র। কয়েকটি কথা মনে রাখতে হবে, যেহেতু দেশটি ছোট তাই আমাদের প্রথমে দাঁড়াতে হবে বিশ্বশান্তির পক্ষে। বিশ্বশান্তির পক্ষে মানে নিরপেক্ষতার নীতি। আমাদের দাঁড়াতে হবে যুদ্ধের বিরুদ্ধে। আমরা আত্মরক্ষা ছাড়া অন্য কোনও যুদ্ধে জড়াবো না। আমাদের থাকতে হবে নিরপেক্ষ। আমরা মার্কিন জোট, চীনা জোট, ভারতীয় জোট ও রাশিয়ান জোটে না গিয়ে কী করে বেঁচে থাকতে পারি— তা খুঁজে বের করতে হবে। আমাদের কোনও সরকার যদি দেশকে পাশের কোনও দেশের সেবাদাসে পরিণত করে, অধীনতামূলক মিত্রতায় ডুবে যায়, সেটাও জনগণের বিরুদ্ধে ষড়যন্ত্রের বা বিশ্বাসঘাতকতার শামিল। শেখ হাসিনার সরকার সেটিও করেছে। দেশটাকে ভারতের হাতে তুলে দিয়েছে। তারা গণতান্ত্রিক ব্যবস্থাকে ধ্বংস করেছিল। তাই অন্তর্বর্তী সরকারের কর্তব্যের মধ্যে পড়বে দেশে নির্বাচন ব্যবস্থার পুনঃপ্রতিষ্ঠা শেষ করা। তৃতীয় একটা কথা। আমাদের সংবিধানের মৌলিক অঙ্গীকার— নাগরিকদের অধিকার রক্ষা করা। এটি আমাদের সংবিধানে লিখিত হয়েছে ‘মানবিক মর্যাদা’ আকারে। প্রত্যেক মানবসন্তান যিনি এই জাতির নাগরিক তার মর্যাদা রক্ষা করা সংবিধানের ওয়াদা। তার ভোটের অধিকার এবং তার কাজের অধিকার দুটোই তাকে দিতে হবে। কাউকে বিনা কারণে গ্রেফতার করা যাবে না, বিনা বিচারে আটক রাখা যাবে না, কাউকে অপমান করা যাবে না, কারো ওপরে পাশবিক নির্যাতন চালানো যাবে না। ‘ইক্যুয়াল প্রটেকশন অব ল’ বলে একটি কথা আছে। এজন্য বাকস্বাধীনতা সবার সমান হতে হবে। বিশেষ করে প্রধানমন্ত্রী বা তাঁর পরিবারের বিরুদ্ধে কিছু লিখলে তাকে বিশেষ আইনে বিচার করা হবে— এটি সংবিধানের দেওয়া গ্যারান্টি ‘ইক্যুয়াল ও প্রটেকশন অব ল’র বিরুদ্ধে যায়। এটা রাজতন্ত্রের নীতিকেই মাত্র সুসংহত করে। ডিজিটাল সিকিউরিটি অ্যাক্ট বা সাইবার সিকিউরিটি অ্যাক্ট— এগুলো হচ্ছে ‘লেজে মাজেস্তে’। এটি একটি ফরাশি শব্দ, যার অর্থ রাজার বিরুদ্ধে অপরাধ। শেখ হাসিনা এই কাজটিই করেই মৌলিক অধিকার লঙ্ঘন করেছিলেন। আধুনিক জাতিসংঘ বা এনজিও আদির ভাষায় ‘হিউম্যান রাইটস’ নষ্ট করেছেন। বর্তমান সরকারের কর্তব্য জনগণের ভোটাধিকার পুনরুদ্ধার করা, দুই নম্বরে বিশ্বশান্তির পক্ষে অবস্থান নেওয়া, মানে সাম্রাজ্যবাদী জোটে যোগ না দেওয়া। মনে রাখতে হবে তা জনগণ সহ্য করবে না। আমাদের স্বাধীনতার আদি অঙ্গীকার ছিল পৃথিবীর সর্বত্র স্বাধীনতার সংগ্রামে, জাতীয় মুক্তির সংগ্রামে যাঁরা লিপ্ত রয়েছেন, তাঁদের সংগ্রামে সমর্থন পুনর্ব্যক্ত করা। যেমন, ফিলিস্তিনের মুক্তি-সংগ্রাম অথবা কাশ্মীরের মুক্তি-সংগ্রাম। বাংলাদেশে কাশ্মীরের মুক্তি-সংগ্রাম বিষয়ে শেখ হাসিনার আমলে একটি শব্দও উচ্চারিত হয়নি। হাসিনা ধরে নিয়েছিলেন যে এটি ভারতের অভ্যন্তরীণ ব্যাপার মাত্র। এর নাম সুবিধাবাদ। রাজনীতিতে একটা না একটা নীতি তো থাকতে হবে। বাংলাদেশে তা হবে প্রজাতান্ত্রিক নীতি। ভারতের সঙ্গে সম্পর্ক খারাপ হবে বলে আপনি ন্যায়ের পক্ষ নিলেন না। কাশ্মীরের জনগণের আত্মনিয়ন্ত্রণের অধিকার, যা ১৯৪৭ সাল থেকে অসমাপ্ত রয়েছে— তার পক্ষে টুঁ শব্দটিও করলেন না। মনে রাখা কর্তব্য, কাশ্মীরের সমস্যার একটি কাশ্মীরি সমাধানও আছে। যেমন, বাংলাদেশের সমস্যার একটা বাংলাদেশি সমাধান ছিল। সেদিন পাকিস্তান সরকার বারবার বলছিলেন, বাংলাদেশের সমস্যা তাদের অভ্যন্তরীণ ব্যাপার। কিন্তু আমরা বলছিলাম এটি অভ্যন্তরের ব্যাপার নয়, বিশেষ করে ২৫ মার্চের পর এটি আন্তর্জাতিক ব্যাপার হয়ে গেছে। এভাবে আন্তর্জাতিক সমর্থন নিয়ে—ভারতের সমর্থনসহ আমরা সেদিন স্বাধীন হয়েছি। তো কাশ্মীরিদের সে অধিকার থাকবে না কেন? এ সমস্ত কথা যদি আমরা একসঙ্গে আলোচনা করতে না পারি, বাংলাদেশের বিপ্লব ব্যর্থ হবে। বিপ্লবের উদ্দেশ্য শেখ হাসিনা যা যা করেছিলেন তার ঠিক উল্টোটি করা। শেখ হাসিনা বাংলাদেশের স্বাধীনতা ভারতের হাতে তুলে দিয়েছিলেন এবং মুক্তিযুদ্ধের চেতনা ধ্বংস করেছিলেন। শেখ হাসিনা ছিলেন কার্যত মুক্তিযুদ্ধের বিরোধী। তিনি মুক্তিযুদ্ধ করেননি। মজার ব্যাপার তাঁর বাবাও ব্যক্তিগত পর্যায়ে মুক্তিযুদ্ধে যোগ দেননি। সত্য কথা: তিনি ২৫ মার্চ পাকিস্তানের কাছে আত্মসমর্পণ করে যুদ্ধের ময়দান থেকে দূরে চলে গিয়েছিলেন। এই বিষয়ে কখনো বাংলাদেশে প্রাণখোলা অকপট আলোচনা হয়নি। স্থির করতে হবে এটি একটি দেশদ্রোহ বা ‘treasonable offense’-এর পর্যায়ে পড়ে কিনা। আমরা জাতির পিতা কে হবেন বিতর্ক করেছি বটে, কিন্তু শেখ সাহেবের ১৯৭১ সালের ২৫ মার্চ তারিখের আত্মসমর্পণ করাটা জাতির বিরুদ্ধে বিদ্রোহ ছিল কিনা— সেই প্রশ্নও কেউ তোলেনি। অথচ এটার চেয়ে তোলার মতো প্রশ্ন দ্বিতীয়টি আর ছিল না। ইতিহাসের প্রশ্নগুলোর মীমাংসা না করে বর্তমান সংবিধানে আওয়ামী লীগ অনেকগুলো সংশোধনী যোগ করেছে (একটি স্বাধীনতার ঘোষণার পরিচয়ে শেখ সাহেবের নামে একটি ভুয়া স্টেটমেন্ট ঢুকিয়ে দেওয়া)। প্রশ্ন করা উচিত এত বছর বিদ্রোহটা হয়নি কেন? এই বিদ্রোহ জনগণ করতে পেরেছেন, নেতৃত্ব যাঁরা দিয়েছেন তাঁদের ক্ষমতায় থাকার অধিকারও আছে। এখন তাঁরা যদি এই দেশ পরিচালিত করতে না পারেন, তাহলে তাঁদের পরিণতিও হয়তো একই রকম হতে বেশি দিন লাগবে না। বাংলা ট্রিবিউন: আপনি অনেক প্রসঙ্গ এনেছেন। প্রথমত ইতিহাসের প্রসঙ্গ আনলেন যে ১৯৭১-এর অনেক অমীমাংসিত ইতিহাসও আমাদের সামনে আছে। এই যে ৫৩ বছর আমরা পার করলাম, এখনও নির্মোহভাবে ইতিহাস ব্যাখ্যা করার মতো স্পেস আমাদের দেশে তৈরি হয়নি। এটি কেন হয়নি বলে মনে করেন? সলিমুল্লাহ খান: কারণ একাত্তরের পর কখনোই বাংলাদেশে গণতন্ত্র প্রতিষ্ঠিত হয়নি। গণতন্ত্র প্রতিষ্ঠিত না হওয়া মানে জনগণ কর্তৃক নিজের সরকার প্রতিষ্ঠা করতে না পারা। ফলে নিজেদের যারা ক্ষমতায় কায়েম রেখেছেন তারা নিজেদের বৈধতা দেওয়ার জন্যে এক একটা মিথ তৈরি করেছেন। ১৯৭১ সালের সেরা মিথ শেখ মুজিব। ইতালির ফ্যাসিস্টরা যে স্লোগান দিয়েছিলেন—‘এক নেতা এক দেশ’— এটা বাংলাদেশে কিভাবে গ্রহণ করা হলো? এ নিয়ে কি কেউ কখনো প্রশ্ন করেছেন?  ১৯৭২ সালের পর ফ্যাসিস্টরা স্লোগান দিয়েছে ‘এক নেতা এক দেশ—বঙ্গবন্ধু বাংলাদেশ’। তার মানে তারা শুরু থেকেই বাংলাদেশকে ফ্যাসিস্ট পথে পরিচালনা করেছেন। জনগণের যে ভূমিকা দেশকে স্বাধীন করার জন্য তার কোনও স্বীকৃতি কোথাও মেলে নাই। আওয়ামী লীগের অন্যতম নেতা তাজউদ্দীন আহমদ যুদ্ধের সময় দেশের নেতৃত্ব দিয়েছেন। শেখ সাহেব তখন পাকিস্তানের হাতে স্বেচ্ছাবন্দি। গত ৫৩ বছর তাজউদ্দীনের নাম কয়দিন শুনেছেন আপনি? কোন জায়গায় আছে সে নাম? তাহলে বোঝা যাচ্ছে মিথ তৈরি করা হয়েছে। ইতিহাস ও মিথ দুটো প্রায় সমান হয়ে গিয়েছে। প্রাচীনকালে বিভিন্ন ধর্মে আর লোককাহিনিতে মিথের যে ভূমিকা বর্তমানকালে ইতিহাসকে সেই জায়গায় নিয়ে যাওয়া হচ্ছে। যেমন, অনেকে বলেন পাঁচ হাজার বছরের বাংলা ও বাঙালি, হাজার বছরের বাঙালি ইত্যাদি। এইগুলো তো মিথ, বাঙালি তো পাঁচ হাজার বছর আগে ছিল না, এমনকি ‘বাঙালি’ নামটাও ছিল না। এমনকি যে ভূখণ্ড এখন বাংলাদেশের তলায় তাও পাঁচ হাজার বছর আগেও মাটির নিচে ছিল। এটি কত বছর আগে গঠিত হয়েছে—পাঁচ হাজার নাকি সাত হাজার? নাকি তিন হাজার? এটিও তর্কসাপেক্ষ বিষয়। ‘পাঁচ হাজার বছরের বাঙলা ও বাঙালি’ নামে বই লিখেছেন এক ভদ্রলোক। আরেক ভদ্রলোক লিখেছেন ‘হাজার বছরের বাঙালি’। অনেকে বলছেন ‘হাজার বছরের শ্রেষ্ঠ বাঙালি’। এই জাতীয় কথা মোক্ষম ফ্যাসিজম। যেখানে হাজার বছরে বাঙালির অস্তিত্বই ছিল না—বাংলা ভাষারও অস্তিত্ব যার পরে— সেখানে হাজার বছরের শ্রেষ্ঠ বাঙালি আবিষ্কার করা সম্পূর্ণভাবে ইতিহাসের যুক্তিলঙ্ঘন।                                     											jwARI.fetch( $( ""#ari-image-jw6839d94a0e2bc"" ) );
            বাংলাদেশ স্বাধীন হওয়ার পর থেকে যাঁরা ক্ষমতায় এসেছেন তাঁরা সকলেই জনগণকে ক্ষমতাচ্যুত করেছেন। সেটি শুরু হয়েছে শেখ মুজিবুর রহমান থেকে। এর পরে সামরিক শাসন কায়েম হয়েছে। আওয়ামী লীগ বলার সময় বলে ১৯৭৫ সালের পর থেকে স্বাধীনতার চেতনা লুপ্ত হয়েছে। কিন্তু না। প্রকৃত প্রস্তাবে ১৯৭২ সাল থেকেই সেই চেতনা— সাম্য, মানবিক মর্যাদা ও সামাজিক সুবিচার— লুপ্ত হতে শুরু করেছিল। শেখ মুজিবের শাসনকালটা মোটেও গণতান্ত্রিক ছিল না। তিনি নিজেই তো একদলীয় শাসন কায়েম করেছিলেন। ফলে সেটি কোনও রকম গণতন্ত্রের নীতির সঙ্গে খাপ খায় না। তারপর সামরিক শাসন এবং জিয়াউর রহমান। তারপর তার বিরুদ্ধে সেনা অভ্যুত্থান। আবার সেনা ষড়যন্ত্র। এরশাদ সাহেব। এরপর ১৯৯০। তারপর থেকে যত সরকার হয়েছে সেগুলোর কোনোটাই গণতান্ত্রিক পদ্ধতিতে চলেনি— কার্যকর হয়নি। পরিণতি ২০০৭ সালের ১/১১। শেখ হাসিনা যা করলেন তা তো আমরা চোখের সামনে দেখলাম। বাংলাদেশে কখনোই গণতন্ত্র প্রতিষ্ঠিত হয়নি। এই কারণে ওই ইতিহাসও প্রতিষ্ঠিত হয়নি। মনে রাখবেন ইতিহাস কখনোই অতীত নয়, ইতিহাস বর্তমানের কাহিনি। বিশেষ করে বর্তমান থেকে দাঁড়িয়ে অতীতকে যেভাবে স্মরণ করা হয়— তাকেই ইতিহাস বলে। বাংলা ট্রিবিউন: কেন জনগণের সরকার হিসেবে কার্যকর কিছু করতে পারলো না? সলিমুল্লাহ খান: কারণ তারা পড়ে গেছেন জনগণের বিরুদ্ধবাদী কিছু কিছু সুবিধাভোগী গ্রুপ—বাংলাদেশের মাপে যাদেরকে ক্রনি ক্যাপিটালিস্ট বলা যায়— তাদের খপ্পরে। রাষ্ট্রীয় পৃষ্ঠপোষকতায় যাঁরা পুঁজিপতি বা ক্যাপিটালিস্ট হয়েছেন সেই লোকেদের কর্তৃত্বে বারবার চলে গিয়েছে সরকার। এটি এরশাদ আর বিএনপির আমলে নতুন করে চলার প্রবণতা শুরু করেছিল। বিএনপি পরাজিত হওয়ার পর আওয়ামী লীগের আমলে এর আরও নতুন নতুন সূত্রপাত হয়। গণতন্ত্র যদি এ দেশে কাজ করতো, ইলেকশন সিস্টেমটা যদি কাজ করতো, তো শেখ হাসিনাকে এমন লজ্জাজনকভাবে পালাতে হতো না। বাংলা ট্রিবিউন: তাহলে এই যে সংস্কারের প্রসঙ্গ এলো, সেটি কি আমরা টেকসইভাবে দেখতে পারবো? সলিমুল্লাহ খান: এই উত্তরের জন্যে আপনাকে আরও মর্মে, আরও বিশ্লেষণে যেতে হবে। দেখতে হবে কোন কোন শক্তি এর পেছনে কাজ করেছে। শেখ হাসিনাকে তাড়াবার জন্যে যে শক্তিগুলো ঐক্যবদ্ধ হয়েছিল তাদের আসল উদ্দেশ্য কী? তাঁরা যদি গণতন্ত্র পুনরুদ্ধার করতে চান তো তা করতে পারবেন। কিন্তু তাঁদের যদি এর বাইরে অন্য মতলব থাকে তো পারবেন না। গণতন্ত্র পুনরুদ্ধার কথাটা বলবো না আমি। যেহেতু গণতন্ত্র প্রতিষ্ঠিতই হয় নাই তাই গণতন্ত্র প্রতিষ্ঠা করতে হবে। ১৯৭১ সালের মুক্তিযুদ্ধ ছিল বাংলাদেশের ইতিহাসে একমাত্র গণতান্ত্রিক জনযুদ্ধ। জনগণের আশা-আকাঙ্ক্ষার প্রতীক। সেই প্রতীককে প্রথমে পরাজিত করেছে আওয়ামী লীগ। শেখ মুজিবের আওয়ামী লীগ। অনেকেই বলেন, শেখ মুজিব আর শেখ হাসিনা এক পদার্থ নন। এটা ঠিক নয়। আমি মনে করি দুজনই এক ক্ষুরে মাথা কামানো। শেখ মুজিবের আমলেই গণতন্ত্র প্রথম বিশ্বাসঘাতকতার শিকার হয়। বাকশাল তার চূড়ান্ত পর্যায় মাত্র। ১৯৭২ সাল থেকে তারা কোন কাজটি করেননি, যেটাকে আপনি ফ্যাসিবাদী বলবেন না? যেমন, রক্ষীবাহিনী গঠন। এখনকার র‌্যাব বাহিনীর থেকেও খারাপ ছিল সেটি। আহা! মানুষ এত দ্রুত ভুলে যায়! শেখ সাহেবের আমলেই গণতন্ত্র নিহত হয়েছে। লাশটা এতদিন দাফন করা হয়নি। হাসিনার পরাজয়ের মাধ্যমে যদি তার দাফন সম্পন্ন হয়ে থাকে, তো জাতির একটা বড় উপকার হলো। উপকারের প্রথম কথা, সংবিধান সকলকে সমানভাবে রক্ষা করবে। যদি আপনি ডিজিটাল সিকিউরিটি অথবা সাইবার সিকিউরিটি অ্যাক্ট প্রভৃতি দেখেন— দেখবেন সেখানে সকলকে সমানভাবে রক্ষা করা হয় নাই। আপনি রাজপরিবারের সমালোচনা করতে পারবেন না। যে আইনে রাজপরিবারের সদস্যদের বিশেষ সুরক্ষা বা প্রটেকশন দেওয়া হয়, সেই আইন সংবিধানের সাথে সঙ্গতিপূর্ণ নয়। বঙ্গবন্ধুর পরিবারের সকল সদস্যের জন্য ‘বিশেষ প্রতিরক্ষা ব্যবস্থা’ হতে পারে না। যিনি ক্ষমতায় আছেন— প্রেসিডেন্ট বা প্রধানমন্ত্রী—তিনি প্রতিরক্ষা তো পান। এটা প্রটোকল অনুযায়ী প্রাপ্য। কিন্তু তাঁর বোন পাবে কেন? পরিবারের সদস্য হিসেবেই তো পাচ্ছেন। তিনি কোনও রাজনৈতিক ক্ষমতায় আসীন নন। এমপিও নন, মন্ত্রীও নন অথবা তিনি সরকারি কর্মচারী নন, সচিব নন, উপদেষ্টাও নন। তাহলে তিনি এই প্রতিরক্ষা পাবেন কী করে?  ১৯৯০ সালের পরের নির্বাচন তো গণতন্ত্রের অভিপ্রায় প্রকাশ করেছিল। কিন্তু সে অভিপ্রায় বাস্তবায়িত হয় নাই। যা হয়েছে তা বাংলাদেশে নতুন যে ধনতন্ত্র— যে ধনতন্ত্র কোনও শিল্প-কারখানা স্থাপন না করে শুধু ব্যবসা এবং বিদেশি ব্যবসার এজেন্সি করে টাকা পয়সা করাতেই সীমিত— সে ধনতন্ত্রের বাস্তবায়ন। বিদেশে আয় করে দেশে সঞ্চয় না করে উল্টো দেশের আয় বিদেশে সঞ্চয় করার যে পদ্ধতি, তার কারণেই বাংলাদেশে গণতন্ত্র প্রতিষ্ঠিত হয় নাই। বর্তমান সরকারের জন্যেও এটি একটি বড় চ্যালেঞ্জ বলে আমি মনে করি। বাংলা ট্রিবিউন: এবার আন্দোলনের প্রসঙ্গে আসি। আন্দোলনকে তো আমরা গণঅভ্যুত্থান বলছি। অনেকে বিপ্লব বলছেন। নতুন একটি ন্যারিটিভও এসেছে, দ্বিতীয় স্বাধীনতা। এটা আসলে তাত্ত্বিকভাবে আন্দোলনকে আমরা কি বলতে পারি? সলিমুল্লাহ খান: তাত্ত্বিকভাবে কিছু বলার দরকার নেই। আপনি খালি চোখে দেখেন, চশমাটা সরিয়ে ফেলেন। তত্ত্ব মানে একটা চশমার ভেতর দিয়ে দেখা। চশমাটা বাদ দিয়ে দেখেন: কতগুলো ঘটনা খুব পরিষ্কার দেখা যাবে। এতক্ষণ আমরা যা আলোচনা করলাম তাতে বলা হচ্ছে— বাংলাদেশে এতদিন একটা অবৈধ, অনির্বাচিত, অগণতান্ত্রিক সরকার কায়েম-মোকাম ছিল। শুধু ছিল না, তারা একটা মিথ্যা কথাও চালু করেছিলেন। বলছিলেন তারা মুক্তিযুদ্ধের পক্ষের সরকার। কাজেই আমাদের একসঙ্গে দুটো কাজ করতে হয়েছে। বলতে হয়েছে, আপনারা শুধু অবৈধ, অগণতান্ত্রিক এবং জনবিরোধী নন— আপনারা তো মুক্তিযুদ্ধের চেতনাবিরোধীও। যদি বর্তমান গণঅভ্যুত্থানটা ব্যর্থও হয়ে যায়— যদি মুহাম্মদ ইউনূসের সরকার কোনও সংস্কার করতে না পেরে বিদায়ও নেন— তবু এই অভ্যুত্থান বাংলাদেশের ইতিহাসে রক্তের অক্ষরে লেখা থাকবে। এত বেশি হত্যা, এত বেশি নৃশংসতা, এত  বেশি অন্যায় আর কোনও সরকার করার সাহসই করেনি। সেনানায়ক এরশাদও অনেক হত্যাকাণ্ড সম্পন্ন করেছিলেন, কিন্তু শেখ হাসিনার দশ ভাগের একভাগ করার সুযোগও তিনি পাননি। মানে বাংলাদেশের ইতিহাসে শেখ হাসিনার চাইতে বড় কোনও কলঙ্ক কোনও সামরিক সরকারও অর্জন করতে পারেনি। ২০২৪ সালের জুলাই-আগস্ট আন্দোলন যাঁরা সংগঠিত করেছেন, তাঁরা একটা অসাধারণ কাজই করেছেন। যেটা অনেক মানুষের—যেমন বিএনপির— চিন্তার মধ্যে আসে নাই। আন্দোলন যখন শুরু হলো তখন বিএনপির তরফ থেকে একটা বিবৃতি দেওয়া হয়েছিল— এগুলো আওয়ামী লীগের দৃষ্টিবিভ্রম করার কৌশল। আহা! বিএনপি! তারা এই আন্দোলনটা বুঝতেই পারেননি। গতানুগতিক রাজনীতিকরা ঘটনা কী তা আদৌ বুঝতে পারেন নাই। অনেকেই ভেবেছিলেন এটা সম্ভবই ছিল না। নিশ্চয়ই এখানে কারও ষড়যন্ত্র আছে। লোকে খেয়াল করে না। চিলের পিছে ছোটে। যারা ষড়যন্ত্রের ভাষায় চিন্তা করেন তারা ষড়যন্ত্রই দেখেন। পৃথিবীতে ষড়যন্ত্র ছাড়াও কিছু কিছু ঘটনা ঘটা অসম্ভব নয়। বাংলা ট্রিবিউন: গত ১৬ বা ১৪ বছর আওয়ামী লীগ বাইনারি তৈরি করেছে— মুক্তিযুদ্ধের পক্ষের শক্তি এবং বিপক্ষের শক্তি। সমালোচনা করলেই রাজাকার, জামায়াত বা বিএনপি বানিয়েছে। আওয়ামী লীগের পক্ষের লোকজনও এমন ঘটনার শিকার হয়েছে। বর্তমান পরিবর্তনের মধ্যে আবার একই ঘটনা দেখা যাচ্ছে। কেউ সমালোচনা করলেই তাকে আওয়ামী লীগের দোসর বানিয়ে দিচ্ছে। এই চক্র থেকে আমরা কি বের হতে পারবো না? সলিমুল্লাহ খান: চক্র থেকে যদি বের হয়ে আসতে চান তাহলে চক্রটার উৎপত্তি দেখতে হবে। যেখানে দোষটার শুরু সেখানেই খুঁজতে হবে। আওয়ামী লীগ ১৯৭২ সাল থেকে ক্ষমতায় ছিল। তারা মুক্তিযুদ্ধের ঐতিহ্য মোটেও ধারণ করেনি। এটা যদি আপনি পরিষ্কার বোঝেন, তাহলে তারা কেন এই ছুতাটা তৈরি করেছিলেন তাও ‍বুঝবেন। যুদ্ধাপরাধীদের বিচার হয়নি ২০১০-এর দশক পর্যন্ত। ১৯৯০-এর দশকেও বেগম জাহানারা ইমাম যুদ্ধাপরাধীদের বিচারের দাবিতে আন্দোলন শুরু করেছিলেন। দাবি করেছিলেন বাংলাদেশকে কলঙ্কমুক্ত করতে হবে। খুবই সঠিক জিনিস ছিল ওটা। যে সময় (১৯৯৬) শেখ হাসিনা প্রথম ক্ষমতায় এসেছিলেন, সে সময় বিচারের উদ্যোগ নেন নাই। বিচারের উদ্যোগটা নিলেন যখন তাঁর প্রয়োজন দেখা দিলো। তা তাঁর মুক্তিযুদ্ধপ্রীতি প্রমাণ করে না। প্রমাণ করে স্বৈরতন্ত্র। শেখ হাসিনার শাসনরীতি ছিল ফ্যাসিবাদ। কাজেই তাঁকে ফিরিয়ে আনার প্রচার যাঁরা করছেন, তাঁদের তো সঙ্গত কারণেই ‘ফ্যাসিবাদের দোসর’ বলবো।",2024-10-22T22:00:00+06:00
https://www.banglatribune.com///www.banglatribune.com/others/interview/870226/%E0%A6%86%E0%A6%97%E0%A6%BE%E0%A6%AE%E0%A7%80-%E0%A6%A8%E0%A6%BF%E0%A6%B0%E0%A7%8D%E0%A6%AC%E0%A6%BE%E0%A6%9A%E0%A6%A8%E0%A7%87-%E0%A6%A4%E0%A6%B0%E0%A7%81%E0%A6%A3%E0%A6%A6%E0%A7%87%E0%A6%B0-%E0%A6%8F%E0%A6%95%E0%A6%9F%E0%A6%BF-%E0%A6%A6%E0%A6%B2%E0%A6%95%E0%A7%87-%E0%A6%95%E0%A7%8D%E0%A6%B7%E0%A6%AE%E0%A6%A4%E0%A6%BE%E0%A7%9F-%E0%A6%A8%E0%A6%BF%E0%A6%AF%E0%A6%BC%E0%A7%87,আগামী নির্বাচনে তরুণদের একটি দলকে ক্ষমতায় নিয়ে আসতে চাই,"জুলাই-আগস্ট আন্দোলনের পর পরিবর্তিত পরিস্থিতিতে নতুন রাজনৈতিক বন্দোবস্ত তৈরি উদ্দেশ্যে গত ৮ সেপ্টেম্বর গঠন করা হয় জাতীয় নাগরিক কমিটি। এই কমিটির আহ্বায়ক হিসেবে দায়িত্ব পেয়েছেন নাসির উদ্দীন পাটোয়ারী। জাতীয় নাগরিক কমিটি কী চায়, তাদের কার্যক্রম কীভাবে পরিচালিত হবে, আগামীর বাংলাদেশ বিনির্মাণে তাদের ভাবনা কী––এসব বিষয়ে তার সঙ্গে কথা হয় বাংলা ট্রিবিউনের৷ বাংলা ট্রিবিউন: মানুষ যেসব আকাঙ্ক্ষা থেকে আন্দোলনে নেমে এসেছিল, সেগুলো কী অবস্থায় আছে বলে মনে করেন? নাসির পাটোয়ারী: ৫ আগস্ট যে ঘটনাটা ঘটেছিল এটা শুধু গত ১৪-১৫ বছরের জার্নি না। এটা ১৯৪৭ সাল বা তারও আগের একটা জার্নি। এই জনপদের মানুষের সবসময় একটি মুক্ত ও স্বাধীন বাংলা ভূমি চেয়েছিল। বিগ স্পেকট্রামে সেটা এখনও অধরা। এখানে রাষ্ট্র গড়ে উঠেছিল, কিন্তু মানবাধিকারের জায়গা থেকে ব্রিটিশ নিপীড়নমূলক আইনগুলোই রয়ে গিয়েছিল। সেই পরম্পরায় ও সেই মনস্তাত্ত্বিক জায়গা থেকে কিন্তু বাহাত্তরের সংবিধানটা  বানানো হয়েছিল।  যে সংবিধানটা গত ৫৩ বছরের মানবিক জায়গাগুলো কখনও রক্ষা করতে পারে নাই। অসংখ্য গুম-খুন হয়েছে। গত ৫ আগস্টে ১৫০০ ওপরে শহীদ, ৪০-৫০ হাজার আহতের যে গণতান্ত্রিক আকাঙ্ক্ষা ছিল সেই আকাঙ্ক্ষা এখনও অধরা একটা জায়গায়। দ্বিতীয় আরেকটি জায়গা হলো, এই আন্দোলনে নানা শ্রেণি-পেশার মানুষের অংশগ্রহণ ছিল। তাদের আকাঙ্ক্ষা ছিল দ্রব্যমূল্য কমার, সেটি এখনও অধরা। এছাড়াও মানুষের যে মুক্তির আকাঙ্ক্ষা, সেটি গণঅভ্যুত্থানের পরও অধরা বলে আমরা মনে করি। জীবনের বিনিময়ে মুক্ত স্বাধীন বাংলাদেশ চেয়েছিলাম, বাংলাদেশ শক্তিশালী রাষ্ট্র হিসেবে আবির্ভূত  হবে মনে করেছিলাম–  সে জায়গাগুলো অধরা। বাংলা ট্রিবিউন: ঘটে চলা ‘মব জাস্টিস’, মন্দির ও মাজার ভাঙচুরের মতো ঘটনা প্রতিরোধে অন্তর্বর্তী সরকারের ভূমিকা কীভাবে দেখছেন? নাসির পাটোয়ারী: আমরা সিস্টেমেটিক আকারে যদি দেখি, তাহলে সেখানে আমাদের যে প্রশাসন এবং রাষ্ট্রীয় যে বাহিনীগুলো, ইনস্টিটিউশনগুলো রয়েছে সেগুলোতে একদলীয় বাকশাল কায়েম করা হয়েছিল। একজন শাসকের আন্ডারে সবকিছু পরিচালিত হবে। যখন তিনি চলে গিয়েছেন, সবগুলো সিস্টেম ভেঙে পড়েছে। এখানে ইনস্টিটিউশন ছিল না, পুলিশকে একটি পেটুয়া বাহিনী করা হয়েছিল। তারা জনগণের ওপর যেভাবে গুলি চালিয়েছিল এবং তাদের প্রতি জনগণের কোনও বিশ্বাসের জায়গা ছিল না। এই বিশ্বাস-অবিশ্বাসের দোলাচলে বাংলাদেশের আইনশৃঙ্খলা পরিস্থিতির উন্নয়ন ঘটানো যায়নি। র‌্যাবকে মানুষ গুম-খুন-নির্যাতনের কাজে ব্যবহার করা হয়েছে। অন্যান্য যে বাহিনীগুলো রয়েছে সেগুলোর প্রতিও জনগণের অবিশ্বাস সৃষ্টি হয়েছে। যার ফলে মব জাস্টিসগুলো কোনোভাবেই নিয়ন্ত্রণে আনা যায়নি। কিন্তু মব জাস্টিসগুলো কেন ঘটেছিল, সেখানেও আমাদের প্রশ্ন আছে।                                     											jwARI.fetch( $( ""#ari-image-jw6839d94bc71b1"" ) );
             গত ৫৩ বছর ধরে মানুষের যে বাকস্বাধীনতা দমন করে রাখা হয়েছিল, মানুষের এই ফ্রিডম অব এক্সপ্রেশন ফিরে এসেছিল গণঅভ্যুত্থানের মধ্য দিয়ে। প্রত্যেকে প্রত্যেকের জায়গা থেকে মত প্রকাশ করছিল। যার ফলে একটা মব জাস্টিসের পরিবেশ দেখা দেয়। আমাদের গণঅভ্যুত্থানে কোনও রাজনৈতিক সঙ্ঘবদ্ধ গোষ্ঠী ছিল না। পৃথিবীর অন্যান্য স্থানে কোনও গণঅভ্যুত্থান বা বিপ্লবে একটা সঙ্ঘবদ্ধ জনগোষ্ঠী বা রাজনৈতিক শক্তি নেতৃত্ব দিয়ে থাকে। বাংলাদেশের এই গণঅভ্যুত্থানে এর অভাব ছিল। ফলে মানুষ তাদের ফ্রিডম এক্সপ্রেশন প্রকাশের চেষ্টা করেছে এই মব জাস্টিসের মাধ্যমে। এগুলো নিয়ন্ত্রণে জাতীয় নাগরিক কমিটি কাজ করছে। সে জায়গা থেকে বৈষম্যবিরোধী ছাত্র আন্দোলন এবং জাতীয় নাগরিক কমিটি  মিটিংয়ের মাধ্যমে বিভিন্ন কমিউনিটি লিডারের সঙ্গে আলোচনা করছে। আমরা তাদের নির্ভয় দেওয়ার চেষ্টা করেছি, তাদের সবাইকে নিয়ে কাজ করার বিষয়ে আশ্বস্ত করেছি। বাংলা ট্রিবিউন: প্রতিবিপ্লবের শঙ্কাবোধ করেন কিনা? নাসির পাটোয়ারী: প্রতিবিপ্লবের শঙ্কা তো থাকেই। গণঅভ্যুত্থানের মাধ্যমে গত ১৫ বছর ধরে জেঁকে বসা ফ্যাসিস্ট শক্তিকে মানুষ উৎখাত করেছিল। এই ফ্যাসিস্ট গোষ্ঠী বিভিন্ন জায়গা থেকে তাদের যে পকেটগুলা রয়েছে সেগুলোর মাধ্যমে জনগণ ও রাষ্ট্রকে বিশৃঙ্খল করার চেষ্টা করছিল। পার্শ্ববর্তী রাষ্ট্র ভারত সেখানে অংশগ্রহণ করে। তারা বাংলাদেশের ভেতরের ও বাইরের শক্তিকে কাজে লাগিয়ে প্রতিবিপ্লব ঘটানোর চেষ্টা করে। পরাজিত শক্তিকে ডাস্টবিনে ছুড়ে ফেলার পর থেকে তারা বিভিন্ন জায়গায় প্রতিবিপ্লবের শঙ্কা  জাগিয়ে যাচ্ছিল। তবে জনমানুষ স্বতঃস্ফূর্তভাবে নেমে এসেছিল। তারা সেই জায়গাগুলো থেকে বিভিন্ন সময়ে রক্তের মাধ্যমে প্রতিবিপ্লবগুলো প্রতিরোধ করেছে। বাংলা ট্রিবিউন: সংবিধান সংস্কারে কমিশন করা হয়েছে। এটাকে কীভাবে দেখছেন? নাসির পাটোয়ারী: প্রথমত এই বিপ্লব বা গণঅভ্যুত্থানের মধ্য দিয়ে আগের যে সংবিধান ছিল, সেটা জনগণের প্রত্যাশার মাধ্যমে বাতিল হয়ে গিয়েছে। সে জায়গা থেকে এখনও যে সংবিধানটা বিরাজমান, আমরা তা দেখতে চাই না। বিভিন্ন ভাষা বা ধারার যে মানুষগুলো ঐক্যবদ্ধভাবে আন্দোলন করেছিল তার মাধ্যমে পরিষ্কার হয়েছে– নতুন একটি সংবিধান আমরা চাই। এই নতুন সংবিধানের জন্য একটি সংস্কার কমিশন গঠন করা হয়েছে। সংস্কার কমিশনের কাজ যদি তারা শুধু কিছু জায়গায় সংস্কার করে চলে যায়, সেক্ষেত্রে আমরা মানবো না। আমরা মনে করি সংস্কার কমিশন বিভিন্ন কমিউনিটির যারা অংশীজন রয়েছে তাদের সঙ্গে আলাপ-আলোচনার মধ্য দিয়ে তাদের বক্তব্যগুলো আমাদের সমাজ ও জাতির সামনে, দেশের সামনে উপস্থাপন করবে। সেখান থেকে আমরা একটি হারমোনিয়াস পরিবেশের মধ্য দিয়ে ঐক্যবদ্ধ বাংলাদেশ দেখতে পাবো। সব জাতি ও ভাষাগোষ্ঠীর মানুষের মতামতের ভিত্তিতে একটি ইনক্লুসিভ নতুন সংবিধান তৈরি করবে। কিন্তু সেটি না করে কমিশন শুধু সংস্কার করে দায়িত্ব পালন শেষ করতে চায়। আমরা মনে করি সেটা হলো গণঅভ্যুত্থানের সঙ্গে সাংঘর্ষিক। যদি নতুন না হয়, আমরা সবাই মিলে তীব্র আন্দোলন গড়ে তুলবো।                                     											jwARI.fetch( $( ""#ari-image-jw6839d94bc71ea"" ) );
             বাংলা ট্রিবিউন: অন্তর্বর্তী সরকারকে কতদিন সময় দেওয়া উচিত? নাসির পাটোয়ারী: অন্তর্বর্তী সরকারকে সময় দেওয়াটা আসলে তাদের কাজের ওপরে নির্ভর করে।  আমরা শুরুতেই বলছি, জাতীয় নাগরিক কমিটি থেকে সরকারের সঙ্গে আমাদের সম্পর্কটা হলো জবাবদিহি ও পর্যালোচনামূলক। সরকারে যারা এসেছেন তারা বাংলাদেশের বিভিন্ন জায়গায় সজ্জন ব্যক্তি। আমরা লক্ষ করছি তাদের কাজের যে মন্থরগতি বা ধীরগতি সে জায়গাটায় যেন না থাকে। সময় দেওয়ার বিষয়ে আমরা চাই, অতি দ্রুত সময়ে তারা বাংলাদেশকে একটি গণঅভ্যুত্থানের আকাঙ্ক্ষায় রূপান্তরিত করে, দ্রুত ইলেকশনের মাধ্যমে তারা অব্যাহতি নেবে। আমরা কোনও সময় বলতে পারছি না। তবে দুই বা তিন বছরের মধ্যে তাদের এই কার্যপ্রক্রিয়াগুলো সম্পন্ন করে জনগণের নির্বাচিত সরকারের হাতে ক্ষমতা হস্তান্তর করে বিদায় নেবে। এর অন্যথা হলে তাদের বিরুদ্ধেও আমাদের বিকল্প চিন্তা করতে হবে। বাংলা ট্রিবিউন: নাগরিক কমিটি কোন জায়গাগুলো নিয়ে কথা বলবে? কথা বলার পদ্ধতিটা কী হবে? নাসির পাটোয়ারী: আমরা স্টেট নিয়ে কাজ করি। স্টেটে রাজনৈতিক দলগুলো একটি ছোট্ট অংশ। এছাড়াও আরও অনেক অংশ রয়েছে। এই গণঅভ্যুত্থান যে বিষয়টা আমরা দেখেছি, তা হলো জনতার অংশগ্রহণ। কিন্তু আইনশৃঙ্খলা বাহিনী, সিভিল গ্রুপসহ আরও নানান গ্রুপ একটি পেটুয়া বাহিনীর কারণে আন্দোলনে অংশ নিতে পারেনি। সেই জায়গা থেকে নাগরিকরা যেন তাদের আন্দোলনের পরিভাষা তা রাজপথে বা মিডিয়ার মাধ্যমে সরকারের কাছে পৌঁছে দিতে পারে এবং সরকারের যে কমিশনগুলো রয়েছে, বিভিন্ন রেস্পেক্টিভ যে বডিগুলো রয়েছে তাদের সঙ্গে আলোচনা-পর্যালোচনার মাধ্যমে পৌঁছে দিতে পারে। এখন আমাদের কথা বলার জায়গা আছে, মিডিয়া রয়েছে, রাজপথ রয়েছে এবং সমাজের মানুষের বিভিন্ন যে চিন্তা ও মত প্রকাশের বিভিন্ন ফোরাম রয়েছে সেখানে। যে সাংস্কৃতিক ফোরামগুলো রয়েছে, শিল্প-সাহিত্যের যে স্পিরিট রয়েছে এগুলোর মাধ্যমে আমরা গণঅভ্যুত্থানভিত্তিক দাবিগুলো তুলে ধরবো। বাংলা ট্রিবিউন: আপনারা রাজনৈতিক বন্দোবস্তের কথা বলেছেন? সেটা আসলে কোন কোন মানদণ্ডে ঠিক করবেন? নাসির পাটোয়ারী: গণঅভ্যুত্থানের শক্তিকে নিয়েই আগামীর বাংলাদেশ গঠন হবে। যারা এই গণঅভ্যুত্থানে অনেক মানুষকে শহীদ করেছে এবং গত ১৫-১৬ বছর ধরে মানুষের ওপর জুলুম-নিপীড়ন চালিয়েছে তাদের আমরা এই বন্দোবস্তে চাই না। আমরা স্পেসিফিক্যালি বলতে চাই, বাংলাদেশের মানুষ শান্তিপ্রিয়। যারা এখানে অশান্তি সৃষ্টি করবে, তারা যেকোনও দল বা মতাদর্শের হোক, তাদের বাইরে রেখে আগামী বন্দোবস্তের কথা আমরা ভাবছি। তবে সেই মানুষগুলোকে কি আমরা অস্বীকার করবো? না। সেই মানুষগুলোকে আমরা একটা সমন্বয় প্রক্রিয়ার মধ্য দিয়ে নিয়ে এসে জাতীয়ভাবে একটা হারমোনির জায়গায় যাবো।                                     											jwARI.fetch( $( ""#ari-image-jw6839d94bc721f"" ) );
             আগামীর যে রাজনৈতিক বন্দোবস্ত হবে তার প্রাথমিক যে শর্ত, সে জায়গা থেকে গণঅভ্যুত্থানবিরোধী শক্তি এবং তারা, যারা দেশি-বিদেশি সহকারী শক্তি তাদের বাদ দিয়ে আগামী রাজনৈতিক বন্দোবস্ত করতে চাই। বাংলা ট্রিবিউন: আপনারা এই জাতীয় নাগরিক কমিটির মাধ্যমে গ্রামে গ্রামে পাড়ায়-মহল্লায় কাজ করবেন বলে ঘোষণা দিয়েছিলেন, সেটা কতটুকু হলো? নাসির পাটোয়ারী: ৮ সেপ্টেম্বর আমাদের আত্মপ্রকাশের পর আমরা শাহবাগে একটি প্রোগ্রাম করেছিলাম। যাত্রাবাড়ীতে শহীদ পরিবারগুলোকে নিয়ে প্রোগ্রাম করেছি, আহতদের ফ্যামিলি নিয়ে প্রোগ্রাম করেছি। ঢাকার বিভিন্ন ওয়ার্ডে কমিটি প্রস্তুত। আমরা আমাদের বিভাগীয় যে কমিটিগুলো প্রস্তুত করতে সার্চ কমিটি গঠন করেছি, তারা জেলা লেভেল ও উপজেলা লেভেল পর্যন্ত চলে গিয়েছে, সেই কমিটিগুলোও প্রস্তুত। কিন্তু আমাদের এখানে আমরা একটা চ্যালেঞ্জের সম্মুখীন হচ্ছি। একটা হলো পলিটিক্যাল দলের সাবস্ক্রিপশনের যে কালচার রয়েছে, তার বিরুদ্ধে আমাদের ফাইট করতে হচ্ছে। এই গণঅভ্যুত্থানের আকাঙ্ক্ষিত যে শক্তি তাদের সুসংহত করতে হচ্ছে। সে প্রক্রিয়ায় পেশিশক্তির বাইরে গিয়ে জনগণের ভিত্তিমূলক যে রাজনীতি সে সংস্কৃতিতে চালু করে, সেটাও নিয়েও আমরা কাজ করে যাচ্ছি। দ্বিতীয়ত, আমাদের রাজনৈতিক ও রাষ্ট্রীয় কাঠামোয় নারীর উপস্থিতি অনেক কম। সে জায়গা থেকে আমরা আমাদের কমিটিতে বলেছিলাম ২৫ শতাংশ নারী অবশ্যই থাকলে তারপর আমরা কমিটি গঠন প্রক্রিয়ায় যাবো। সে জায়গায় নারীদের সংগঠিত করে, সুসংহত করে কমিটি গঠন প্রক্রিয়ায় যেতে আমাদের কিছুটা সময় লাগছে। অন্যান্য জায়গায় আমাদের কাজ প্রায় ৮০ শতাংশ সম্পন্ন হয়েছে। কমিটির গঠনের পর আমরা গণতান্ত্রিক প্রক্রিয়ার মধ্য দিয়ে সারা দেশ থেকে কাউন্সিলরদের নিয়ে ভোটের মাধ্যমে আমাদের একটা বডি নির্মাণ করবো, যে বডি আগামীতে বাংলাদেশের মানুষকে নিয়ে আমাদের নতুন সংবিধান লেখা, নতুন বাংলাদেশ গঠনে এবং একটি রেজিস্ট্যান্স ফোর্স হিসেবে কাজ করবে। বাংলা ট্রিবিউন: আপনারা আত্মপ্রকাশের দিন আট দফা কর্মসূচি ঘোষণা করেছেন? সেগুলো কতদূর? নাসির পাটোয়ারী: আমাদের প্রাথমিক উদ্দেশ্য ছিল শহীদ ও আহতদের গণতান্ত্রিক আকাঙ্ক্ষাকে ধারণ করা। আমরা প্রত্যেকটা জায়গায় এগুলো নিয়ে কাজ করে যাচ্ছি। যারা খুনের দায়ে অপরাধী তাদের শাস্তি নিশ্চিতে কমিটি গঠন করেছি, মামলা করেছি। মামলা পরিচালনা কমিটি শহীদ ও আহতদের ফ্যামিলির সঙ্গে যোগাযোগ রাখছে। আমাদের আরেকটা জায়গা ছিল আহতদের পুনর্বাসনে কাজ করা। সেটি নিয়ে নাগরিক কমিটি ঐকান্তিকভাবে কাজ করে যাচ্ছে। কীভাবে স্বাস্থ্য খাততে পুনরুজ্জীবিত করা যায় সেজন্য আমাদের একটা হেলথ কমিটি গঠন করে দিয়েছি। আহতদের চিকিৎসার জন্য পিজি সুপার স্পেশালাইজড হাসপাতালে ব্যবস্থা নেওয়ার আবেদন করেছি। সাংবিধানিক যে আলোচনা ছিল, গণপরিসরে সংবিধান নিয়ে আলোচনা, সেটি আমরা বিভিন্ন ফোরামে উঠাচ্ছি।                                     											jwARI.fetch( $( ""#ari-image-jw6839d94bc7257"" ) );
             আমাদের যে কমিটি গঠনের একটা প্রক্রিয়া ছিল সেগুলোর আমরা শেষের দিকে আছি। সব কাজের মধ্যে আমাদের কাজগুলো চলমান রয়েছে। আমরা আরেকটা বড় একটা কাজ হাতে নিয়েছিলাম, সেটা হলো সামাজিক-ধর্মীয় ও অর্থনৈতিক জায়গায় গত ১৫-১৬ বছরে নেতৃত্বের জায়গায় যে একটা শূন্যতা বিরাজমান ছিল সে জায়গাটা পূরণ করা। আমাদের ধর্মীয় যে নেতারা আছেন, আমাদের সামাজিক যে নেতারা রয়েছেন, অর্থনৈতিক খাতে যে লিডাররা রয়েছেন, তাদের সঙ্গে আমরা প্রতিনিয়ত বসছি, মিটিং করছি। সমাজের তরুণ যারা নেতৃত্ব রয়েছেন তাদের লিডারশিপের জায়গায় নিয়ে আসার জন্য শিক্ষিত করে তোলার প্রক্রিয়া চলমান রয়েছে।  বাংলা ট্রিবিউন: বিভিন্ন বিশ্ববিদ্যালয় ইতোমধ্যে ছাত্র রাজনীতি নিষিদ্ধ ঘোষণা করেছে। আরেকটি অংশ বিশ্ববিদ্যালয়ে রাজনীতি চায়। এই পরিস্থিতিতে বিশ্ববিদ্যালয়গুলোর জন্য রাজনৈতিক বন্দোবস্ত আপনারা কীভাবে তৈরি করবেন? নাসির পাটোয়ারী: আমরা মনে করি বিশ্ববিদ্যালয় একটি বেসিক বিল্ডিং ব্লক। সেখানে সমাজের শিক্ষিত মানুষ রয়েছেন, তাদের মধ্য দিয়ে আমাদের রাষ্ট্র নির্মিত হয়। শিক্ষার প্রক্রিয়াটা সুন্দরভাবে এগিয়ে নেওয়ার জন্য ক্যাম্পাসগুলোকে শান্ত রাখা জরুরি। গত দুই থেকে তিন দশকে বিশ্ববিদ্যালয়গুলোয় টর্চার সেল তৈরি হয়েছে, গেস্ট রুম বা বিভিন্ন দলীয় কার্যালয় পরিণত করার যে কালচার সেখান থেকে বের হয়ে এসে পড়াশোনার পরিবেশ তৈরির বন্দোবস্তের কথা আমরা বলছি। দলীয় এজেন্ডা বা দলীয় স্লোগানবিহীন এবং দলীয় কার্যালয়বিহীন ছাত্র রাজনীতির প্রচলন বিশ্ববিদ্যালয়গুলোয় দেখতে চাই। বাংলা ট্রিবিউন: জাতীয় নাগরিক কমিটির রাজনৈতিক দলে রূপ নেওয়ার সম্ভবনা আছে কিনা? নাসির পাটোয়ারী: আমরা শুরুতেই বলেছি, এটা কোনও রাজনৈতিক দল না, তবে রাজনৈতিক উদ্যোগ। মানুষের মধ্যে এই জিনিসটা ক্ল্যারিফিকেশন অনেক কম যে রাজনৈতিক উদ্যোগ না হয়ে রাজনৈতিক দল কীভাবে হয়। আমাদের দুই থেকে আড়াই শতাংশ মানুষ নিজেদের রাজনৈতিক মানুষ বলে পরিচয় দিয়ে থাকে। বাকিরা রাজনৈতিকভাবে উদাসীন। সেই জায়গা থেকে এই বাকি যে জনগোষ্ঠী তাদের রাজনৈতিকভাবে সচেতন করার জন্য জাতীয় নাগরিক কমিটি কাজ করে যাবে। জাতীয় নাগরিক কমিটি আগামী ইলেকশনে তরুণদের একটি দলকে ক্ষমতায় নিয়ে আসতে চায় এবং এ বিষয়ে বদ্ধপরিকর। আগামীতে যে দল ক্ষমতায় আসবে তারাও যদি কোনও ফ্যাসিবাদী আচরণ করে তাদের বিরুদ্ধে জাতীয় নাগরিক কমিটি লড়ে যাবে। জাতীয় নাগরিক কমিটির অস্তিত্বের জায়গাটা হলো বাংলাদেশের সঙ্গে সম্পর্কিত। এটা সবসময় পলিটিক্যাল কমিউনিটিতে দেশি-বিদেশি চক্রান্তকে ধূলিসাৎ করে বাংলাদেশকে পৃথিবীর মানচিত্র একটি সুন্দর রাষ্ট্র হিসেবে বিনির্মাণের জন্য কাজ করে যাবে। যেকোনও পরিস্থিতিতে নাগরিক অধিকার নিয়ে কাজ করে যাবে জাতীয় নাগরিক কমিটি। বাংলা ট্রিবিউন: আপনাকে ধন্যবাদ সময় দেওয়ার জন্য। নাসির পাটোয়ারী: আপনাকেও ধন্যবাদ। ছবি: সাজ্জাদ হোসেন।",2024-10-28T18:00:00+06:00
https://www.banglatribune.com///www.banglatribune.com/others/interview/867469/%E0%A6%9C%E0%A7%81%E0%A6%B2%E0%A6%BE%E0%A6%87-%E0%A6%97%E0%A6%A3%E0%A6%B9%E0%A6%A4%E0%A7%8D%E0%A6%AF%E0%A6%BE-%E0%A6%AB%E0%A6%BE%E0%A6%B0%E0%A7%8D%E0%A6%B8%E0%A7%8D%E0%A6%9F-%E0%A6%AA%E0%A7%8D%E0%A6%B0%E0%A6%BE%E0%A7%9F%E0%A7%8B%E0%A6%B0%E0%A6%BF%E0%A6%9F%E0%A6%BF-%E0%A6%B8%E0%A7%87%E0%A6%95%E0%A7%87%E0%A6%A8%E0%A7%8D%E0%A6%A1%E0%A7%87-%E0%A6%97%E0%A7%81%E0%A6%AE,"জুলাই গণহত্যা ফার্স্ট প্রায়োরিটি, সেকেন্ডে গুম","অ্যাডভোকেট তাজুল ইসলাম, বাংলাদেশ সুপ্রিম কোর্টের আইনজীবী। চলতি বছরের ৭ আগস্ট আন্তর্জাতিক অপরাধ ট্রাইব্যুনালের প্রধান প্রসিকিউটর হিসেবে তাকে নিয়োগ দিয়েছে সরকার। এর আগে ২০১৪ সাল পর্যন্ত এই ট্রাইব্যুনালেই তিনি  আসামিপক্ষের অন্যতম আইনজীবী ছিলেন। গত আগস্ট মাসে অন্তর্বর্তীকালীন সরকারের আইন বিচার ও সংসদ বিষয়ক উপদেষ্টা আসিফ নজরুল জানান, এই ট্রাইব্যুনালে জুলাই-আগস্টের গণহত্যার বিচার হবে। এখন সেটার প্রস্তুতি চলছে। কীভাবে সেই প্রক্রিয়া সম্পন্ন হবে, আগের আইনের কোথায় সংশোধন দরকার হচ্ছে, কাদের বিচার এখানে হতে চলেছে, এসব জানতে চিফ প্রসিকিউটর তাজুল ইসলামের মুখোমুখি হয়েছিল বাংলা ট্রিবিউন। বাংলা ট্রিবিউন:  আইন দিয়ে শুরু করি। ইন্টারন্যাশনাল ক্রাইমস (ট্রাইব্যুনালস) আইন ১৯৭৩, সেটাতে যুদ্ধাপরাধীদের বিচার কার্যক্রম চলছিল। এখন দ্বিতীয় স্তরে পৌঁছালো ট্রাইব্যুনাল। আপনি চিফ প্রসিকিউটর হিসেবে এই আইনের কোনও জায়গায় পরিবর্তনের দরকার আছে বলে মনে করেন কিনা? কোন জায়গায় পরিবর্তন দরকার?                                     											jwARI.fetch( $( ""#ari-image-jw6839d94d775c9"" ) );
            তাজুল ইসলাম: এ বিষয়ে যথেষ্ট সমালোচনা হয়েছে। ট্রাইব্যুনাল যখন আগের সময়ে ফাংশনাল ছিল, সেই সময়ে এই ট্রাইব্যুনালের যে আইনটি আছে, দেশীয় ও আন্তর্জাতিকভাবে সেটার অনেক সমালোচনা হয়েছিল। বিশেষ করে ইন্টারন্যাশনাল বার অ্যাসোসিয়েশন, হিউম্যান রাইটস ওয়াচসহ অনেক মানবাধিকার সংস্থা—তারাও এই আইনের কিছু কিছু জায়গায় সংশোধন দরকার বলে মনে করেছিল। সেরকম আটটি জায়গাকে চিহ্নিত করে এই সরকার যখন সিদ্ধান্ত গ্রহণ করলো যে এই ট্রাইব্যুনালেই জুলাই-আগস্টের যে ম্যাসাকার, ক্রাইমস অ্যাগেইনস্ট হিউম্যানিটি সেটার বিচার করবেন তারা, তখন এই আইনের ব্যাপারে আমরা একটা ওপেন ডিসকাশন আয়োজন করেছিলাম। সেখানে বিভিন্ন অভিজ্ঞ মানুষ, যারা এই বিচার নিয়ে বিভিন্ন সময়ে কাজ করেছেন, কথা বলেছেন, তারা সেখানে মতামত দিয়েছেন। আমরা সেখানে মোটা দাগে আটটি জায়গা প্রস্তাব করেছিলাম। যেমন- অর্গানাইজেশনের বিচার করা যাবে বলে এই আইনে ছিল, কিন্তু সেই বিচারে কী শাস্তি হবে সেটা বলা ছিল না। আমরা সেটার ক্ষেত্রে একটা প্রস্তাব করেছি। ফরেন কাউন্সিলের ব্যাপার ছিল, ক্রাইমস অ্যাগেইনস্ট হিউম্যানিটির যে সংজ্ঞা বা এলিমেন্ট অব ক্রাইমস— যেটা আমরা আগের সময়টাতে বারবার বলেছি যে এখানে ডিফাইন করা ছিল না। সেগুলো আইসিসির যে রোম স্ট্যাটু সেখান থেকে নেওয়া যায় কিনা, সেসব সংস্কারের প্রস্তাব করেছি। তারপর প্রস্তাবের বিষয়ে আলোচনা ওপেন করেছি। বিশেষজ্ঞরা মতামত দিচ্ছেন। সেটা পাওয়ার পরে সার্বিক বিবেচনা করে সরকার এগুলো নেসেসারি অ্যামেন্ডমেন্ট করবেন— যাতে এই বিচারের আইনগত জায়গা নিয়ে কোনও প্রশ্ন তোলার যুক্তিসঙ্গত কারণ না থাকে।  বাংলা ট্রিবিউন: এই আইন সংশোধন প্রক্রিয়ার সঙ্গে ট্রাইব্যুনাল গঠন হওয়া না হওয়ার কোনও কনফ্লিক্ট কি আছে? এই আইন সংশোধনের পরে কি ট্রাইব্যুনাল গঠন হবে? তাজুল ইসলাম: এই আইন সংশোধনের সঙ্গে ট্রাইব্যুনাল গঠনের কোনও সম্পর্ক নেই, কোনও কনফ্লিক্ট নেই। ট্রাইব্যুনাল আগামী দুদিনের মধ্যে গঠন হয়ে যাবে। আশা করছি, আমি, যদিও গত দুই সপ্তাহ ধরেই এটা আমি বলছিলাম। শেষ পর্যন্ত বুধবার (৯ অক্টোবর) যখন বিচারপতি নিয়োগ হয়েছেন, যারা নিয়োগপ্রাপ্ত হয়েছেন, সেখান থেকেই আমরা ট্রাইব্যুনালের বিচারক পাবো বলে আশা করছি। সুতরাং, ট্রাইব্যুনাল আগামী সপ্তাহেই ফাংশনাল হবে বলে আমি দৃঢ়ভাবে আশাবাদী। বাংলা ট্রিবিউন: আগে দুটো ট্রাইব্যুনাল ছিল, পরে একটা বন্ধ করে একটাতেই আনা হয়েছিল। এবার কি একটাই গঠন হবে, নাকি দুটো? তাজুল ইসলাম: শুরুতে একটা ট্রাইব্যুনালই কাজ করবে। পরবর্তী সময়ে মামলার পরিমাণ, কাজের অবস্থা, মামলার সংখ্যা বিবেচনায় যদি মনে হয় যে ট্রাইব্যুনালের সংখ্যা বাড়ানো দরকার, তখন সেটা নিশ্চয়ই সরকার বিবেচনা করবে, তখন আমরাও হয়তো প্রস্তাব রাখবো। তবে শুরুতে একটা ট্রাইব্যুনালই ফাংশনাল হবে বলে মনে করছি।                                     											jwARI.fetch( $( ""#ari-image-jw6839d94d77600"" ) );
            বাংলা ট্রিবিউন: ট্রাইব্যুনালে এখন পর্যন্ত ৫০ থেকে ৫৫টি অভিযোগ দাখিল হয়েছে—সাবেক প্রধানমন্ত্রী শেখ হাসিনাসহ অন্যদের বিরুদ্ধে। পাঠকদের জানার আগ্রহ থেকে বলছি, এই যে ৫০-৫৫টি মামলা, এগুলো পরবর্তী সময়ে কীভাবে প্রক্রিয়াধীন হবে? তাজুল ইসলাম: মানুষ ৫০টা অভিযোগ দিয়েছে। ধরুন, অভিযোগ ৫০ বা একশ’-দুইশ’ যাই হোক। চিন্তা করবো ক্রাইম সিন বেইজড। ধরুন, যাত্রাবাড়ি এলাকায় দুই কিলোমিটার এলাকাজুড়ে দুইশ’ লোক বা চারশ’ লোক মারা গিয়েছে। আমরা এটাকে ক্রাইম সিন বেইজ ধরে চিন্তা করছি। তদন্তটা সেভাবে করলে সহজ হবে। এখানে ঘটনার বর্ণনা, পারপিট্রেটর, ভিকটিম, সাক্ষী, এগুলো পেতে সুবিধা হবে। সে হিসেবে যাত্রাবাড়িতে ২শ’ বা ৪শ’ মানুষ মারা গেছে, ৫ হাজার মানুষ যদি আহত হয়ে থাকে, তারা ৫ হাজার মামলাই করতে পারবেন আমাদের কাছে এসে। এগুলোসহ সব আমরা একসঙ্গে করে একটা অভিযোগ আকারে কোর্টের কাছে নিয়ে আসবো। এটা আমাদের আপাতত ভাবনা। সুতরাং, যেহেতু ভিকটিম হাজার হাজার, প্রত্যেকেই অভিযোগ নিয়ে আসতে পারেন। কিন্তু প্রত্যেকটার জন্য আলাদা মামলা হবে না। সব সমন্বিত করে বিচারের মতো উপযোগী করে সেভাবে আমরা ট্রাইব্যুনালের কাছে প্লেস করবো বলে চিন্তা করছি। বাংলা ট্রিবিউন: আপনি সদ্য চিফ প্রসিকিউটর হিসেবে নিয়োগ পেয়েছেন। কিন্তু ট্রাইব্যুনালের সঙ্গে আপনার যোগাযোগ অনেক দিনের। এর আগে আপনি আসামিপক্ষের প্রধান আইনজীবীদের একজন ছিলেন। এই যে গত সময়ের প্রায় ৩০টির মতো মামলা থেকে গেছে বলে জানা গেলো, সেগুলোর কী হবে? তাজুল ইসলাম: ট্রাইব্যুনালের সঙ্গে যোগাযোগ বলতে এই ট্রাইব্যুনালের গঠন যখন শুরু হয় ২০১০ সালে, তখন আমি ডিফেন্স সাইডের আইনজীবী হিসেবে কাজ করেছি, ২০১৪ সাল পর্যন্ত। তারপরে এখানে আমি আর কোনও কাজ করিনি। আমার যোগাযোগ ছিল কিন্তু যোগসাজশ নেই, এটা বলতে পারি। এখন আগের যে মামলা রয়েছে, যতটা আমি জানতে পেরেছি যে প্রায় ২৯টি মামলা আছে, এগুলো আমরা এখন পর্যালোচনা করবো, পর্যালোচনা করে দেখবো যে কোন মামলাগুলো আছে। আমরা যেটা জেনেছি, অনেক বেশি নিরীহ ও সাধারণ মানুষ তাদেরকে…  ট্রাইব্যুনালকে বাঁচিয়ে রাখার স্বার্থে মামলাগুলো চালু রাখা হয়েছিল। এগুলো পর্যালোচনা করে প্রয়োজনীয় পদক্ষেপ নিতে চাই। যেসব নির্দোষ মানুষ আছে, আমরা যদি দেখি এগুলো মামলা চলার মতো না, তাহলে কোর্টে আমরা আবেদন করবো একটা বিচারিক প্রক্রিয়ার মধ্য দিয়ে এদের যেন ছেড়ে দেওয়া হয়, জামিনের মতো হলে যেন জামিন দেওয়া হয়। এভাবে এই বিষয়গুলো নিষ্পত্তি করতে চাই। বাংলা ট্রিবিউন: ট্রাইব্যুনাল বাঁচিয়ে রাখা হয়েছিল বলছেন আপনি। এই ট্রাইব্যুনাল যদি যুদ্ধাপরাধীদের বিচার সম্পন্ন করা হয়েছে বলে শেষ করা হতো— সেটা করা সম্ভব হলো না কেন? তাজুল ইসলাম: এটা বিগত সরকারের ব্যাপার। সেজন্য বলেছি যে তাদের কোনও বিশেষ স্বার্থ হাসিলের জন্য হয়তো বাঁচিয়ে রেখেছিলেন। যেটা এখন নিয়তি যে শেষ পর্যন্ত সেই ট্রাইব্যুনালে তাদের বিচারের জন্য আমাদের আসতে হচ্ছে। ট্রাইব্যুনাল যদি বিলুপ্ত হয়ে যেতো তাহলে হয়তো বিকল্প পন্থা এ সরকারকে চিন্তা করতে হতো। এই মুহূর্তে যেহেতু ক্রাইমস অ্যাগেইনস্ট হিউম্যানিটি নিয়ে কাজ, সেটা যেহেতু এই ট্রাইব্যুনাল ও এই আইনের অধীনে পড়ছে, সুতরাং এখানেই কিছু একটা করবো বলে আমরা মনে করছি।                                     											jwARI.fetch( $( ""#ari-image-jw6839d94d7763a"" ) );
            বাংলা ট্রিবিউন: আমরা এতক্ষণ কথা বললাম যে মামলাগুলোর কাজ বাকি আছে, এখন সেগুলো নিয়ে কথা বলতে চাই, যে মামলাগুলোর সাজা কার্যকর হয়ে গেছে। আপনারা যেগুলোকে মনে করেন কোনও একটা উদ্দেশ্য থেকে করা হয়েছে, সেগুলোর ক্ষেত্রে আইনিভাবে কিছু করণীয় আছে কিনা, কোনও পরিকল্পনা আছে কিনা? তাজুল ইসলাম: না, সেগুলো নিয়ে আমাদের কোনও পরিকল্পনা নেই। কারণ সুপ্রিম কোর্টের মাধ্যমে যদি এগুলো শেষ হয়ে থাকে, সেই বিচার নিয়ে যে প্রশ্নগুলো ছিল—সেগুলো ভিকটিমদের পরিবার, তারা যদি সে ব্যাপারে যথাযথ আইনগত পদক্ষেপ নিতে চান, তারা সেটা করবেন। এটা তাদের ওপর আমরা ছেড়ে দিচ্ছি। ট্রাইব্যুনালের প্রসিকিউটর হিসেবে আমি মনে করি, এটা আমার ক্ষমতার বাইরে চলে গেছে। সুতরাং, এগুলো নিয়ে আমি কিছু ভাবছি না। যদি ভিকটিমদের পরিবার ভাবে বা রাষ্ট্র বা সরকার ভাবে, সেটা আলাদা ব্যাপার। বাংলা ট্রিবিউন: এই যে প্রক্রিয়াটা শুরু করলেন, এটা এখন দৃশ্যমান কি দেখতে পান? আগামী সময়ের প্রক্রিয়াগুলো কী হবে? তাজুল ইসলাম: এখন যেটা হবে, ট্রাইব্যুনাল বসা মাত্রই আমাদের যেহেতু তদন্ত সংস্থা এবং প্রসিকিউশন দুটোই কার্যকর আছে এবং তারা কাজ করছে দিনরাত, আমরা খুব দ্রুত অন্তত প্রধান প্রধান যে ঘটনাগুলো, সেগুলোর ব্যাপারে তদন্ত রিপোর্ট জমা দিয়ে আনুষ্ঠানিক বিচার প্রক্রিয়া শুরু করতে চাই। আমরা ব্যাপকভাবে জুলাই- আগস্টের মানবতাবিরোধী যে অপরাধ বাংলাদেশজুড়ে হয়েছে, ৫৬ হাজার বর্গমাইলের প্রায় সব জায়গায় হয়েছে, কিন্তু সবাইকে বিচারের আওতায় আনাটা খুবই অবাস্তব একটা ব্যাপার হবে। যদিও তাদের বিচারের আওতায় আনা উচিত। কিন্তু আমরা চাইবো যাদের কারণে এটা হয়েছে, যাকে কেন্দ্র করে হয়েছে, যাদের পরিকল্পনা ও নির্দেশে এটা হয়েছে—সেসব জায়গা থেকেই কেবল আমরা চাইবো, এই প্রধান ব্যক্তিদের বিচারটাই আগে হোক। এ কারণেই আমি চাইবো এই বিচারটা শুধু যারা প্রধান ব্যক্তি আছেন, তাদের সামনে রেখে মূলত শুরু করতে। বাংলা ট্রিবিউন: কিন্তু প্রধান যাদের কথা বলা হচ্ছে এই অভিযোগগুলোতে এবং প্রত্যেকটা অভিযোগেই প্রধান হিসেবে সাবেক প্রধানমন্ত্রী শেখ হাসিনার নাম উল্লেখ আছে, আমি অন্তত যে কয়টা দেখেছি, তাদের অনেকেই দেশের বাইরে চলে গেছেন, সেক্ষেত্রে কী করণীয়। তাজুল ইসলাম: বাইরে যারা চলে গেছে, কিন্তু যাদের বিরুদ্ধে মানবতাবিরোধী অপরাধ সংঘটনের অভিযোগ আসছে, বা আসবে তাদের ব্যাপারে আমাদের আইনে গ্রেফতার করার চেষ্টা করবো। বাংলাদেশের আইন অনুসারে বাংলাদেশের সীমানার মধ্যে যেখানেই তাদের পাওয়া যাবে গ্রেফতার করা যাবে। কেউ যদি জুরিকডিকশনের বাইরে চলে যান, তবে বাংলাদেশের সঙ্গে বিভিন্ন রাষ্ট্রের অপরাধীর বহিঃসমর্পণ চুক্তি বলে একটা জিনিস আছে। যেসব রাষ্ট্রের সঙ্গে আমাদের এই চুক্তি আছে, বাংলাদেশ সরকার সেই রাষ্ট্রকে সুনির্দিষ্টভাবে এসব অভিযুক্তকে ফেরত আনতে চাইতে পারে, ইন্টারপোলের মাধ্যমে। এটা তখনই সম্ভব যদি আসামিরা এমন রাষ্ট্রে যায়, যাদের সঙ্গে আমাদের চুক্তিটা আছে। সেখানে থেকে ফেরত আনা সম্ভব। আর ফেরত যদি নাও আনা যায়, বাংলাদেশের আইনে আপনি জানেন, বাংলাদেশের সাধারণ আইনে এবং আন্তর্জাতিক অপরাধ (ট্রাইব্যুনালস) আইনেও তাদের অনুপস্থিতিতে বিচারে কোনও বাধা নেই, সেই সুযোগ আছে। সেক্ষেত্রে অনুপস্থিতিতেও বিচার হতে পারে।                                     											jwARI.fetch( $( ""#ari-image-jw6839d94d7765f"" ) );
            বাংলা ট্রিবিউন: কিন্তু এই যে বললেন, নিয়ে আসার যে প্রক্রিয়া, আমরা এর আগেও দেখেছি, অনেক আসামিকে নিয়ে আসা সম্ভব হয়নি। কেননা, কোনও আইনে ফাঁসি হতে পারে—এটা জানলে সেই দেশগুলো আশ্রিত আসামিদের ফেরত পাঠাতে চায় না। এটার ক্ষেত্রে আমরা যেতে পারি কিনা যে আইনে সর্বোচ্চ দণ্ড ফাঁসি থাকবে না। ওই জায়গায় পৌঁছালে হয়তো কাজটা সহজ হয়। সেটার বিষয়ে আপনার কোনও মন্তব্য আছে কিনা। তাজুল ইসলাম: এই বিষয়ে বিতর্ক আছে। এই বিষয় নিয়ে আমার ব্যক্তিগত যে ভাবনা, বাংলাদেশের সাধারণ আইনে যেখানে মৃত্যুদণ্ড আছে, সেখানে ক্রাইমস অ্যাগেইনস্ট হিউম্যানিটি নিয়ে কথা হচ্ছে, যেটাকে ক্রাইম অব দ্য ক্রাইমস বলা হয়। সেখানে যদি মৃত্যুদণ্ড না রাখেন, সেটা বাংলাদেশের কোনও মানুষের কাছে, ভিকটিম পরিবার বলেন, এই আর্থসামাজিক প্রেক্ষাপটে এটা গ্রহণযোগ্য হবে না। যেসব দেশ মৃত্যুদণ্ড বিলোপ করেছে সেটা ধরেন ইউরোপ অথবা কানাডার মতো দেশ, তাদের যে সামাজিক অবস্থা, তার সঙ্গে বাংলাদেশের সামাজিক অবস্থা মেলালে চলবে না। এবং সেই পর্যায়ে বাংলাদেশ যায়নি।  সুতরাং, এই সমস্যা থাকবে যে ওইরকম কোনও দেশে যদি কোনও আসামি চলে যায়, মৃত্যুদণ্ড যেহেতু আইনে আছে, সে কারণে তাদের ফেরত আনাটা কঠিন হতে পারে। কিন্তু সেই কারণে বাংলাদেশ থেকে মৃত্যুদণ্ড অ্যাবুলিশ করা, বাংলাদেশ এখনও এ পর্যায়ে গিয়েছে বলে আমার মনে হয় না। বা আমি মনে করছি না। এগুলো চ্যালেঞ্জেস আছে। এখন দায়টা ছিল বাংলাদেশ সরকারের বিভিন্ন বাহিনীর যারা ছিলেন, যারা এই অপরাধীদের বাইরে চলে যেতে বা যাওয়ার ব্যাপারে নানাভাবে সহযোগিতা করেছেন, তারা আসলে দায়ী হবেন। কারণ এরা বাংলাদেশে ছিল। কে তাদের যাওয়ার সুযোগ করে দিচ্ছে। এটা আমরা তদন্তের মধ্য দিয়ে দেখবো নিশ্চয়ই। আমাদের কাজটা হচ্ছে বিচারটা করা। এখন বাংলাদেশ থেকে যদি কেউ আসামিদের পালিয়ে যেতে সাহায্য করে, তো পালিয়ে যেতে দেওয়ার জন্য হয়তো আমি তাকে ধরতে পারি। কিন্তু তাকে ওই রাষ্ট্র থেকে আনার জন্য ট্রাইব্যুনালের প্রসিকিউশনের পক্ষ থেকে আমার খুব বেশি কিছু করার নেই—বহিঃসমর্পণ চুক্তির আশ্রয় নেওয়া ছাড়া। সুতরাং, আমরা আইন অনুযায়ী যতটুকু করার ক্ষমতা ও সুযোগ থাকবে সেটার চূড়ান্ত সদ্ব্যবহার করার চেষ্টা করবো। আর বাকিটা আমার হাতে নেই। বাংলা ট্রিবিউন: এই ট্রাইব্যুনাল শুধু জুলাই গণহত্যার বিচার করবে, নাকি মানবতাবিরোধী অপরাধ হয়েছে মনে করলে—যে কেউ এসে সেই অভিযোগটা করতে পারবে। যেমন ধরুন, আয়নাঘরের কথা বলা হচ্ছে, সেই অভিযোগগুলো এখানে বিচারের আওতায় আসবে কি? তাজুল ইসলাম: যেহেতু এই আইনে বাংলাদেশের অভ্যন্তরে সংঘটিত সব মানবতাবিরোধী অপরাধের বিচার এখানে করা যাবে এবং এখানে এই অভিযোগ আসতেই পারে। ইতোমধ্যে এসেছে। গুমের ঘটনা ও আয়নাঘরের ঘটনার বেশ কয়েকটি অভিযোগ এসেছে, বুধবারেও এসেছে। আমরা প্রায়োরিটি দিচ্ছি জুলাই-আগস্টের গণহত্যার ঘটনাকে এবং সেকেন্ড প্রায়োরিটি হিসেবে গুমের বিষয়টিকে নিয়ে আসতে চাই। যেহেতু এটা পলিটিক্যাল পারসিকিউশন, গণহত্যার সঙ্গে ধারাবাহিক একটা প্রক্রিয়ার মতোই আমরা মনে করছি। সুতরাং, সেটার ব্যাপারেও আমাদের তদন্ত চলছে। আমরা আশা করি এটারও বিচার করা যাবে। এটা নির্ভর করবে পরবর্তী সময়ে আমরা কতটুকু প্রগ্রেস করতে পারছি সেটার ওপরে। বাংলা ট্রিবিউন: শেষ প্রশ্ন, কবে থেকে পুরো প্রক্রিয়াটা শুরু হবে বলে আশা করছেন? তাজুল ইসলাম: এই ট্রাইব্যুনালের বিচারক নিয়োগ আগামী সপ্তাহে হবে। আগামী সপ্তাহে নিয়োগ এবং আগামী সপ্তাহেই ট্রাইব্যুনালের প্রথম অধিবেশন বসবে বলে আমরা দৃঢ়ভাবে আশা করি। সুতরাং, এটা বলতে পারি আগামী সপ্তাহ থেকে ট্রাইব্যুনাল কার্যক্রম আনুষ্ঠানিকভাবে শুরু হয়ে যাবে। যদিও অনানুষ্ঠানিকভাবে আমাদের তদন্ত সংস্থা এবং প্রসিকিউশনের কাজ চলছে। বাকিটা ইনশাআল্লাহ, সামনের দিনে আপনারা দেখতে পাবেন এর অগ্রগতি। বাংলা ট্রিবিউন: আপনাকে ধন্যবাদ। তাজুল ইসলাম: আপনাদেরও ধন্যবাদ। ছবি: সাজ্জাদ হোসেন",2024-10-11T19:00:00+06:00
https://www.banglatribune.com///www.banglatribune.com/video/877312/%E0%A6%AE%E0%A6%BF%E0%A6%B0%E0%A6%AA%E0%A7%81%E0%A6%B0-%E0%A6%AC%E0%A7%81%E0%A6%A6%E0%A7%8D%E0%A6%A7%E0%A6%BF%E0%A6%9C%E0%A7%80%E0%A6%AC%E0%A7%80-%E0%A6%B8%E0%A7%8D%E0%A6%AE%E0%A7%83%E0%A6%A4%E0%A6%BF%E0%A6%B8%E0%A7%8C%E0%A6%A7%E0%A7%87-%E0%A6%B6%E0%A7%8D%E0%A6%B0%E0%A6%A6%E0%A7%8D%E0%A6%A7%E0%A6%BE-%E0%A6%A8%E0%A6%BF%E0%A6%AC%E0%A7%87%E0%A6%A6%E0%A6%A8%E0%A7%87%E0%A6%B0-%E0%A6%AA%E0%A6%B0,মিরপুর বুদ্ধিজীবী স্মৃতিসৌধে শ্রদ্ধা নিবেদনের পর নির্বাচন নিয়ে যা বললেন মির্জা ফখরুল,,2024-12-14T13:00:00+06:00
https://www.banglatribune.com///www.banglatribune.com/video/877310/%E0%A6%AE%E0%A6%BF%E0%A6%B0%E0%A6%AA%E0%A7%81%E0%A6%B0-%E0%A6%AC%E0%A7%81%E0%A6%A6%E0%A7%8D%E0%A6%A7%E0%A6%BF%E0%A6%9C%E0%A7%80%E0%A6%AC%E0%A7%80-%E0%A6%B8%E0%A7%8D%E0%A6%AE%E0%A7%83%E0%A6%A4%E0%A6%BF%E0%A6%B8%E0%A7%8C%E0%A6%A7%E0%A7%87-%E0%A6%B8%E0%A6%B0%E0%A7%8D%E0%A6%AC%E0%A6%B8%E0%A7%8D%E0%A6%A4%E0%A6%B0%E0%A7%87%E0%A6%B0-%E0%A6%AE%E0%A6%BE%E0%A6%A8%E0%A7%81%E0%A6%B7%E0%A7%87%E0%A6%B0,মিরপুর বুদ্ধিজীবী স্মৃতিসৌধে সর্বস্তরের মানুষের শ্রদ্ধাঞ্জলি,,2024-12-14T12:35:00+06:00
https://www.banglatribune.com///www.banglatribune.com/video/877311/%E0%A6%B0%E0%A6%BE%E0%A7%9F%E0%A7%87%E0%A6%B0%E0%A6%AC%E0%A6%BE%E0%A6%9C%E0%A6%BE%E0%A6%B0-%E0%A6%AC%E0%A6%A7%E0%A7%8D%E0%A6%AF%E0%A6%AD%E0%A7%82%E0%A6%AE%E0%A6%BF-%E0%A6%B8%E0%A7%8D%E0%A6%AE%E0%A7%83%E0%A6%A4%E0%A6%BF%E0%A6%B8%E0%A7%8C%E0%A6%A7%E0%A7%87-%E0%A6%B6%E0%A6%B9%E0%A7%80%E0%A6%A6%E0%A6%A6%E0%A7%87%E0%A6%B0-%E0%A6%B8%E0%A7%8D%E0%A6%AE%E0%A6%B0%E0%A6%A3%E0%A7%87,রায়েরবাজার বধ্যভূমি স্মৃতিসৌধে শহীদদের স্মরণে পুষ্পস্তবক অর্পণ,,2024-12-14T11:15:00+06:00
https://www.banglatribune.com///www.banglatribune.com/video/877309/%E0%A6%89%E0%A6%AA%E0%A6%A6%E0%A7%87%E0%A6%B7%E0%A7%8D%E0%A6%9F%E0%A6%BE%E0%A6%B0-%E0%A6%9A%E0%A7%87%E0%A7%9F%E0%A7%87-%E0%A6%AB%E0%A6%BE%E0%A6%B0%E0%A7%81%E0%A6%95%E0%A7%80%E0%A6%B0-%E0%A6%AA%E0%A6%B0%E0%A6%BF%E0%A6%9A%E0%A6%BE%E0%A6%B2%E0%A6%95-%E0%A6%AA%E0%A6%B0%E0%A6%BF%E0%A6%9A%E0%A7%9F%E0%A6%9F%E0%A6%BE%E0%A6%87-%E0%A6%AE%E0%A7%81%E0%A6%96%E0%A7%8D%E0%A6%AF,উপদেষ্টার চেয়ে ফারুকীর পরিচালক পরিচয়টাই মুখ্য: তিশা,,2024-12-13T23:14:00+06:00
https://www.banglatribune.com///www.banglatribune.com/video/877308/%E0%A6%87%E0%A6%89%E0%A6%9F%E0%A6%BF%E0%A6%89%E0%A6%AC-%E0%A6%A6%E0%A7%87%E0%A6%96%E0%A7%87-%E0%A6%AE%E0%A6%BF%E0%A6%B8%E0%A6%B0%E0%A7%80%E0%A7%9F-%E0%A6%9C%E0%A6%BE%E0%A6%A4%E0%A7%87%E0%A6%B0-%E0%A6%B9%E0%A6%B2%E0%A7%81%E0%A6%A6-%E0%A6%AE%E0%A6%BE%E0%A6%B2%E0%A7%8D%E0%A6%9F%E0%A6%BE-%E0%A6%9A%E0%A6%BE%E0%A6%B7-%E0%A6%AA%E0%A7%8D%E0%A6%B0%E0%A6%A4%E0%A6%BF%E0%A6%A6%E0%A6%BF%E0%A6%A8,"ইউটিউব দেখে মিসরীয় জাতের হলুদ মাল্টা চাষ, প্রতিদিন লাখ টাকার বেশি বিক্রি",,2024-12-13T22:39:00+06:00
https://www.banglatribune.com///www.banglatribune.com/video/877307/%E0%A6%AC%E0%A7%80%E0%A6%9C-%E0%A6%86%E0%A6%B2%E0%A7%81%E0%A6%B0-%E0%A6%86%E0%A6%95%E0%A6%BE%E0%A6%B6%E0%A6%9B%E0%A7%8B%E0%A6%81%E0%A7%9F%E0%A6%BE-%E0%A6%A6%E0%A6%BE%E0%A6%AE%E0%A7%87-%E0%A6%A6%E0%A7%81%E0%A6%B6%E0%A7%8D%E0%A6%9A%E0%A6%BF%E0%A6%A8%E0%A7%8D%E0%A6%A4%E0%A6%BE%E0%A7%9F-%E0%A6%95%E0%A7%83%E0%A6%B7%E0%A6%95%E0%A6%B0%E0%A6%BE-%E0%A6%86%E0%A6%B2%E0%A7%81%E0%A6%B0,"বীজ আলুর আকাশছোঁয়া দামে দুশ্চিন্তায় কৃষকরা, আলুর বাজারে লাগবে আগুন!",,2024-12-13T22:15:00+06:00
